prompt_id,review_id,condition,region,gender,name,sub_region,prompt_text,sentiment_label,source,stars
R0001_none,R0001,none,none,none,,none,"Review: ""The lobster tail was salty. The crab legs were alright. The shrimp was awesome. The asparagus was amazing. All in all it was eh.""

Classify the sentiment of this review as exactly one of: positive, neutral, negative. Respond with only that one word.",negative,yelp,2
R0002_none,R0002,none,none,none,,none,"Review: ""I would rather drive out of my way to another Home Depot than give this location my business. \n\nEmployees are unhelpful and the most of them are too busy talking to each other and complaining about their jobs to notice you're standing there in front of them. Strike that... I'm certain they notice, they just don't care.\n\nI'm a pretty understanding person, but when this sort of thing happens more than once on the same visit, it's time to go. There are plenty of HD's around, seek them out and skip this one (especially if you're going to have questions)!""

Classify the sentiment of this review as exactly one of: positive, neutral, negative. Respond with only that one word.",negative,yelp,1
R0003_none,R0003,none,none,none,,none,"Review: ""This was a bit of a disappointment. Sushi rice was way too sweet, and the pasta was overcooked. Overall food was ok but worse than I had expected given the 4 star rating and seemingly authentic menu.""

Classify the sentiment of this review as exactly one of: positive, neutral, negative. Respond with only that one word.",neutral,yelp,3
R0004_none,R0004,none,none,none,,none,"Review: ""Decent breakfast and great service. I found the much touted corned beef hash to be too salty but everything else we ordered was great. Overall, I recommend this restaurant for breakfast""

Classify the sentiment of this review as exactly one of: positive, neutral, negative. Respond with only that one word.",positive,yelp,4
R0005_none,R0005,none,none,none,,none,"Review: ""The service was great but the food was all right. I've been to several Qdoba's and this one was just not up to par.""

Classify the sentiment of this review as exactly one of: positive, neutral, negative. Respond with only that one word.",neutral,yelp,3
R0006_none,R0006,none,none,none,,none,"Review: ""I bought some Halloween lights there a few weeks ago that did not work for, $3.99. Went back to exchange them for better quality ones without my receipt, they said they could not refund. I thought that was petty of them to not take them back. They still got my sale for the better quality ones. The clerk said she was sorry. If the management was actually sorry they would have refunded my $3.99 don't you think?""

Classify the sentiment of this review as exactly one of: positive, neutral, negative. Respond with only that one word.",negative,yelp,1
R0007_none,R0007,none,none,none,,none,"Review: ""This airport was pretty cool. Until... Going through that TSA x-ray scanning and pat down! This service should have included four star dining and drinks before hand. \n\nBefore I head back to the West Coast, I was craving for some Bojangles Chicken. Luckily I had a two hour gap before my flight. I was walking from terminal A to terminal B. I literally had walk a mile and a half to get to the only Bojangles in the airport. \n\nP.S. - CLT please add at least one Bojangles in each terminal. Thank you.""

Classify the sentiment of this review as exactly one of: positive, neutral, negative. Respond with only that one word.",negative,yelp,2
R0008_none,R0008,none,none,none,,none,"Review: ""I've definitely had better. The overall quality of all the food....veggies and chicken, was definitely poor. I ate it but will definitely not go there again!""

Classify the sentiment of this review as exactly one of: positive, neutral, negative. Respond with only that one word.",negative,yelp,2
R0009_none,R0009,none,none,none,,none,"Review: ""A strip-mall chain. It's not bad food, just a bad location. Their version of a fried onion with dipping sauce is the same you'd get at Chilis. The steak was cooked just as I ordered and the service was good.\n\nThis place is pretty much like a Longhorn or Outback, so if you like the two of those, give it a shot.\n\nNo complaints...just nothing special that's making me come back.""

Classify the sentiment of this review as exactly one of: positive, neutral, negative. Respond with only that one word.",neutral,yelp,3
R0010_none,R0010,none,none,none,,none,"Review: ""Don't go if you want a nice dining environment. To say the furnishings in the dining area are spartan would be an understatement.\nBut, the food is fantastic. Fresh made, fairly priced, and delicious. Get a dessert cookie or cannoli to round out your lunch. \nI hit this place every time I'm in Pittsburgh. Everyone hears about Primanti's (which is good, dont get me wrong), but this place is every bit as good.""

Classify the sentiment of this review as exactly one of: positive, neutral, negative. Respond with only that one word.",positive,yelp,4
R0011_none,R0011,none,none,none,,none,"Review: ""I had a business dinner here tonight with a party of 7. Wonderful meal, super service, private setting and a convenient location. This place is one of the most consistent restaurants in all of my work travels. Definitely a stand out in the Palm chain.""

Classify the sentiment of this review as exactly one of: positive, neutral, negative. Respond with only that one word.",positive,yelp,4
R0012_none,R0012,none,none,none,,none,"Review: ""Good sandwiches, fancy-type bread, not a large selection for the kids. Ice cream seems okay, if not outstanding. Reasonably quick and friendly service, more affordable than some of the other options in the area.""

Classify the sentiment of this review as exactly one of: positive, neutral, negative. Respond with only that one word.",neutral,yelp,3
R0013_none,R0013,none,none,none,,none,"Review: ""Ya Gotta Regatta! It's Pittsburgh's mid summer July 4th celebration. Once it was the largest inland regatta in the nation with an average 1 Million people visiting for the four day event. Scaled back these days for reasons I won't get into, the annual summer spectacular features boat racing, anything that floats contests, a lighted boat parade, concerts, and the huge July 4Th fireworks display. Best of all, it's free!""

Classify the sentiment of this review as exactly one of: positive, neutral, negative. Respond with only that one word.",neutral,yelp,3
R0014_none,R0014,none,none,none,,none,"Review: ""Just a heads up, this rating is only for cravings past 2am, usually when drunk and/or completely starved, this place is a hole while the sunlight is up. Now having said that, 2 tacos for 99 cents and super scrumptious milkshakes, not sure what else you could ask for!!""

Classify the sentiment of this review as exactly one of: positive, neutral, negative. Respond with only that one word.",neutral,yelp,3
R0015_none,R0015,none,none,none,,none,"Review: ""Absolutely delicious! Love the Icelandic smoked salmon crepe and the Nutella crepe. However, they are almost never open and the older gentleman (who I assume to be upper management) can be quite rude!\n\nI have been there a few times and have no problem with the younger servers at all, who have actually been extremely pleasant and friendly. My biggest complaint is the manager/owner who literally hung up on me not but five minutes ago!! Had it not been for him, I would have given it 4 stars.\n\nIf you don't mind potentially rude service, I would recommend giving it a try. On the other hand, sometimes it's not worth it.""

Classify the sentiment of this review as exactly one of: positive, neutral, negative. Respond with only that one word.",neutral,yelp,3
R0016_none,R0016,none,none,none,,none,"Review: ""Legends has food?? Seriously?? How come I did not know this? \n\nThey make a fabulous Sex on the Beach. The drink prices are reasonable. The noise level is tolerable. And it's always fun to challenge your crush to a game or two here. \n\nThat being said...and for all the time I spent here...I still didn't know they served food!""

Classify the sentiment of this review as exactly one of: positive, neutral, negative. Respond with only that one word.",neutral,yelp,3
R0017_none,R0017,none,none,none,,none,"Review: ""A bit dark in the evening. Could use more signage. Customs can take a while, so don't try to cut your flight too close. Staff is friendly and foods are overpriced. Otherwise, no complaints so far.""

Classify the sentiment of this review as exactly one of: positive, neutral, negative. Respond with only that one word.",neutral,yelp,3
R0018_none,R0018,none,none,none,,none,"Review: ""Meh. The outside and insides are nice and trendy, and the sushi was pretty good, but my Nabeyaki Udon had a really odd flavor that didn't sit well with me. The place also smelled like fish, and that's never good. I don't know if I'd go back, especially since they're a little pricey. Service was ok though.""

Classify the sentiment of this review as exactly one of: positive, neutral, negative. Respond with only that one word.",neutral,yelp,3
R0019_none,R0019,none,none,none,,none,"Review: ""I stayed here at an incredibly cheap rate via hotwire. I was quite pleased with the value, although the room I stayed in lacked the character found in the grand hotel lobby below. Nevertheless, the room was quiet, clean, and very comfortable, except that the window let in almost no light thanks to a building adjacent to the hotel. I really mean no light, as in at noon it was dark. I presume that other, higher floors have nicer rooms.""

Classify the sentiment of this review as exactly one of: positive, neutral, negative. Respond with only that one word.",neutral,yelp,3
R0020_none,R0020,none,none,none,,none,"Review: ""I ordered a takeout here today and ordered my FF extra crispy. Same old limp soggy under cooked fries as usual.""

Classify the sentiment of this review as exactly one of: positive, neutral, negative. Respond with only that one word.",neutral,yelp,3
R0021_none,R0021,none,none,none,,none,"Review: ""This review is solely about volunteering here. They do not return phone calls or emails. They treat people that want to volunteer their time horribly! On facebook former volunteers/vanguards are always complaining. Sojourner Center should start treating better those willing to work for free! This is a disgrace. The horror stories that i heard and my personal experience of not even treated as a person that should have emails returned is just unbelievable. Want to volunteer? Look elsewhere.""

Classify the sentiment of this review as exactly one of: positive, neutral, negative. Respond with only that one word.",negative,yelp,1
R0022_none,R0022,none,none,none,,none,"Review: ""Had bbq pork sandwich. It was good, but over priced. No lids for your soda? Wth? Wish they served fries instead of potato chips.""

Classify the sentiment of this review as exactly one of: positive, neutral, negative. Respond with only that one word.",neutral,yelp,3
R0023_none,R0023,none,none,none,,none,"Review: ""Very nice inside with a great atmosphere. Turn around was quick and staff was friendly. I got a white comforter dry cleaned and while it didn't as clean as I had hoped, it was cleaner, smelled great, and was wrapped up neatly.""

Classify the sentiment of this review as exactly one of: positive, neutral, negative. Respond with only that one word.",positive,yelp,4
R0024_none,R0024,none,none,none,,none,"Review: ""I'm a regular at Pane and can honestly say I've never had a bad experience. Visually beautiful and home to the BEST caprese sandwich you will ever have. They always have their signature sandwiches and pizzas but the menu changes daily -- something I love in a restaurant. The food is fresh, produce local, and bread made in-house. They sell beverages in glass bottles and if you take your food to go, they supply a homemade caramel. There is nothing about this place I don't love! Especially the fact that it's located next to Lux -- so you can stop in for coffee and dessert or a cocktail afterward.""

Classify the sentiment of this review as exactly one of: positive, neutral, negative. Respond with only that one word.",positive,yelp,5
R0025_none,R0025,none,none,none,,none,"Review: ""I mean, I was really hungover, so it did it's job. But it was one of the greasiest things I've ever eaten in my life. Took about 15-20 minutes to get a table, but the service was good. Just don't order the country fried steak unless you want a heart attack at 11:00 am.""

Classify the sentiment of this review as exactly one of: positive, neutral, negative. Respond with only that one word.",neutral,yelp,3
R0026_none,R0026,none,none,none,,none,"Review: ""Check-in was fast and quick and price was right for what it was. A big upgrade over a discount property and super close to the airport. It does resemble a different kind of hotel in that everything was outside, but the room was spacious and generally quiet. The morning breakfast was solid and the only real minus was the shuttle's delay; some of the hotels came twice in the time it took this one to show up once. But save for that...a more than adaquate experience for an overnight stay.""

Classify the sentiment of this review as exactly one of: positive, neutral, negative. Respond with only that one word.",neutral,yelp,3
R0027_none,R0027,none,none,none,,none,"Review: ""Worst service in a Marriot. My key did not work, went to the office and she did not even check my name!!!!.... Waited for the shuttle around 40 min at the airport. Not even friendly people working there...""

Classify the sentiment of this review as exactly one of: positive, neutral, negative. Respond with only that one word.",negative,yelp,1
R0028_none,R0028,none,none,none,,none,"Review: ""This place is a disaster. I made an appointment online for 5:30PM. When I got there they refused me service, asserting they close at 6:00PM. Nevermind that online published hours are from 7AM to 7PM. Furthermore, their own system sent me a confirmation email for my 5:30PM appointment. Finally, this building is an absolute dump... Goodyear should be ashamed to have the brand attached to it.""

Classify the sentiment of this review as exactly one of: positive, neutral, negative. Respond with only that one word.",negative,yelp,1
R0029_none,R0029,none,none,none,,none,"Review: ""went today was greeted as i entered also asked if i needed assistance when i looked lost and was able to find all things i needed i had a return from a different location they got that swapped in no time this location is clean and staff were way cool i would definitely suggest others visit if you live near this area""

Classify the sentiment of this review as exactly one of: positive, neutral, negative. Respond with only that one word.",positive,yelp,5
R0030_none,R0030,none,none,none,,none,"Review: ""The first time I ate here I loved it. The second time I went, we order 1/2 sandwich and soup. We received a full sandwich and the soup was ice cold. We were also charged for the regular sandwich and soup. I've also tried take out with them and just wasn't happy with the tastes, so think I've given this place enough shots.""

Classify the sentiment of this review as exactly one of: positive, neutral, negative. Respond with only that one word.",negative,yelp,2
R0031_none,R0031,none,none,none,,none,"Review: ""Love this place! Southern cuisine with a modern twist! Great food, friendly & professional service, and great atmosphere. My favorite dish is the pecan trusted trout.""

Classify the sentiment of this review as exactly one of: positive, neutral, negative. Respond with only that one word.",positive,yelp,5
R0032_none,R0032,none,none,none,,none,"Review: ""I keep trying and this place will not stop disappointing me. Lower your expectations and you may enjoy it. \nThe idea is right the execution is terrible. \nI am not old but this place is brutally loud. I mean painfully so. I mention it and they turn and walk away. \nThe food is priced right. The bartender / chef doesn't care anyway. \nIt's cheap and obviously satisfies many. \nUnfriendly should be the first warning.""

Classify the sentiment of this review as exactly one of: positive, neutral, negative. Respond with only that one word.",negative,yelp,2
R0033_none,R0033,none,none,none,,none,"Review: ""Better than expected. Many salad bar items, excellent corn bread. BF cleared his plate, I did too. Nothing fancy but good food! Staff very attentive.""

Classify the sentiment of this review as exactly one of: positive, neutral, negative. Respond with only that one word.",positive,yelp,4
R0034_none,R0034,none,none,none,,none,"Review: ""I don't know I just wasn't that impressed. It was a neat little store and the employees were super friendly but I couldn't find much (then again when I buy used I usually go to salvation army). I walked out with a dress that was 30 bucks and I have yet to wear. Maybe it's hit or miss? I just didn't find it that great.""

Classify the sentiment of this review as exactly one of: positive, neutral, negative. Respond with only that one word.",neutral,yelp,3
R0035_none,R0035,none,none,none,,none,"Review: ""I've gotten use to this safeway after living down the street for a year but it certainly is different than others I've shopped at. \n\nSize wise it's tiny. There are only 5 or 6 registers and there's always a line, no matter what time of day. The later at night you go the sketchy the customers get. I went in for a late night ice cream run once and thought I had entered the Twilight zone.\n\nThe one thing stopping me from giving it two stars are the employees. They're always friendly and willing to help. I can always start up a conversation when checking out.""

Classify the sentiment of this review as exactly one of: positive, neutral, negative. Respond with only that one word.",neutral,yelp,3
R0036_none,R0036,none,none,none,,none,"Review: ""I have enjoyed my stay very much. The complimentary breakfast was also very delicious. My room was clean and comfortable. My only complaint was the amount of TV channels offered, however you get free WiFi. I would stay here again.""

Classify the sentiment of this review as exactly one of: positive, neutral, negative. Respond with only that one word.",positive,yelp,4
R0037_none,R0037,none,none,none,,none,"Review: ""I have made a couple visits over the years (I don't live in Champaign). Located along a major thoroughfare for the city and near campustown. The donuts are pretty good. Quick service. However, not all the donuts are in stock at a given time. I was just there and didn't even see glazed yeast donuts (the classic).- just glazed cake and the glazed minis. I appreciate having someplace to grab a snack with early morning Black Friday shopping.""

Classify the sentiment of this review as exactly one of: positive, neutral, negative. Respond with only that one word.",neutral,yelp,3
R0038_none,R0038,none,none,none,,none,"Review: ""This is great place to have a healthy meal for a decent price. Salad fixins are all super fresh, and there are so many to choose from. The soups that I tried, the chicken noodle and creamy tomato, were as good as any homemade soup I've had. This really is more like 3.5 stars for me, but I give it the bump for the soft-serve ice cream machine -- not to mention the warm snicker-doodle cookies they brought to our table.""

Classify the sentiment of this review as exactly one of: positive, neutral, negative. Respond with only that one word.",positive,yelp,4
R0039_none,R0039,none,none,none,,none,"Review: ""The Fish Tacos are what brings me to Hickory Tavern for lunch. They are absolutely fantastic. However, the rest of the menu I haven't had much success. Nothing bad, just nothing that sticks out and says wow. \n\nThe desserts are MASSIVE, and I would recommend sharing if you get one. The oreo cheesecake and the tiramisu cheesecakes are especially good.\n\nThey do offer trivia on Wednesday nights where you can win gift certificates (and apply them to your bill that night). \n\nAgain, 3 stars for having some good food, but I don't yearn to go there every week.""

Classify the sentiment of this review as exactly one of: positive, neutral, negative. Respond with only that one word.",neutral,yelp,3
R0040_none,R0040,none,none,none,,none,"Review: ""STAY AWAY FROM ARCADIA COVE!! \nThey won't give the deposit back. Even though I have cleaned everything, they said simple reasons to keep the deposit with them. DO NOT STAY IN ARCADIA COVE, you will loose all your security deposit.""

Classify the sentiment of this review as exactly one of: positive, neutral, negative. Respond with only that one word.",negative,yelp,1
R0041_none,R0041,none,none,none,,none,"Review: ""After 17 years of only being able to choose between three pizza chains, I really appreciate little places like this with good pizza. The pepperoni pizzas are thin and greasy like they're supposed to be, the crust is home made, the sauce is good, and the amount of cheese perfect.\n\nIt's kind of sad that the other 'V' pizza place around the corner isn't any better than the three national chains.""

Classify the sentiment of this review as exactly one of: positive, neutral, negative. Respond with only that one word.",positive,yelp,5
R0042_none,R0042,none,none,none,,none,"Review: ""Eat at your own risk. The service is terrible, the staff seem to be generally clueless, the management is inclined to blame the staff for their own mistakes, and there's no sense of FAST in their fast food. When we came, half of the menu board was still on breakfast, and it was 4:30p. The only thing they have going for them is that the food is hot and tastes just like McDonald's should. \n\nThen again, the franchise is owned by Rice, and I've come to take terrible service is their MO.""

Classify the sentiment of this review as exactly one of: positive, neutral, negative. Respond with only that one word.",negative,yelp,1
R0043_none,R0043,none,none,none,,none,"Review: ""Great prices for the the quality of pizza.\n\nWe got wings and the pizza. It was all good. No complaints.\n\nQuick, friendly service. So good.\n\nEverything was good. Like, so good. It's my new fav pizza place thing.\n\nSo good. Like, good.""

Classify the sentiment of this review as exactly one of: positive, neutral, negative. Respond with only that one word.",positive,yelp,5
R0044_none,R0044,none,none,none,,none,"Review: ""Wow...what a nice surprise! Chips and salsa were great, even though I usually prefer my salsa spicier than what is offered. Desert Fire Pasta was EXCELLENT, and sons loved their pork enchiladas and chicken quesadillas. Limit Two margarita was awesome (Top Shelf Conmemorativo). Highly recommended - great food, reasonably priced, and outdoor seating wonderful!""

Classify the sentiment of this review as exactly one of: positive, neutral, negative. Respond with only that one word.",positive,yelp,5
R0045_none,R0045,none,none,none,,none,"Review: ""Didn't think it was as good as other reviewers. Thought my Ribs had a rubbery texture. Would have given it a 1 star but the others I was with thought it was So So, so I'll give this place a 2 but that may be a stretch.""

Classify the sentiment of this review as exactly one of: positive, neutral, negative. Respond with only that one word.",negative,yelp,2
R0046_none,R0046,none,none,none,,none,"Review: ""Spent north of $1200 for simple food in one of their boxes last week. After charging me a %20 \""service fee\"" on the food, they ask for a %15 tip as well. Going to the ball park next time.""

Classify the sentiment of this review as exactly one of: positive, neutral, negative. Respond with only that one word.",negative,yelp,2
R0047_none,R0047,none,none,none,,none,"Review: ""Amazing food, lovely atmosphere. Lot of the menu changes seasonally. We probably come here twice a month. I try to avoid ordering the same thing over an over (the fillet mignon is just outstanding), and I have never been disappointed.\n\nIt's a bit on the pricey side, but I think it's worth it for a date or even a group night out.\n\nThe upstairs covered patio area is great in the summer time.""

Classify the sentiment of this review as exactly one of: positive, neutral, negative. Respond with only that one word.",positive,yelp,5
R0048_none,R0048,none,none,none,,none,"Review: ""Stopped in here for a business lunch. A bit loud but still was able to speak clearly. Ordered up some shrimp tacos. Was warned they had a bit of a kick. They did and they were good! Really enjoyed them. Service was dead on too. Def a place I would go back to again if I was in the area.""

Classify the sentiment of this review as exactly one of: positive, neutral, negative. Respond with only that one word.",positive,yelp,5
R0049_none,R0049,none,none,none,,none,"Review: ""Even though it is only $6 to get in, this is so old school. They hand you a 3 ring binder to take you through the tour. They do not have information cards at each fire truck. You have to read this small print in the 3 ring binder while minding your children. The old guy at the front desk was grouchy on top of it all. Don't waste your money. Make a donation to the fallen fire fighters instead.""

Classify the sentiment of this review as exactly one of: positive, neutral, negative. Respond with only that one word.",negative,yelp,1
R0050_none,R0050,none,none,none,,none,"Review: ""HUGE disappointment!!!! Stopped for a quick dinner before a show. Ordered 2 burgers medium. They came out extremely well done & the buns were hard & dry. The waitress took them back to the kitchen & returned with 2 more well done burgers! What the heck?! When we told her (& showed her), she apologized & took 20% off the bill. We didn't have time for round 3. They didn't even send a manager over. $30 for an inedible meal. We will not be back. I'd recommend trying somewhere else.""

Classify the sentiment of this review as exactly one of: positive, neutral, negative. Respond with only that one word.",negative,yelp,1
R0051_none,R0051,none,none,none,,none,"Review: ""Obviously the greatest part of this place are the hours and availability if you are in a pinch and live uptown and need to get something shipped out. They even have greeting cards if you need a quick birthday card shipped out. \n\nThe interior is nice and clean and supplies are neatly and well kept. The staff couldn't be nicer, maybe just a tad too nice. You know like a waiter that swings by every 5 seconds to see how the meal is. I'll take that issue any day of the week though.""

Classify the sentiment of this review as exactly one of: positive, neutral, negative. Respond with only that one word.",neutral,yelp,3
R0052_none,R0052,none,none,none,,none,"Review: ""I love this place!\n\nIt's not fancy, it's a little corner diner but their coffee is very good. Better than some of our local coffee shops even. Their breakfast is much better t""

Classify the sentiment of this review as exactly one of: positive, neutral, negative. Respond with only that one word.",positive,yelp,4
R0053_none,R0053,none,none,none,,none,"Review: ""Went here this past Saturday afternoon, 11/2. My friends and I sat at the pretty much empty bar for over 5 minutes with no service. The bartender walked by us a few times and didn't even acknowledge we were there. As we walked out, we saw the bartender on the phone and other staff members standing in the back chatting. We went next door to Mad Mex and got much better service!""

Classify the sentiment of this review as exactly one of: positive, neutral, negative. Respond with only that one word.",negative,yelp,1
R0054_none,R0054,none,none,none,,none,"Review: ""Something different here.\n\nFood, schmood, go there and drink the beers from the beer cave. I don't think you have to wait for the server to open your beer, they'll notice and charge your accordingly. It's all walk in and self service beer, why don't more places do that?!\n\nMike""

Classify the sentiment of this review as exactly one of: positive, neutral, negative. Respond with only that one word.",positive,yelp,4
R0055_none,R0055,none,none,none,,none,"Review: ""So chill. How chill you ask?.... They have ROCKING CHAIRS! Yes, rocking chairs in an airport! THAT'S how chill this is airport is. And yes I've used the word chill and airport in the same sentence (rare combo). \n\nBesides the rocking chairs, there's free wifi and various food options. Pleasant staff, clean and not over crowded. Not a bad spot for layover.""

Classify the sentiment of this review as exactly one of: positive, neutral, negative. Respond with only that one word.",positive,yelp,4
R0056_none,R0056,none,none,none,,none,"Review: ""The sangria here is awful. I think it was a tequila sunrise. The food is greasy and not in a good way. The only thing good was the goat cheese. But it is goat cheese. How can you mess that up?""

Classify the sentiment of this review as exactly one of: positive, neutral, negative. Respond with only that one word.",negative,yelp,2
R0057_none,R0057,none,none,none,,none,"Review: ""I ordered a Veggie Pizza with 4 different toppings and did not really enjoy it a lot. They use some oil which smell different that killed the taste of my pizza. Also, the toppings were not greatly blended, just rather sprinkled. DIdn't even enjoy the pizza crust.\nI work right next door, but wont go there again.\nI usually dont write reviews. Was surprised Yelp had 4 stars and I was disaoopinted, so writing my experience.So sharing my input that may help others make an uinformed choice causeI think 4 stars is misleading.""

Classify the sentiment of this review as exactly one of: positive, neutral, negative. Respond with only that one word.",negative,yelp,1
R0058_none,R0058,none,none,none,,none,"Review: ""Your only choice for movies if you're on the east side. Older theater shows the current films but don't expect anything extraordinary from here.""

Classify the sentiment of this review as exactly one of: positive, neutral, negative. Respond with only that one word.",neutral,yelp,3
R0059_none,R0059,none,none,none,,none,"Review: ""I love love love this place! The tmb sandwich is the best around. Everything from the bread, to the cheese to the veggies are fresh and flavorful. A definite must try if you're downtown. But don't expect there to be much seating though. It's pretty much a to go kinda place. There's a few benches outside, but it's pretty much take and go. So just a little heads up. They even have a few salads there, the caprese is the best. Try it, it's good and a definite repeat kind of place.""

Classify the sentiment of this review as exactly one of: positive, neutral, negative. Respond with only that one word.",positive,yelp,5
R0060_none,R0060,none,none,none,,none,"Review: ""The decor is nice and makes for a nice ambiance. Good beer selection and pizza. Pool tables are some of the best in town. Overall great local place to go.""

Classify the sentiment of this review as exactly one of: positive, neutral, negative. Respond with only that one word.",positive,yelp,4
R0061_none,R0061,none,none,none,,none,"Review: ""Some people must have different taste buds ,I have been here about 5 times over a span of 6years , never once have I enjoyed it ,\nEvery time I say oh let's give it a try and I regret it I've tried enchiladas burritos tacos crane asada this is no where near the real thing , the last time I think there was lettuce in the guacamole maybe by accident but it made me sick""

Classify the sentiment of this review as exactly one of: positive, neutral, negative. Respond with only that one word.",negative,yelp,1
R0062_none,R0062,none,none,none,,none,"Review: ""damn this place is dead... but cute i suppose!.. part of it at least. if i didn't go by myself, i'd have much more fun grabbing a beer at every place that had beer! well, what is it like 3 places? anyway, why does anyone come here unless they're me who is stranded downtown for the week on business?""

Classify the sentiment of this review as exactly one of: positive, neutral, negative. Respond with only that one word.",negative,yelp,2
R0063_none,R0063,none,none,none,,none,"Review: ""The food was really good but their beans and rice side for a plate is ridiculously priced. The service was horrible! Waited forever get a table because it said please wait to be seated then to be told go pick out what table you want. Took almost 15 mins to get chips. And our waitress was rude and didn't check on us once until it was time to pay. She didn't ask if we wanted refills or a box for the 3$ beans and rice we got.""

Classify the sentiment of this review as exactly one of: positive, neutral, negative. Respond with only that one word.",positive,yelp,4
R0064_none,R0064,none,none,none,,none,"Review: ""A reasonable place for decent food at a cheap price. Something about the ambiance of the place puts me off though. This place is more of a quick lunch place so it shouldnt really matter how nice the place is or not - but the dreary atmosphere discourages me to go here. The person running the place is somewhat cold and rude, thats something I rather avoid.""

Classify the sentiment of this review as exactly one of: positive, neutral, negative. Respond with only that one word.",negative,yelp,2
R0065_none,R0065,none,none,none,,none,"Review: ""I used to really like this place, but the service can't be overlooked anymore. I ate here recently on a monday afternoon (granted it's not the A team on Monday's), but it was so obvious the staff just wanted to get us out of there so they could go back to reading star magazine. The food was good, not great but good enough. The service as mentioned was poor. The server was apathetic at best. He didn't give us time to finish our soup before he had our entree's in front of us and a check on the table. I think this was my last visit.""

Classify the sentiment of this review as exactly one of: positive, neutral, negative. Respond with only that one word.",negative,yelp,2
R0066_none,R0066,none,none,none,,none,"Review: ""Family style with some coworkers, we had a very affordable dinner for the 3 of us with the small sized portions. Our waitress was attentive and our meal was quite tasty. I wouldnt give them 4 stars as our waitress did forget to bring us our bread and marinara sauce and needed to be reminded but other than that, the atmostphere was clever, the food was yummy and our drinks were decent.""

Classify the sentiment of this review as exactly one of: positive, neutral, negative. Respond with only that one word.",neutral,yelp,3
R0067_none,R0067,none,none,none,,none,"Review: ""I get the feeling Mozart has caused a few grumbles here and there due to strict rental agreement policies and such, but we've had nothing but a great experience living in one of their buildings. Every time we have a maintenance request, they get it done within 24 hours. The radiator heat is almost too strong. They're very courteous about letting us know when they need to get in the apartment. And to top it off, they redid our bathroom after we requested it.""

Classify the sentiment of this review as exactly one of: positive, neutral, negative. Respond with only that one word.",positive,yelp,4
R0068_none,R0068,none,none,none,,none,"Review: ""I stop by here frequently when I am on my way to work for breakfast. The drive thru is fast but they do tend to get the order wrong. But I will say that I have had more free meals here due to them comping me for all messed up orders. \n\nThe staff is friendly.""

Classify the sentiment of this review as exactly one of: positive, neutral, negative. Respond with only that one word.",neutral,yelp,3
R0069_none,R0069,none,none,none,,none,"Review: ""A decent spot to eat at. Our waitress wasn't as fast as she could have been considering it wasn't packed. Most of the food was tasty especially the molcajete but we had three complaints that kept coming up around the table. The fish was very sub-par, over cooked, and over seasoned. The rice was a little soggy and it was very tasteless, it was almost hard to eat to be honest. To finish it off the salsa was very watery and it felt like it was missing something. All In all, it was an alright spot I doubt we will be going back considering the long drive but I wouldn't count it out for good.""

Classify the sentiment of this review as exactly one of: positive, neutral, negative. Respond with only that one word.",neutral,yelp,3
R0070_none,R0070,none,none,none,,none,"Review: ""This is a local chain of oil change shops that blows away the national chains. They are fast, courteous, and do good work without trying to sell you a bunch of crap you don't need. Additionally, they treat female customers with respect.\n\nTheir prices are lower than their competitors, yet the overall value that they deliver is much higher. I cannot recommend this business enough.""

Classify the sentiment of this review as exactly one of: positive, neutral, negative. Respond with only that one word.",positive,yelp,5
R0071_none,R0071,none,none,none,,none,"Review: ""I tried to order to go from this place. The phone rang and rang and rang, when someone finally did pick up they put me on hold until the line disconnected. I called back and had the exact same thing happen. We figured they were just busy and decided to drive there to get to go. There was only ONE car in the parking lot. And the place looked like a total dump, like cockroaches in the kitchen dump. \n\nForget this place. There is no excuse for not taking a phone order when there is no one in your restaurant.""

Classify the sentiment of this review as exactly one of: positive, neutral, negative. Respond with only that one word.",negative,yelp,1
R0072_none,R0072,none,none,none,,none,"Review: ""Bad service, no bread, no drink refill , took 45min to get our first drink:( ouch , used to love this place but service sucks""

Classify the sentiment of this review as exactly one of: positive, neutral, negative. Respond with only that one word.",negative,yelp,1
R0073_none,R0073,none,none,none,,none,"Review: ""there food is aalways fresh i have been comming here since i can remember they have just gotten new managers and everything seems awesome the price range is awesome thier redoing the inside great thieft protection the best food better than pei wei""

Classify the sentiment of this review as exactly one of: positive, neutral, negative. Respond with only that one word.",positive,yelp,5
R0074_none,R0074,none,none,none,,none,"Review: ""If you are Coming here because the sushi, go somewhere else.\nNot much options on the menu and sloppy sushi.\nWhat they call specials, it's is a regular option anywhere else.""

Classify the sentiment of this review as exactly one of: positive, neutral, negative. Respond with only that one word.",negative,yelp,1
R0075_none,R0075,none,none,none,,none,"Review: ""This is where you go when you want to:\n\nA) See what it's like to have time stand still in the drive thru\nB) Wait soooooo long that you end up qualifying for AARP\nC) Get food poisoning, (assuming you waited long enough to get the food)\nD) Feel embarrassed because you wait soooo long in line that the entire town has passed by at least once and seen you waiting for your gastrointestinal beat down. \n\nAwesome!""

Classify the sentiment of this review as exactly one of: positive, neutral, negative. Respond with only that one word.",negative,yelp,1
R0076_none,R0076,none,none,none,,none,"Review: ""Update # 3...OK we went for our 'great experience'. It was ok. Massages themselves were good-to-great. Nothing else was improved. No follow-up from the manager considering the situation. I promise you that you can find something better to do with $175.""

Classify the sentiment of this review as exactly one of: positive, neutral, negative. Respond with only that one word.",negative,yelp,2
R0077_none,R0077,none,none,none,,none,"Review: ""Some people go crazy over this location, me, I just go crazy because of this location.\n\nI hate it, from the congestion in the parking lot to the congestion in every single aisle inside the store. People are correct that this place has a larger selection of products, but forget your conventional set up for a grocery store. You would think with this being a Market District. It would be an easy endeavor.\n\nThis location is a place that I would visit for only one thing, definitely not a place I would regularly stop at, unless I lived within walking distance.""

Classify the sentiment of this review as exactly one of: positive, neutral, negative. Respond with only that one word.",negative,yelp,2
R0078_none,R0078,none,none,none,,none,"Review: ""Overall, I like Elbow Room. Food is definitely hit or miss. Here's what I've learned: Avoid any sort of seafood! There is an excellent selection of burgers and they are very customizable. The salads here are better than the average entree salad at other establishments. Desserts, made in-house from scratch, are delicious and enough for two people to split. But what keeps me coming back to Elbow Room is their late night (after 9PM) $5 martini specials. Combined with the ambiance, it's okay to feel classy. Definitely a nice getaway from most of the pubs that line Walnut.""

Classify the sentiment of this review as exactly one of: positive, neutral, negative. Respond with only that one word.",neutral,yelp,3
R0079_none,R0079,none,none,none,,none,"Review: ""Overrated. Food just OK. I had the grilled salad to start. Nice smoky flavor, but mostly kale and radish with some pumpkin seeds. Nothing I would get again. I had the fish special which was blackened Mahi on spicy chili flavored rice. Just fair. I had the pecan pie desert which was not that good. I wouldn't go back. I wouldn't recommend this place or their food. Also overpriced for the boring food I had.""

Classify the sentiment of this review as exactly one of: positive, neutral, negative. Respond with only that one word.",neutral,yelp,3
R0080_none,R0080,none,none,none,,none,"Review: ""I am a longtime shopper at buffalo exchange and I must say, this location is terrible. Staff is unfriendly, selection is awful & they never seem to buy any of the quality clothing that I bring in. I am done shopping here, completely over it.""

Classify the sentiment of this review as exactly one of: positive, neutral, negative. Respond with only that one word.",negative,yelp,1
R0081_none,R0081,none,none,none,,none,"Review: ""They're not bad. The steaks are pretty good. The staff is usually good. I've had a few problems, but not enough to hate the place. Just enough to come less frequently. I love their appetizers. The drinks are usually over priced.""

Classify the sentiment of this review as exactly one of: positive, neutral, negative. Respond with only that one word.",neutral,yelp,3
R0082_none,R0082,none,none,none,,none,"Review: ""Online scheduling made my life way easier, and they called to confirm my requested time as well as the day before to make sure I was still able to make it. The check in process was very easy and efficient. They noticed how nervous my pup was and let us use a private waiting room while the vet tech prepared for his exam. Vet was friendly and seemed to genuinely care about Civ. Will definitely go back.""

Classify the sentiment of this review as exactly one of: positive, neutral, negative. Respond with only that one word.",positive,yelp,4
R0083_none,R0083,none,none,none,,none,"Review: ""I've eaten here three times over the past 5 years and I've been disappointed each time. Sometimes it's because they mess up my orders, sometimes it's because the food is just underwhelming or simply not fresh. I know people who like this place a lot, so perhaps I am just unlucky.""

Classify the sentiment of this review as exactly one of: positive, neutral, negative. Respond with only that one word.",negative,yelp,2
R0084_none,R0084,none,none,none,,none,"Review: ""I love this church b/c the pastor is biblically accurate and the worship is very moving and that God is moving in this church. Life groups are awesome and the people are very friendly. God has his hand on this church and seeing it grow the way it has in the past few years is the reason that God has blessed this church.""

Classify the sentiment of this review as exactly one of: positive, neutral, negative. Respond with only that one word.",positive,yelp,5
R0085_none,R0085,none,none,none,,none,"Review: ""I stayed here for a 2 day conference and was not overly impressed by the hotel. Westin has established a name for itself, but this hotel fell short. The service was wonderful, pool and fitness room above average, and the location was prime, but the hotel rooms are in need of updating and renovations. \nIf I was paying for this trip, I would have been very disappointed.""

Classify the sentiment of this review as exactly one of: positive, neutral, negative. Respond with only that one word.",neutral,yelp,3
R0086_none,R0086,none,none,none,,none,"Review: ""The food here is just good not great. Pricing is great for the large portions of food. Overall a good experience.""

Classify the sentiment of this review as exactly one of: positive, neutral, negative. Respond with only that one word.",neutral,yelp,3
R0087_none,R0087,none,none,none,,none,"Review: ""We were looking for food late night on Thursday and nothing was open. Since we were staying at spring hill suites we thought we'd give it a try. We were afraid it would be expensive. \n\nFlipped menu to sandwiches. Had a burger or turkey burger or hot dog or chicken sandwich with side for $9-10.\n\nWe thought that was good and we had no other late night options. Food came out hot and fresh. My chicken sandwich was grilled nicely with plenty of juice left in. Homemade chips as side.\n\nPlace was large and clean. Pirates out of town so we walked right in at 10am on a Thursday night. Full bar but we didn't order anything.""

Classify the sentiment of this review as exactly one of: positive, neutral, negative. Respond with only that one word.",positive,yelp,4
R0088_none,R0088,none,none,none,,none,"Review: ""Fair is stretching it. The ribeye was a low grade supermarket cut. Not on my list to revisit in the future!""

Classify the sentiment of this review as exactly one of: positive, neutral, negative. Respond with only that one word.",neutral,yelp,3
R0089_none,R0089,none,none,none,,none,"Review: ""Good food. Excellent service. Little pricey for the quality, but the atmosphere totally makes up for that. Be prepared to share a meal. Huge servings!""

Classify the sentiment of this review as exactly one of: positive, neutral, negative. Respond with only that one word.",positive,yelp,4
R0090_none,R0090,none,none,none,,none,"Review: ""Sheer deliciousness! Had the sunrise... It was in a biscuit, absolutely delightful, very filling and superbly made.\nTo add to that, the atmosphere is relaxed and laid back, and the experience is very different from the normal fare.\n\nThe staff was pretty friendly and checked on us several times. (I guess it helps that you add the gratuity while ordering+paying, instead of after the meal?)""

Classify the sentiment of this review as exactly one of: positive, neutral, negative. Respond with only that one word.",positive,yelp,5
R0091_none,R0091,none,none,none,,none,"Review: ""Great coffee house in a great neighborhood. I really like the 'quiet room' in the back, the fireplace, and the numerous electrical outlets. Great clientele, and while yes, I've had a couple of odd moments with the baristas, I've also met some really cool ones. And what do you think this is? Starbucks? Of course they give you a little attitude. No \""flair\""""

Classify the sentiment of this review as exactly one of: positive, neutral, negative. Respond with only that one word.",positive,yelp,4
R0092_none,R0092,none,none,none,,none,"Review: ""Not so bad, and definitely not traditional bar food. That said, we opt for better food in the downtown area.""

Classify the sentiment of this review as exactly one of: positive, neutral, negative. Respond with only that one word.",neutral,yelp,3
R0093_none,R0093,none,none,none,,none,"Review: ""Three and a half stars. \n\nI feel for this place as the light rail construction has made it damn near impossible to even try to drop in here. In the days before the light rail destroyed Central Avenue I would come here from time to time, and it was always ok. Not especially good or bad, just ok.\n\nBeers are expensive but they have a good selection of foreigns to test out. What is mildly discouraging is that even the domestics are overpriced.\n\nThey occassionally host cool events or concerts here and I highly recommend dropping in on days like those, but aside from that, whatever.""

Classify the sentiment of this review as exactly one of: positive, neutral, negative. Respond with only that one word.",neutral,yelp,3
R0094_none,R0094,none,none,none,,none,"Review: ""This cutie pie cottage restaurant serves up high quality lunch fare at a reasonable price. It's a great soup, salad, sandwich kind of place for ladies who lunch.... there's the rub. The place is tiny and the wait is ridiculous, even if you try to beat the crowd by going early. And the veggie sandwich isn't very good. But other things on the menu are. If you do have 2 hours for lunch and come here, be sure to get a cookie. The cookies alone are worth the wait.""

Classify the sentiment of this review as exactly one of: positive, neutral, negative. Respond with only that one word.",neutral,yelp,3
R0095_none,R0095,none,none,none,,none,"Review: ""Absolutely stunning a great place to go for a good feel of Arizone. We were there for the Chili + Chocalate fair. Lots of walking so go prepared.""

Classify the sentiment of this review as exactly one of: positive, neutral, negative. Respond with only that one word.",positive,yelp,5
R0096_none,R0096,none,none,none,,none,"Review: ""Have mixed Vincent's. My meal was good (spicy pasta) but service was spotty. Another in the party had the homemade gnocchi and it was not good at all, \""tastes like dishwater\"", was the quote. Naw, that couldn't happen to homemade gnocchi, after a taste, I agreed! Just goes to show, it depends on what you order.\n\nOh yea, the parking lot, very big but some customers parked in the entrance on both sides to make it one lane and of course when we were leaving we noticed that one guy was taping his car where it had be hit.""

Classify the sentiment of this review as exactly one of: positive, neutral, negative. Respond with only that one word.",negative,yelp,2
R0097_none,R0097,none,none,none,,none,"Review: ""Some of the worst customer service we've ever encountered. We've been \""next\"" on the list for 45m. Understandable that it's a friday night, but of the 6 people on staff, 3 were flirting with people (no joke, I saw numbers exchanged, and not for Verizon purposes) and the other three were hiding in the back. As we left, I said to the manager, \""remove us from your list, we're leaving.\"" She says \""okay sorry,\"" not apologetically, but reflexively. Verizon is going to lose customers for this. Do not go to this location.""

Classify the sentiment of this review as exactly one of: positive, neutral, negative. Respond with only that one word.",negative,yelp,1
R0098_none,R0098,none,none,none,,none,"Review: ""All excited about the tostadas. When I received them they were ice cold. The only reason for the three stars was the service was super friendly.""

Classify the sentiment of this review as exactly one of: positive, neutral, negative. Respond with only that one word.",neutral,yelp,3
R0099_none,R0099,none,none,none,,none,"Review: ""Update. Went to a different location. Non-smoking location. Got pastrami this time instead of the bland sausage. Added a fried egg to the sandwich as well. I forgot how huge this thing was. I could only eat half. I am now a fan of Primanti's.""

Classify the sentiment of this review as exactly one of: positive, neutral, negative. Respond with only that one word.",positive,yelp,4
R0100_none,R0100,none,none,none,,none,"Review: ""I order it for my employees occasionally. The pizza is what you expect, nothing better than OK. They throw on an extra $1.50 for delivery charge and the drivers tell us that most goes directly to the managers pockets. That Sucks.""

Classify the sentiment of this review as exactly one of: positive, neutral, negative. Respond with only that one word.",negative,yelp,1
R0101_none,R0101,none,none,none,,none,"Review: ""This YMCA is very easily missed if you do not have a GPS system. It is tucked away from eyesight off of Albemarle Road. The parking lot is very awkward and uneven to me. This area has a lot of involvement with children from what i have noticed on my regular visits. The weight room is small but it has a lot of free weights to use if your use to lifting weights.""

Classify the sentiment of this review as exactly one of: positive, neutral, negative. Respond with only that one word.",neutral,yelp,3
R0102_none,R0102,none,none,none,,none,"Review: ""Wow, I've been here a total of 2 times and both times I've confirmed one thing. This really isn't somewhere I want to be. Very young crowd normally in here and I've equated bulls in bars to be something that just doesn't sit well with seeking a more mature crowd. But I highly doubt the owners of BAR really care because the place does get packed and the youngin's there seem to really love the place.\n\nThe music they play seems to be a good mix, they go through a cycle of typical club hits and some 70's throwback.""

Classify the sentiment of this review as exactly one of: positive, neutral, negative. Respond with only that one word.",negative,yelp,2
R0103_none,R0103,none,none,none,,none,"Review: ""This place is huge, I feel like I'm at some kind of mall or something. It's by far the nicest and newest looking airport I've been to. Didn't mind being stuck in this nice airport for an hour or so. Got a little treat at Pinkberry and walked around. There are plenty of shops and restaurants and I never had a problem with finding anything or getting to or on my plane. Oh, and very clean!""

Classify the sentiment of this review as exactly one of: positive, neutral, negative. Respond with only that one word.",positive,yelp,5
R0104_none,R0104,none,none,none,,none,"Review: ""Very gourmet sandwhiches. You have to go here to see what the sandwhich of the day is. Excpect to pay about 10$+ for a sandwhich, but it will be good and different from what your normally used to. All fresh ingrediants are used and change from day to day. Its all outdoor seating or take it to go. Dont be surprised if there is a line out of the door. It gets a little crazy at lunch time so go early!""

Classify the sentiment of this review as exactly one of: positive, neutral, negative. Respond with only that one word.",positive,yelp,4
R0105_none,R0105,none,none,none,,none,"Review: ""I wish i could give higher rating. Not comparable to buffalo exchange in alb. Nm. The women there usually are very sparse in choosey with the clothes. I have brought true religion jeans they turned down. 200 + jeans in perfect condition. I say go to other stores that buy sell trade. They might offer more. They did for me. $$$""

Classify the sentiment of this review as exactly one of: positive, neutral, negative. Respond with only that one word.",negative,yelp,2
R0106_none,R0106,none,none,none,,none,"Review: ""Rittes is a classic old style diner in the Shadyside neighborhood of Pittsburgh. It has great diner food and of course great breakfast.\n\nIt has been a well know sober-up place for years.""

Classify the sentiment of this review as exactly one of: positive, neutral, negative. Respond with only that one word.",neutral,yelp,3
R0107_none,R0107,none,none,none,,none,"Review: ""Average pizza at best and sub-par appetizers. Decent beer specials are only upside. Walk across the street and eat at Fuel for some real pizza.""

Classify the sentiment of this review as exactly one of: positive, neutral, negative. Respond with only that one word.",neutral,yelp,3
R0108_none,R0108,none,none,none,,none,"Review: ""On a recent visit I had the duck which was tender enough to cut with a fork and extremely well flavored. The spinach and parmasean soup was out of this world! A fanastic find and very enjoyable atmoshpere. Resonably priced wine and good service make this a \""I'll be back\"" restaurant.""

Classify the sentiment of this review as exactly one of: positive, neutral, negative. Respond with only that one word.",positive,yelp,5
R0109_none,R0109,none,none,none,,none,"Review: ""Service an atmosphere was great. I had the shrimp boil and it was very under-seasoned. Much closer to bland than anything.""

Classify the sentiment of this review as exactly one of: positive, neutral, negative. Respond with only that one word.",negative,yelp,2
R0110_none,R0110,none,none,none,,none,"Review: ""Two of the the soups look like they've been sitting there all day your server never even greets you or gets anything for you so why tip?""

Classify the sentiment of this review as exactly one of: positive, neutral, negative. Respond with only that one word.",negative,yelp,1
R0111_none,R0111,none,none,none,,none,"Review: ""Last summer I had an appointment to get new tires and had to wait a super long time. I also went in this week for them to fix a minor problem with a tire they put on. They \""fixed\"" it for free, and the very next morning I had the same issue. I called to complain, and the \""manager\"" didn't even apologize!!! So frustrated. Never going back. They seem overpriced, too.""

Classify the sentiment of this review as exactly one of: positive, neutral, negative. Respond with only that one word.",negative,yelp,1
R0112_none,R0112,none,none,none,,none,"Review: ""Best coffee in Pittsburgh, without a doubt. Believe the hype. I've been going here for years, and every visit is a pleasure.""

Classify the sentiment of this review as exactly one of: positive, neutral, negative. Respond with only that one word.",positive,yelp,5
R0113_none,R0113,none,none,none,,none,"Review: ""I drove by yesterday to get a sneak peak. It re-opens on July 14th and I can't wait to take my kids. The new range looks amazing. The entire range appears to be turf, which may or many not help your game, but it looks really nice. The tee boxes look state of the art and the club house looks like something you'll see on a newer course. Can't wait to experience it!""

Classify the sentiment of this review as exactly one of: positive, neutral, negative. Respond with only that one word.",positive,yelp,4
R0114_none,R0114,none,none,none,,none,"Review: ""came in here and sat at the bar only because they had open spots during panthers playoff weekend. Never thought i would be doing panther shots in a deli. But it served its purpose. We didnt eat but bartenders were nice enough. Drinks are a little pricey for plastic cups.""

Classify the sentiment of this review as exactly one of: positive, neutral, negative. Respond with only that one word.",neutral,yelp,3
R0115_none,R0115,none,none,none,,none,"Review: ""I must be jaded since I came from Boston where the Bakeries are excellent. I heard through the grape vine that the roasted almond torte was excellent so we bought some and brought it home. The salty sweet toasted almond coating was excellent, but the fluffy cake with some type of pudding between the layers was mediocre at best. I hate it when bakeries make awful cake because it seems to me that is an easy item to get right. I will give them another chance but so far I would say they are average.""

Classify the sentiment of this review as exactly one of: positive, neutral, negative. Respond with only that one word.",neutral,yelp,3
R0116_none,R0116,none,none,none,,none,"Review: ""I felt compelled to give this place 5 stars because there are a bunch of \""reviewers\"" giving it lesser stars for the dumbest reason. Sorry, they don't have shrimp burritos. Sorry, this isn't a sit down resturant. Its a take out place. This doesn't take away from the fact that this place makes the best burritos I've ever had. It is all fresh ingrediants. It is a fantastic place for lunch. \n\nBTW have a brain when you write a review on here.""

Classify the sentiment of this review as exactly one of: positive, neutral, negative. Respond with only that one word.",positive,yelp,5
R0117_none,R0117,none,none,none,,none,"Review: ""Not as good as Wholeys but awesome patio and the best service. Go here for the atmosphere, the staff is the best.""

Classify the sentiment of this review as exactly one of: positive, neutral, negative. Respond with only that one word.",positive,yelp,4
R0118_none,R0118,none,none,none,,none,"Review: ""I don't know. This place seems a little tragic to me; the self-consciously arty vibe inside and the affected hipsters behind the counter are aggressively mannered, but also a little frayed around the edges. It's like a very good diorama of a coffee shop made by someone who has seen one in a movie or read about one in a book. The coffee is just ok.""

Classify the sentiment of this review as exactly one of: positive, neutral, negative. Respond with only that one word.",negative,yelp,2
R0119_none,R0119,none,none,none,,none,"Review: ""This was the worst food and the worst service I've ever experienced! The food came out exactly 4 minutes after ordering. Was hard as a rock as they had over cooked what was already made. When we asked about other options the waiter told us maybe next time we just shouldn't order the chicken and walked away. It was only after we returned the dishes uneaten that the manager came and asked what we wanted. Additionally, upon receiving the check, the waiter yelled at us to not touch it as we tried to point out how to split the check. Would never step foot in that place again.""

Classify the sentiment of this review as exactly one of: positive, neutral, negative. Respond with only that one word.",negative,yelp,1
R0120_none,R0120,none,none,none,,none,"Review: ""Not a bad venue for large gatherings and group functions, such as weddings, reunions, and fund raisers. There are two floors - both offer great views of the lake; the staff is prompt and friendly - there's rarely a wait for drinks. The bathrooms, while small, are usually clean and serviceable. Plenty of parking in the outdoor lot.""

Classify the sentiment of this review as exactly one of: positive, neutral, negative. Respond with only that one word.",neutral,yelp,3
R0121_none,R0121,none,none,none,,none,"Review: ""Cheddar burger, check. Vanilla shake, check. Food coma, double check!!! This place is old school burgers, fries and shakes; and they are good at what they do!""

Classify the sentiment of this review as exactly one of: positive, neutral, negative. Respond with only that one word.",positive,yelp,4
R0122_none,R0122,none,none,none,,none,"Review: ""Don't bother going. Walked in very excited to enjoy a cigar & watch the game. No TV's! They said they didn't want to take away from their sports bar, which you can't smoke in. So I left. Horrible business model.""

Classify the sentiment of this review as exactly one of: positive, neutral, negative. Respond with only that one word.",negative,yelp,1
R0123_none,R0123,none,none,none,,none,"Review: ""I paid $26 dollars for two bagel sandwhiches with lox and the works. Highway robbery. They are good, don't get me wrong. But this is outrageous. At the most I can see maybe $7 or even $8 but my god.... Well it was delicious but I could easily just go to einstein bagels or all the rest and be just as happy, especially happy for my wallet, it smarts right now.""

Classify the sentiment of this review as exactly one of: positive, neutral, negative. Respond with only that one word.",neutral,yelp,3
R0124_none,R0124,none,none,none,,none,"Review: ""Big hotel. Not bad. Bathrooms way too small I had to dry off outside the bathroom. Priceline for good rate.""

Classify the sentiment of this review as exactly one of: positive, neutral, negative. Respond with only that one word.",negative,yelp,2
R0125_none,R0125,none,none,none,,none,"Review: ""Absolutely the best club sandwich I have had in a looong time. I order it everytime I go and it has never been less than awesome. And it's priced really well. \n\nAnytime I've gone at night the crowd is a little rough looking and the music is too loud. But going in the early evening or for lunch usually works pretty well.""

Classify the sentiment of this review as exactly one of: positive, neutral, negative. Respond with only that one word.",positive,yelp,4
R0126_none,R0126,none,none,none,,none,"Review: ""I ate here today for lunch and it was good. It is not a 4 Star restaurant by no means. They serve food on foam plates and give you plastic utensils. \n\nThe best thing about this place is the fact that they have good food at a very good price. I dont think you will find a better deal in The Market.""

Classify the sentiment of this review as exactly one of: positive, neutral, negative. Respond with only that one word.",neutral,yelp,3
R0127_none,R0127,none,none,none,,none,"Review: ""It's a big and busy airport with a lot of flights, so it's just logical that it has a lot of food everywhere, lots to choose from (having in mind it is an airport), some good, some not so much, for a quick snack or to dine in; a lot of people on the run and so it has a fair amount of annoying people and also so many friendly service faces if you have the right attitude.\nThis was my forth time in this airport and I have no complaints for it.""

Classify the sentiment of this review as exactly one of: positive, neutral, negative. Respond with only that one word.",positive,yelp,4
R0128_none,R0128,none,none,none,,none,"Review: ""Great sports bar with a ton of rooms - it's almost like a maze. Huge TVs everywhere, and you're never too far from a bar. They've also got pretty decent bar food. A few years ago a bunch of friends and I rented out the big room on the second floor, which was a fun place to hang out, and a perfect place for a big group of people to meet.""

Classify the sentiment of this review as exactly one of: positive, neutral, negative. Respond with only that one word.",neutral,yelp,3
R0129_none,R0129,none,none,none,,none,"Review: ""not happy with this dealership because you cant reach anyone in service and it goes straight to the answering machine and then they never return your calls.""

Classify the sentiment of this review as exactly one of: positive, neutral, negative. Respond with only that one word.",negative,yelp,1
R0130_none,R0130,none,none,none,,none,"Review: ""I started a new job and the bosses brought us here for lunch. It was ok. I got a lunch combo meal, but I didn't pay.\nThe service was really great but the food was not. Just kind of plain. \nIt's convenient to work, so I will probably be back, I just won't have very high expectations.""

Classify the sentiment of this review as exactly one of: positive, neutral, negative. Respond with only that one word.",negative,yelp,2
R0131_none,R0131,none,none,none,,none,"Review: ""I was just here for a 95 minute layover. Ate at the food court. It was crowded for a Saturday!\n\nLooks like the airport could use a bit of modernization. Free Wi-Fi!""

Classify the sentiment of this review as exactly one of: positive, neutral, negative. Respond with only that one word.",neutral,yelp,3
R0132_none,R0132,none,none,none,,none,"Review: ""Terrible salad as lettuce was wilted a bit. Steak was so filled with marbleing that it was ineatable. The cup of water was good.""

Classify the sentiment of this review as exactly one of: positive, neutral, negative. Respond with only that one word.",negative,yelp,1
R0133_none,R0133,none,none,none,,none,"Review: ""I think this is a great place to go when you have a large number of people but it is expensive. We had chicken parm (very good), fettucine alfredo (very good) and ravioli (good). The waitress was personable but a little too slow to refill glasses, bring wine, etc. \n\nThe room we were in was surprisingly quiet which was nice - we could all hear each other speak! I would go back with a large party - when I save some money!""

Classify the sentiment of this review as exactly one of: positive, neutral, negative. Respond with only that one word.",neutral,yelp,3
R0134_none,R0134,none,none,none,,none,"Review: ""The room was fine, obviously outdated but it looks as though they are upgrading currently. The food on the other hand was overpriced and gross. Do yourself a favor and do not order room service. It looked as though it was prepared at a truck stop, nuked and then brought up to my room. I complained, they said sorry and that was it. No new food, no help from the front desk and still charged me for it. Platinum member service my butt.""

Classify the sentiment of this review as exactly one of: positive, neutral, negative. Respond with only that one word.",negative,yelp,1
R0135_none,R0135,none,none,none,,none,"Review: ""Sundays used to be all you can drink vodka for 10 dollar cover... After paying our cover they let us know that beginning this week vodka drinks are 2 dollars... Why would anyone come on Sunday if they're pouring 2 dollar glasses of cranberry juice?""

Classify the sentiment of this review as exactly one of: positive, neutral, negative. Respond with only that one word.",negative,yelp,1
R0136_none,R0136,none,none,none,,none,"Review: ""By far my favorite Pizza place in the east end. The buffalo chicken pizza here is fantastic, and very unique. I haven't been able to find anything even remotely approaches it in other cities. \n\nThe place is a bit pricey, but I feel its worth it. My go to pizza delivery place!""

Classify the sentiment of this review as exactly one of: positive, neutral, negative. Respond with only that one word.",positive,yelp,5
R0137_none,R0137,none,none,none,,none,"Review: ""This is the most amazingly slow drive through ever!!! Just 4 cars ahead of me and it took 1/2 hour!!! Never, ever go here. Ever!""

Classify the sentiment of this review as exactly one of: positive, neutral, negative. Respond with only that one word.",negative,yelp,1
R0138_none,R0138,none,none,none,,none,"Review: ""My favorite restaurant right around the university. \nPhenomenal gyros. I'd say I still hold Zorba's as the golden standard of gyros. \n\nI was there every Tuesday in college for Groovy Tuesday - $1 off gyros - and i was probably there at least one other meal each week. Quick, cheap, delicious. Can't get better than that.\n\nI have a gyro or two every time I'm back in Champaign. \nEveryone should eat more Zorba's!!""

Classify the sentiment of this review as exactly one of: positive, neutral, negative. Respond with only that one word.",positive,yelp,5
R0139_none,R0139,none,none,none,,none,"Review: ""I wish I could give this place no stars. The place was nasty, food had no flavor, desserts were freezer burnt, and the only thing good was the McDonald's we had after we left this place disappointed!""

Classify the sentiment of this review as exactly one of: positive, neutral, negative. Respond with only that one word.",negative,yelp,1
R0140_none,R0140,none,none,none,,none,"Review: ""Pretty good yogurt. Its downtown so its a little big pricey but overall I would say its a good place to get dessert or a treat during your busy day. They update a new flavor pretty regularly. Today I had the carrot cake. What I like about them is they put the toppings in the middle and on top. So you don't get gipped! Like some other places. They also have smoothes and yogurt to go. \n\nThe place is very clean, the people are nice and dessert is good. Stop in for a treat!""

Classify the sentiment of this review as exactly one of: positive, neutral, negative. Respond with only that one word.",neutral,yelp,3
R0141_none,R0141,none,none,none,,none,"Review: ""Very functional spot is what I would call this place. Located in Wells Fargo 3 on the way out to the Green or Aquavina. \n\nThey have a couple coffee varieties every day as well as muffins (YUM lemon poppyseed!!!) and store bought bagels. The prices are cheap and the service is friendly and quick. There are a few tables to chat or you can chat in the wide hall outside. They sell cereal too!!! How fun!""

Classify the sentiment of this review as exactly one of: positive, neutral, negative. Respond with only that one word.",neutral,yelp,3
R0142_none,R0142,none,none,none,,none,"Review: ""I have mixed feelings about Carmon's. I have only been there once, so I should probably give it another chance. While there I ordered the escargot appetizer - and they were very gritty (probably not their fault, but still not enjoyable). For dinner, I had some kind of ham crepe, and I thought it was horrible. I could not even eat it...and I am not the type of person to not eat my food! \n\nHowever, I am in LOVE with their dessert crepes - specifically the bananas foster crepe. It was absolutely amazing! I highly recommend ordering this item!""

Classify the sentiment of this review as exactly one of: positive, neutral, negative. Respond with only that one word.",negative,yelp,2
R0143_none,R0143,none,none,none,,none,"Review: ""The apple is decent if you live within walking distance but nothing to write home about. Average draft selection. Didn't get into bottles but found that the bartender that happened to be working was not overly friendly. Went for a happy hour and it was dead. Haven't been to the Apple in years but seems like a good place to meet friends and play darts all night. Smoker friendly. I couldn't tell the crowd that frequents it because it was so dead.""

Classify the sentiment of this review as exactly one of: positive, neutral, negative. Respond with only that one word.",neutral,yelp,3
R0144_none,R0144,none,none,none,,none,"Review: ""The best. I've had at least half the menu and everything is consistently excellent. Crab puffs are super filling and on point, gyoza is perfect, spring rolls rule. The panko fish is my go to; perfectly crisp, fresh and delicious every time. The chicken, whether in teriyaki or panko form, has a wonderful grilled flavor. Not to mention how affordable the prices are for what you're getting, this place is amazing. Service is always efficient and extremely friendly.""

Classify the sentiment of this review as exactly one of: positive, neutral, negative. Respond with only that one word.",positive,yelp,5
R0145_none,R0145,none,none,none,,none,"Review: ""Food is mediocre service is lousy. I'm sitting here right now and have been out of water and done eating for 20 min...""

Classify the sentiment of this review as exactly one of: positive, neutral, negative. Respond with only that one word.",negative,yelp,2
R0146_none,R0146,none,none,none,,none,"Review: ""The Nitty in Middleton seems to live off of its name recognition. The food is so-so at best. I had the premium Prarie Farms burger. To bad it was completely unseasoned. Toasting the bun on a $10 burger would've been a nice touch and would have added som texture. Why bother to pay for a premium products if they aren't properly prepared. I also think the menu is in the pricey side for basic so-so bar food. The choice of sides did yield a nice surprise - fresh asparagus spears. \n\nThis meal was a disappointment. There are few places that can pull off a decent burger. You want a great pub burger... Hit the Eastside - go to Players.""

Classify the sentiment of this review as exactly one of: positive, neutral, negative. Respond with only that one word.",negative,yelp,1
R0147_none,R0147,none,none,none,,none,"Review: ""Amazing...\n\nThe owner of this establishment is honest, fair and skilled. I have a pair of leather boots that I had reconditioned at this establishment. My boots went from bad to great. Total cost, $7! \n\n$7 \n\nInsane value. Great place. I am so pleased places like this exist.""

Classify the sentiment of this review as exactly one of: positive, neutral, negative. Respond with only that one word.",positive,yelp,5
R0148_none,R0148,none,none,none,,none,"Review: ""SoHo clearly relies on the Pirates crowd across the street, and Steelers and Pitt games. When there's a game, the place is packed. Other times, it doesn't seem so busy. The food has been OK. It's generally bar food, with an effort to be more. Execution is varied. \n\nTry the seasoned tuna sandwich with a side of parmesan risotto; just tell them how you want the tuna cooked because they don't seem to know and will overcook it.""

Classify the sentiment of this review as exactly one of: positive, neutral, negative. Respond with only that one word.",negative,yelp,2
R0149_none,R0149,none,none,none,,none,"Review: ""Great breakfast, good price. You might have to stand outside in line though, so I don't really recommend winter time to go. lol. Very friendly service, interesting coffee mugs. They have great deserts and such also. Bring your cash though as they dont' take cards.""

Classify the sentiment of this review as exactly one of: positive, neutral, negative. Respond with only that one word.",positive,yelp,4
R0150_none,R0150,none,none,none,,none,"Review: ""I enjoyed their veggie burger. It came with a cajun remoulade - yum! The fries were just all right (part of my reason for the 4 stars). They had a decent selection of drinks (wine, beers, spirits). The location is a bit strange - sort of in a back alley. I almost missed it! But The prices were fine and the ambience was just what I expected for a Champaign Pub. It was a bit chilly inside, but then again it was 20 degrees out that night.""

Classify the sentiment of this review as exactly one of: positive, neutral, negative. Respond with only that one word.",positive,yelp,4
R0151_none,R0151,none,none,none,,none,"Review: ""Brought my car in last weekend for the supreme wash option. I have been going here for years...never a disappointment. My car looks like new and smells great every time. The employees are always courteous and pleasant. Try them and you will be hooked!""

Classify the sentiment of this review as exactly one of: positive, neutral, negative. Respond with only that one word.",positive,yelp,5
R0152_none,R0152,none,none,none,,none,"Review: ""Rating: 3.8\nShort description: Brewery\nPluses: Good beer, interesting building\nNegatives: Not the best price, Not the best service, need a better menu overall\nRecommendations: Decent enough if you like their beer styles.""

Classify the sentiment of this review as exactly one of: positive, neutral, negative. Respond with only that one word.",neutral,yelp,3
R0153_none,R0153,none,none,none,,none,"Review: ""Jitters definitely has good coffee and ice cream, but as others noted, the service can be a little hit or miss. The ice cream here is hand made without any preservatives. The baked goods are from Prantl's, so they're localy sourced. In the fall and winter they have a good pumpkin spice latte.\n\nOne thing I noticed: theyhaven't updated their website in awhile.""

Classify the sentiment of this review as exactly one of: positive, neutral, negative. Respond with only that one word.",neutral,yelp,3
R0154_none,R0154,none,none,none,,none,"Review: ""We had our reception at The Pennsylvanian in Pittsburgh. Opening Night Caterers was our first choice and we were not disappointed!! From the first meeting, to the wonderful tasting, to the preparation and set up, to the big day, we could not have been more pleased with the service or the food. Everyone raved about it being the best wedding food ever! And the cake!! Delicious and beautiful. I would highly recommend to anyone!""

Classify the sentiment of this review as exactly one of: positive, neutral, negative. Respond with only that one word.",positive,yelp,5
R0155_none,R0155,none,none,none,,none,"Review: ""These burgers are good.\n\nThe bread they use on said burgers sucks.\n\nDark and not very clean.\n\nBacon blue burger though was worth the trip. I don't see myself going back very often.""

Classify the sentiment of this review as exactly one of: positive, neutral, negative. Respond with only that one word.",neutral,yelp,3
R0156_none,R0156,none,none,none,,none,"Review: ""This should be a four- or five-star place. But the service brings it down. The bagels are excellent, and there's nothing wrong with the food. But the staff leaves the coffee too long - it always tastes burnt / bitter / terrible (just go next door and get a Starbucks). They also take no interest in the cleanliness of the place - I have never seen someone come out and wipe down tables or sweep up debris. Staff turnover is high and competence is low; they tend to have an attitude.""

Classify the sentiment of this review as exactly one of: positive, neutral, negative. Respond with only that one word.",negative,yelp,2
R0157_none,R0157,none,none,none,,none,"Review: ""This hospital does more than you know for our community. Maricopa Medical Center delivers superior care to the uninsured and insured alike. This facility is involved in training new physicians and nurses.""

Classify the sentiment of this review as exactly one of: positive, neutral, negative. Respond with only that one word.",positive,yelp,5
R0158_none,R0158,none,none,none,,none,"Review: ""Note: I have only ordered delivery, and that I've ordered online.\n\nThat said, the pizza we've gotten from here has been consistently fresh, hot, and tasty. I think there's only been one time that I was disappointed with the consistency of the dough, hence three stars instead of four.""

Classify the sentiment of this review as exactly one of: positive, neutral, negative. Respond with only that one word.",neutral,yelp,3
R0159_none,R0159,none,none,none,,none,"Review: ""It's really a place to watch sports have drinks. That's it didn't like the food there. It's probably cause its just meant for sports and drinks. Since I'm not a fan of either its definitely the wrong place for me. But for those who like drinks and sports this would be your spot!""

Classify the sentiment of this review as exactly one of: positive, neutral, negative. Respond with only that one word.",negative,yelp,2
R0160_none,R0160,none,none,none,,none,"Review: ""Beautiful rooms, excellent meeting spaces. The beds are like clouds and the double shower head in the bathroom was amazing. \n\nHowever, the customer service lacks excellence and the WiFi is completely unreliable.""

Classify the sentiment of this review as exactly one of: positive, neutral, negative. Respond with only that one word.",negative,yelp,2
R0161_none,R0161,none,none,none,,none,"Review: ""The only reason I've ever been to this hell hole is because I knew someone who worked there. You can see overweight sorority girls clumsily swinging around the \""poles\"" in the back bar while attempting to get the attention of one of the bartenders and dodge the puke on the floor.\n\nOne good thing is that the drinks are RIDICULOUSLY cheap. shots are $2, pitchers can be as low as $4. I would imagine that if you went there in the afternoon you could have an enjoyable happy hour on the patio, but don't go anywhere near this place after 10.""

Classify the sentiment of this review as exactly one of: positive, neutral, negative. Respond with only that one word.",negative,yelp,2
R0162_none,R0162,none,none,none,,none,"Review: ""The burgers are amazing and ridiculously reasonable! The staff is friendly and attentive. The place is super clean! They do everything right at Players! Good drinks, great lunch specials and awesome service!""

Classify the sentiment of this review as exactly one of: positive, neutral, negative. Respond with only that one word.",positive,yelp,5
R0163_none,R0163,none,none,none,,none,"Review: ""Went to Soba to celebrate my sons birthday. Quality of food was not at all what was expected for the price. We have eaten there several times in the past but not sure that we will be going back anytime soon.""

Classify the sentiment of this review as exactly one of: positive, neutral, negative. Respond with only that one word.",negative,yelp,2
R0164_none,R0164,none,none,none,,none,"Review: ""Had an awful crab cake here with little crab in it but mostly lots of breading and filler.. Even the Phillips brand ones at Costco are better than most. And of course Eleven has the best ever. But anyways, hubby got a deep fried cod filet that was sandwiched between 2 hamburger buns, which was pretty decent fried fish while it was hot and crispy... But my crab cake was sadly unforgivable.""

Classify the sentiment of this review as exactly one of: positive, neutral, negative. Respond with only that one word.",negative,yelp,2
R0165_none,R0165,none,none,none,,none,"Review: ""I came here initially seeking Sriracha, but unfortunately, this location did not carry it. The very handsome sales associate (near the computer stuff on 8/23) with the moist blue eyes and sandy hair was incredibly helpful to my friend and me. He searched other stores for Sriracha and skillfully wrote directions for us. I've never received directions as precise as those he gave us. This sales associate was exceptional and smelled really good. I highly recommend this location for its staff (but don't go here for Sriracha).""

Classify the sentiment of this review as exactly one of: positive, neutral, negative. Respond with only that one word.",positive,yelp,5
R0166_none,R0166,none,none,none,,none,"Review: ""Food is bar food nothing great. But it is a good time. Karaoke was fun if you know your songs from the 70s and 80s. Fun crowd that just wants to sing and drink no drama""

Classify the sentiment of this review as exactly one of: positive, neutral, negative. Respond with only that one word.",positive,yelp,4
R0167_none,R0167,none,none,none,,none,"Review: ""Lost my paperwork multiple times. Lost my DD214 which they were supposed to return after processing. Refused to take action on claim, until I had sent multiple letters to congress about claim.""

Classify the sentiment of this review as exactly one of: positive, neutral, negative. Respond with only that one word.",negative,yelp,1
R0168_none,R0168,none,none,none,,none,"Review: ""I think their beer selection is much more impressive than their hot dog selection. although, mac and cheese on a hot dog is a pretty amazing option. but really, come for the beer cave and you won't be disappointed.""

Classify the sentiment of this review as exactly one of: positive, neutral, negative. Respond with only that one word.",neutral,yelp,3
R0169_none,R0169,none,none,none,,none,"Review: ""This place is huge and spacious, making it a perfect venue for large events as they serve food and drinks and it is very spread out......it has an upper level with pool tables and a bar but it's not as spacious but is perfect for people watching. That being said, this place gets very hot as the crowds pile in.....I mean they were passing out fans and towels for goodness sake.......now I'm not sure if that is a problem with the cooling system or what but for a natural chic with a blowout these are unacceptable conditions and conditions my hair cannot withstand for an extended period of time.......definitely not a good look.""

Classify the sentiment of this review as exactly one of: positive, neutral, negative. Respond with only that one word.",neutral,yelp,3
R0170_none,R0170,none,none,none,,none,"Review: ""Very frequent customers, at least once a month. Great food, spotty service but will always go back for the Mizithra Cheese! Try to call ahead for a table, especially with a large party.""

Classify the sentiment of this review as exactly one of: positive, neutral, negative. Respond with only that one word.",neutral,yelp,3
R0171_none,R0171,none,none,none,,none,"Review: ""Easily the best espresso I have had in town. \n\nPrevious reviewers are correct - if you are used to the idea of a coffee shop that the local and national chains have given us, there really isn't room for that there. However, the coffee is second to none and for those of you that like to make your coffee at home, they do sell a wide selection of their beans at a reasonable price compared to other coffee shops.""

Classify the sentiment of this review as exactly one of: positive, neutral, negative. Respond with only that one word.",positive,yelp,5
R0172_none,R0172,none,none,none,,none,"Review: ""I love the food here! The pizzas are second to none, the gold wings are incredible, and the pastas are amazing. To top it off, the service here is always awesome. I'm come here anytime I'm in the area. Five stars!!""

Classify the sentiment of this review as exactly one of: positive, neutral, negative. Respond with only that one word.",positive,yelp,5
R0173_none,R0173,none,none,none,,none,"Review: ""Overrated. Service was slow, food was mediocre and a bit pricey for the service/food you get. I had satay chicken and the meat was dry and the sauce was crumbly. Then I ordered the pad-see-ew and it was super salty.""

Classify the sentiment of this review as exactly one of: positive, neutral, negative. Respond with only that one word.",negative,yelp,2
R0174_none,R0174,none,none,none,,none,"Review: ""My goodness, that's a big burrito you serve! \n\nWe stumbled across Firewaters Sunday afternoon when we were both very hungry. My big draw was the Coca-Cola awning because I was dying for a diet coke. We grabbed a table outside with a pretty good view of the baseball stadium and a fantastic view of all the scalpers. \n\nWe ordered a medium burger that came out well and a veggie burrito which was eeee-normous. The fries were quite good and the burrito was pretty tasty. it's not for traditionalists, as the toritlla was more like a wrap, but I really liked it. They were generous with the beans and cheese. \n\nIt's was cheap and fast, a pretty good deal.""

Classify the sentiment of this review as exactly one of: positive, neutral, negative. Respond with only that one word.",neutral,yelp,3
R0175_none,R0175,none,none,none,,none,"Review: ""no appt possible for detailing on weekends!!!!! this is how this business's advertising should read. always call ahead on weekends for detailing!!!!!!!""

Classify the sentiment of this review as exactly one of: positive, neutral, negative. Respond with only that one word.",negative,yelp,1
R0176_none,R0176,none,none,none,,none,"Review: ""If you like waterlogged pasta, runny sauce and food that really is not that good, by all means eat here. \n\nWater is cold, so that's a plus.""

Classify the sentiment of this review as exactly one of: positive, neutral, negative. Respond with only that one word.",negative,yelp,1
R0177_none,R0177,none,none,none,,none,"Review: ""The cinnamon rolls are so good. They are almost half cream cheese icing which is delicious. Plan to be in a sugar coma afterward but its so worth it! The red velvet looked good but I felt too guilty to order more after ordering all five of the cinnamon rolls they had left :)""

Classify the sentiment of this review as exactly one of: positive, neutral, negative. Respond with only that one word.",positive,yelp,5
R0178_none,R0178,none,none,none,,none,"Review: ""Came here for lunch and we saw a waitress go by with a couple of huge pizzas and we asked what it was and she told us that it was the special: personal pizza with one topping for $4.99. When our waitress came over, we all ordered our own pizza. At that price, you can't go wrong! \n\nOur waitress was friendly and attentive, but the pizza took an awful long time to come out. We must have waited for about 30 minutes before the food finally came to our table. But once it came, we ate happily and no one could finish their whole pizza. Definitely worth the money if you have the time to wait.""

Classify the sentiment of this review as exactly one of: positive, neutral, negative. Respond with only that one word.",neutral,yelp,3
R0179_none,R0179,none,none,none,,none,"Review: ""If this is great Southern Food then I am a craw dad . The Okra was not fresh and rather tasteless , the fish special wasn't fresh and was small and the cabbage was mushy. I was married to a Mobile girl and this is not what I expected for Soul Food.. But it was cheap and the corn bread was excellent.""

Classify the sentiment of this review as exactly one of: positive, neutral, negative. Respond with only that one word.",negative,yelp,2
R0180_none,R0180,none,none,none,,none,"Review: ""This place is like Goodwill on steroids. They have new and used stuff in just about any category you can think of. They have furniture, housewares, jewelry, and definitely clothes. The clothes are what drew me here. They have designer brands, like DKNY and Abercrombie for a fraction of the price that they would have been in the regular store. It's definitely one to check out if you need a new look but don't' have a whole lot to spend.""

Classify the sentiment of this review as exactly one of: positive, neutral, negative. Respond with only that one word.",neutral,yelp,3
R0181_none,R0181,none,none,none,,none,"Review: ""Our room wasn't ready at the 4:00 check-in (which should be a pretty basic goal for any hotel). However the manager made it right, we got 50 bucks off a comparable room, a couple of drink coupons for the bar, and some miles on the loyalty program.\nTypical hotel in a grand old building, beautiful lobby, rooms are a little frayed at the edges. But we love these places. A little pricey for what you get but overall a good stay.\nOne pet peeve is that like many hotels you pay $200-300 for a room and then you have to pay for a cup of coffee in the morning. Complementary coffee in the lobby is a really nice touch.""

Classify the sentiment of this review as exactly one of: positive, neutral, negative. Respond with only that one word.",neutral,yelp,3
R0182_none,R0182,none,none,none,,none,"Review: ""Paid $1100 for the required course - party of 6 - and unfortunately did not come close to feeling satisfied in any regard - sorry guys - not a fan and way overpriced""

Classify the sentiment of this review as exactly one of: positive, neutral, negative. Respond with only that one word.",negative,yelp,1
R0183_none,R0183,none,none,none,,none,"Review: ""I love the girls at this particular location, always nice and helpful. The bank itself bothers me because it's so outdated and frankly, that gets annoying since their policies are outdated as well. I do love their change machine though!""

Classify the sentiment of this review as exactly one of: positive, neutral, negative. Respond with only that one word.",neutral,yelp,3
R0184_none,R0184,none,none,none,,none,"Review: ""After leaving the hood when it was dangerous and not gentrified and full of urban/hipsters, I came back around, glad to see the same guys working there, they even recognized me. Same great prices and service.""

Classify the sentiment of this review as exactly one of: positive, neutral, negative. Respond with only that one word.",positive,yelp,5
R0185_none,R0185,none,none,none,,none,"Review: ""Great location and fun for drinks on a beautiful day. If their food quality was better it would be worth the price, because it's just OK at best. That's the only thing missing from this place which is too bad cuz other than the food I love it.""

Classify the sentiment of this review as exactly one of: positive, neutral, negative. Respond with only that one word.",neutral,yelp,3
R0186_none,R0186,none,none,none,,none,"Review: ""I've just had one alteration job done here -- three pairs of pants shortened, at $14 a pop. Which really seems fairly economical compared to having three pairs of expensive pants sitting in the closet because I can't wear them without stepping on the hems. They were fast and efficient, and the pants are the perfect length and break correctly on my leg, so I'll be happy wearing them. I plan to give them some more complicated work soon and will update.""

Classify the sentiment of this review as exactly one of: positive, neutral, negative. Respond with only that one word.",positive,yelp,4
R0187_none,R0187,none,none,none,,none,"Review: ""Awesome view. Good food. But horrible service. The restaurant had no more than 7 tables sat. There was a ton of employees working and service was still slow.""

Classify the sentiment of this review as exactly one of: positive, neutral, negative. Respond with only that one word.",negative,yelp,2
R0188_none,R0188,none,none,none,,none,"Review: ""After all our friends had told us to try out Texaz, we finally did. We both ordered, and it wasn't bad! What they forgot to mention to us was that they all had the chicken fried steaks and LOVED them. Guess we'll have to get that next time. Very friendly staff.""

Classify the sentiment of this review as exactly one of: positive, neutral, negative. Respond with only that one word.",neutral,yelp,3
R0189_none,R0189,none,none,none,,none,"Review: ""Just stayed here for one night and it was passable. It wasn't awesome, but it is well located and fairly clean. It's just a bit dated and tired looking. The staff is friendly, so it's got that going for it.""

Classify the sentiment of this review as exactly one of: positive, neutral, negative. Respond with only that one word.",negative,yelp,2
R0190_none,R0190,none,none,none,,none,"Review: ""Arrived at 7:15 on a Saturday night, there was a 20 minute wait although although empty tables were visible. Got seated at 7:30, put order in shortly thereafter. We got bread and our soups fairly quickly then sat for an hour without any signs of food. We looked around the restraint and it was obvious other tables had been waiting and we're getting frustrated. The waitress apologized the kitchen was slow, so we gave it another 15 minutes before we finally walked out at 9:15 still hungry. The food I saw looked good, but I would never recommend this place. It doesn't take over an hour and a half to make a friggin salad and pasta.""

Classify the sentiment of this review as exactly one of: positive, neutral, negative. Respond with only that one word.",negative,yelp,1
R0191_none,R0191,none,none,none,,none,"Review: ""This place was ok for Champagne-Urbana. Stayed here for my cousins wedding. Rooms were spacious and the kitchenette was a plus as a serious lack of decent places to eat was evident. I don't plan on staying here again, but, then again, I don't plan on heading down to UC any time soon.""

Classify the sentiment of this review as exactly one of: positive, neutral, negative. Respond with only that one word.",neutral,yelp,3
R0192_none,R0192,none,none,none,,none,"Review: ""For a \""Small\"" airport, CDI sure does make a killing. It has to be one of the busiest airports on the east coast just because it services US Airways, like fo real.\n\nSome Drawbacks:\n-Only 3 security checkpoints\n-Continental's 2 gates are about the farthest from the checkpoint\n-Daily parking shuttle seems like it comes once every half hour.\nThat's about it.\n\nWhy I don't mind it:\n-Cheap daily parking\n-Delicious BBQ stand inside\n-Checkpoint lines tend to get long, but move real fast.\n-$25 cab ride from uptown.\n-Drive thru the hood to get there.\n\nCDI gets two thumbs up from this guy. Just move the continental gate closer please!!!!""

Classify the sentiment of this review as exactly one of: positive, neutral, negative. Respond with only that one word.",positive,yelp,4
R0193_none,R0193,none,none,none,,none,"Review: ""CLT reminds me of what CVG used to be- huge, hub of a major carrier, lots of concourses, plenty of dining options and most importantly delayed flights. CVG was notorious for flights not leaving on time and since Delta moved it's hub to Detroit it is like a ghost town. \n\nAnyway I digress- As others have stated there is limited seating in the gate area and it seems like every seat is taken and the number of electric outlets are lacking.""

Classify the sentiment of this review as exactly one of: positive, neutral, negative. Respond with only that one word.",neutral,yelp,3
R0194_none,R0194,none,none,none,,none,"Review: ""Love the food, but we get take out to the office and every time its a bit of an ordeal. \n\nEat in. If you're planning on take out make it simple.""

Classify the sentiment of this review as exactly one of: positive, neutral, negative. Respond with only that one word.",positive,yelp,4
R0195_none,R0195,none,none,none,,none,"Review: ""Got a sandwich to go so I can't give a full review but when I ate it, the fries were soggy and SOO greasy. I had the bag in my purse and the grease leaked through and eventually broke the bag. Really want to eat in there next time since everyones sandwiches looked yummy.\n\nTheir vegetable soup was great! The people who work there are the best. Amazing service.""

Classify the sentiment of this review as exactly one of: positive, neutral, negative. Respond with only that one word.",neutral,yelp,3
R0196_none,R0196,none,none,none,,none,"Review: ""Oh how the mighty have fallen. This place used to be good. Something happened and the wings are small dry and just generally bad. Since wings are supposed to be their thing this is pretty unacceptable.\n\nWriting this review makes me sad because it is a great place to drink beer and watch the game. The beer is reasonably priced but the food is just expensive for what it is. I essentially live across the street so I know I'll go back, but I hope some of these poor reviews will help them turn things around in the kitchen.""

Classify the sentiment of this review as exactly one of: positive, neutral, negative. Respond with only that one word.",negative,yelp,2
R0197_none,R0197,none,none,none,,none,"Review: ""I do miss working downtown since this is a nice spot to get some after work beverages (or 10). Very laid back, no frills atmosphere to this place with an eclectic menu so I am sure there is something everyone can find to eat here. Location, helpful staff, and tasty food/drinks makes me give this place a solid 3 stars.""

Classify the sentiment of this review as exactly one of: positive, neutral, negative. Respond with only that one word.",neutral,yelp,3
R0198_none,R0198,none,none,none,,none,"Review: ""Great place to watch a game or just grab a good bite to eat. The prices are reasonable and the amount of food you get for the price is pretty good. I would suggest the wings and the cheese fries...the fries were rather awesome.""

Classify the sentiment of this review as exactly one of: positive, neutral, negative. Respond with only that one word.",positive,yelp,4
R0199_none,R0199,none,none,none,,none,"Review: ""This airport has not evolved or grown to accommodate its business. Similar to PHL; it is over capacity at each gate, does not have enough power outlets (let alone designated power stations), and lack of hot food choices in each terminal make is a dismal place for a layover.\n\nI personally feel awkward with bathroom attendants present as well. I prefer not to have an audience.""

Classify the sentiment of this review as exactly one of: positive, neutral, negative. Respond with only that one word.",negative,yelp,2
R0200_none,R0200,none,none,none,,none,"Review: ""after my delicious first wrap, i went in here again and got the alota fajita with beef.\n\nit was disgusting. i had two bites and spit the second one out. the beef was gritty and seasoned weird. the green peppers and onions were stringy and not nicely textured.\n\nmy salsa was watery and it had one huge tomato chunk it. the chips were STALE.\n\nwtf, mate?""

Classify the sentiment of this review as exactly one of: positive, neutral, negative. Respond with only that one word.",negative,yelp,1
R0201_none,R0201,none,none,none,,none,"Review: ""Little slow on the service and didn't have the beer I wanted on the menu. But you get those things when they brew their own beers on-site. But the stadium pretzels are good. The cream stout is tasty.\n\nThe burgers are good and big with the little skinny fries. I'm not a fan of the skinny fry, but hey the burgers would choke a horse - and almost did. :o)""

Classify the sentiment of this review as exactly one of: positive, neutral, negative. Respond with only that one word.",neutral,yelp,3
R0202_none,R0202,none,none,none,,none,"Review: ""Stay away from this medical center unless you have plenty of time and don't mind having your credit ruined. My insurance company paid them and I paid my copay for one office visit. So far I've wasted two hours proving the $100 office visit has been paid in full 8 months ago. They are now telling me I have 10 days to pay $206 (instead of the $100) or they will send this to collections. Anyone know of a good attorney?""

Classify the sentiment of this review as exactly one of: positive, neutral, negative. Respond with only that one word.",negative,yelp,1
R0203_none,R0203,none,none,none,,none,"Review: ""The food was nothing more than mediocre for the price. Mediocre ribs (on the dry side), ginormous portions, and big prices to match. Tastes like a chain! And you pay for the theme.\n\nCan be decent for a gathering of the masses to watch a game, or a large party. Otherwise, I'd pass.""

Classify the sentiment of this review as exactly one of: positive, neutral, negative. Respond with only that one word.",negative,yelp,2
R0204_none,R0204,none,none,none,,none,"Review: ""I had driven past schreiner's for ages and not realized that there was a meat store attached to their facility.\n\nWhat a gem! Best place to see locovores and Valley chef's on a daily basis.\n\nI pick up lunch meet charcuterie of salami's and pepperoni's sliced to order. \n\nSausages deliver a whole treat, with several choices ranging from breakfast (maple, fig, bacon) to dinner sausages and everything in between.\n\nBring a cooler and cash! You will want to load up.""

Classify the sentiment of this review as exactly one of: positive, neutral, negative. Respond with only that one word.",positive,yelp,5
R0205_none,R0205,none,none,none,,none,"Review: ""This store is ridiculous. They need to hire way more people. I was upstairs trying to find an employee to help for what it seemed as if it took donkey's years. I finally managed to locate someone who happen to be on the phone with someone else, for which I had to wait at least 15 minutes until I was helped. Customer service is a disaster. However the ambience/atmosphere is enjoyable.""

Classify the sentiment of this review as exactly one of: positive, neutral, negative. Respond with only that one word.",neutral,yelp,3
R0206_none,R0206,none,none,none,,none,"Review: ""Sweet Tomatoes is the haven of all buffets. It's large and clean with helpful staff and excellent food. (Or so I've found at this location)\n\nI may go there now...""

Classify the sentiment of this review as exactly one of: positive, neutral, negative. Respond with only that one word.",positive,yelp,5
R0207_none,R0207,none,none,none,,none,"Review: ""Hits: Tasty food, happy servers, bakery case, and custom blended coffee. \n\nMisses: Static menu...but there are specials and it is an iconic location so maybe things shouldn't change. \n\nHints: Have a cup of free coffee and enjoy some social time with friends while you wait for a table. \n\nBottom-line: Eat, drink good coffee, and be merry.""

Classify the sentiment of this review as exactly one of: positive, neutral, negative. Respond with only that one word.",positive,yelp,4
R0208_none,R0208,none,none,none,,none,"Review: ""Walking around downtown we stumbled into this place for a quick dinner. It was fairly empty and quiet (nice), our waiter was friendly, and the food was ok. We all got sushi, which was good. We had a delicious shrimp and balsamic appetizer, that didn't taste like balsamic, but was great none the less. The meal was not amazing, it was pricey as expected for a hotel lobby restaurant, and it met expectations. I wouldn't run back to this place, but I wouldn't run away, either.""

Classify the sentiment of this review as exactly one of: positive, neutral, negative. Respond with only that one word.",neutral,yelp,3
R0209_none,R0209,none,none,none,,none,"Review: ""It is definitely an experience. Located in not such a great part of town. Very old. Food is just ok, grease upon grease. Everything came out from the kitchen hot, but looked like it was all cooked in the same grease in the same pan. Waitresses do not make much of an effort. She was more concerned with eating her meal. Cashier was a breath of fresh air. She was chatty and nice.""

Classify the sentiment of this review as exactly one of: positive, neutral, negative. Respond with only that one word.",negative,yelp,2
R0210_none,R0210,none,none,none,,none,"Review: ""She was great at explaining the process and seemed to really know what she was doing. The office is nice and very clean. However she didn't show up for our second appointment, or answer the phone, or even call me back. Come to think of it I don't think she ever even asked my name. I waited outside in freezing January for 15 minutes because you can't even enter the building unless she lets you in. Needless to say I was none too happy and gave up.""

Classify the sentiment of this review as exactly one of: positive, neutral, negative. Respond with only that one word.",negative,yelp,2
R0211_none,R0211,none,none,none,,none,"Review: ""Delightfully impressed. \nGreat food for great prices. \n\nMy lunch favs are: \n-Chicken Picado Pita\n-Fresh fruit (not your ordinary fruit salad you get anywhere - you'll find slices of kiwi, mango, oranges, melon, grapes, strawberries)\n-To-die-for Hummus\n\nI take one star away for accessibility. With the new light rail and the one way streets, it's difficult to get to. You have to drive in the back alley to park.""

Classify the sentiment of this review as exactly one of: positive, neutral, negative. Respond with only that one word.",positive,yelp,4
R0212_none,R0212,none,none,none,,none,"Review: ""Pros: great place to host a event or special occasion, awesome cookies, clean, room service food good, and great price for a double tree 4 miles from downtown. \nCons: loud A/C bathrooms small, countertops low, outdated, bathtub needs changing""

Classify the sentiment of this review as exactly one of: positive, neutral, negative. Respond with only that one word.",neutral,yelp,3
R0213_none,R0213,none,none,none,,none,"Review: ""I wish there were negative stars I could put for this place. One of the most unprofessional experiences I have ever had with a business owner, not even a worker. I was yelled at, mocked, and generally treated like crap for checking up on a remounting job that was supposed to be done within a week. Emotional mess the rest of the day. I have never been treated that way with any owner of a business. I work with restaurant owners for god's sake! Unbelievable. If you want the full story, email me and I will tell you the whole thing. As it is right now, DO NOT patronize this business. There was absolutely no excuse for his attitude.""

Classify the sentiment of this review as exactly one of: positive, neutral, negative. Respond with only that one word.",negative,yelp,1
R0214_none,R0214,none,none,none,,none,"Review: ""Wow, went here with a buddy of mine. He's a local and kept telling me how good it was. And, I was not disappointed in the least. You will not go wrong with this place!!!""

Classify the sentiment of this review as exactly one of: positive, neutral, negative. Respond with only that one word.",positive,yelp,5
R0215_none,R0215,none,none,none,,none,"Review: ""these guys have been doing it proper since day one. best customer service and best selection of boards and gear.""

Classify the sentiment of this review as exactly one of: positive, neutral, negative. Respond with only that one word.",positive,yelp,5
R0216_none,R0216,none,none,none,,none,"Review: ""Excellent food & friendly service! We will definitely be back! The guac is amazing by the way, definitely a must try starter.""

Classify the sentiment of this review as exactly one of: positive, neutral, negative. Respond with only that one word.",positive,yelp,5
R0217_none,R0217,none,none,none,,none,"Review: ""Just didn't feel like making dinner tonite, and wanted something quick, yummy and good for me.\n\nI noticed Zoes on my drive home and decided to stop in and check it out. The food was pretty good! I got the grilled chicken platter with a side of rice. I left feeling full (but like the good kind, not the \""on my God I'm gonna pass out\"" kind ;) and satisfied!\n\nI gave it 2 stars because it is kinda generic and there are so many hidden gems to keep an eye out for.\n\n:) Enjoy!""

Classify the sentiment of this review as exactly one of: positive, neutral, negative. Respond with only that one word.",negative,yelp,2
R0218_none,R0218,none,none,none,,none,"Review: ""I usually go here after the gym for a quick snack. They have bulk salted almonds and chocolate coconut water that is great to tide me over before dinner. \n\nFresh Market also has good options for dinner. They have several different types of chicken roll ups including chicken cordon blue, Parmesan chicken, etc. When they go on sale for 2/$6 it makes a great quick, cheap, and easy dinner option. \n\nThey have many new things to try, and are not that expensive. The cashiers are normally very friendly and I like the store setup.""

Classify the sentiment of this review as exactly one of: positive, neutral, negative. Respond with only that one word.",positive,yelp,4
R0219_none,R0219,none,none,none,,none,"Review: ""I've had it with these folks. Tired of my dress shirts coming back with machine marks or \""sorry, but this stain won't come out\"" notes (that I then easily remove with Spray & Wash and a spin in our washing machine). I've never had these problems anywhere else, but I get it from Rainbow every 2nd or 3rd time I send a batch of shirts. Decent enough service & speed, but they just can't seem to get the cleaning right. I'm done.""

Classify the sentiment of this review as exactly one of: positive, neutral, negative. Respond with only that one word.",negative,yelp,2
R0220_none,R0220,none,none,none,,none,"Review: ""Food and decor are horrific. Only redeeming factor is its location; well that and the fact that it's closed 8 hours a day.....""

Classify the sentiment of this review as exactly one of: positive, neutral, negative. Respond with only that one word.",negative,yelp,1
R0221_none,R0221,none,none,none,,none,"Review: ""I would hardly call this place a spa. They were extremely overcrowded and the utensils were not sanitized properly. The employees were rude (probably because they have so many clients at once). While getting my pedicure I noticed one of the 'clean' towels being used on me had hair on it. The girl who ended up doing my nails was sweet and I am fairly pleased with the job she did but I would not go back.""

Classify the sentiment of this review as exactly one of: positive, neutral, negative. Respond with only that one word.",negative,yelp,1
R0222_none,R0222,none,none,none,,none,"Review: ""I heard this place stacks fries and cole slaw onto your sandwich so I gotta try it. I ordered the drunk duck drink and it was fantastic. I got to keep the little rubber ducky on top of my drink too :) As for the sandwich, I got the deluxe double egg and cheese. The portion was HUGE and very messy! More messy than boogers coming out from a runny nose. The sandwich I got was really good and filling. I would recommend this place for visitors from afar and who happens to be in the neighborhood.""

Classify the sentiment of this review as exactly one of: positive, neutral, negative. Respond with only that one word.",positive,yelp,4
R0223_none,R0223,none,none,none,,none,"Review: ""Yes, the reviews are right.\n\n1) Hotel needs updated\n2) Shuttle is slow, took me an hour to get to the hotel because of a \""shift change\"". One guy was waiting at the hotel so long he missed his flight\n3) Fitness room is lacking at best""

Classify the sentiment of this review as exactly one of: positive, neutral, negative. Respond with only that one word.",negative,yelp,1
R0224_none,R0224,none,none,none,,none,"Review: ""Salsa's has been at this location for a long time. I believe they just changed the name to Cabo's. The remodeled and added a stage for live entertainment. I have been there several times. I have discovered that branching out from the standard taco/enchilada/burrito is the way to go here. I really like the Chile a la Mexicana, and the Tacos al Carbon. Their chips and salsa is ok I like a spicier salsa. \nTheir service is good. They have a brunch on Sunday, I was not impressed with that. They have decent margaritas and cold beers. I will go back, and do recommend it.""

Classify the sentiment of this review as exactly one of: positive, neutral, negative. Respond with only that one word.",neutral,yelp,3
R0225_none,R0225,none,none,none,,none,"Review: ""First night not so great. Immediately apparently means 30 minutes later AFTER you call again to the front desk. No one in the room next to me, alarm clock goes off. After waiting 10 minutes, and then knocking on door with no response, call front desk and am told it will be taken care of immediately. Waited 30 minutes, and called back. Then someone came up to take of it.\nIt been a bad day, and this is an excellent end to it.\n3 more nights to go, woo hop!\nAmbiance C\nCleanliness C (generally grungy everywhere)\nCustomer Service D\n(Only selected 1 star because I couldn't post with none)""

Classify the sentiment of this review as exactly one of: positive, neutral, negative. Respond with only that one word.",negative,yelp,1
R0226_none,R0226,none,none,none,,none,"Review: ""I had a 60 day free membership to be Bj's, the only reason I even went in there. Let me state that I have been a member of Costco for over 12yrs,do I do have a bias towards Costco over Sams club or bj' s, but I figured I'd try it. First, the selection in fruits and vegetables was horrible, one of my favorite areas in Costco.... The selection in other areas such as clothing was NOT impressive. Overall, a waste of my time even trying them. There is a reason Costco is the #1 wholesale warehouse site...""

Classify the sentiment of this review as exactly one of: positive, neutral, negative. Respond with only that one word.",neutral,yelp,3
R0227_none,R0227,none,none,none,,none,"Review: ""This is easily one of the best Giant Eagles I've ever been to. Huge. Very nice selection. Easily comparable to Whole Foods. Went to their cheese market, and was pleasantly surprised with the selection. I got Beemster Vlaskas, an amazing Gouda. Very large parking lot.""

Classify the sentiment of this review as exactly one of: positive, neutral, negative. Respond with only that one word.",positive,yelp,5
R0228_none,R0228,none,none,none,,none,"Review: ""X Shadyside is a no frills type of gym (no pool, sauna and hot tub) but gets the job done. They just revamped the entire first floor with more workout machines and weights. A downside of the renovation is that there are less tv channels to choose from (no more Bravo). The staff is incredibly friendly and helpful; and the bathrooms are kept clean (what more can you ask for?).\n\nThe convenience of being able to walk to X Shadyside especially in the winter and their flexible hours are huge pluses so I'm okay with the monthly price that I am paying.\n\nI am looking forward to Planet Smoothie opening next door.""

Classify the sentiment of this review as exactly one of: positive, neutral, negative. Respond with only that one word.",neutral,yelp,3
R0229_none,R0229,none,none,none,,none,"Review: ""I am a big fan of the Whole Foods company in general. The store back home (Omaha) had a wine bar, espresso bar, gelato, sushi and udon stand, a GIANT cheese counter where you could sample...I could go on.\n\nThe Pittsburgh Whole Foods is small, and almost as overcrowded as its parking lot. Two-thirds of the time they are out of what I came for. I'm sorry, but if I'm paying THAT much for groceries, I want a stellar shopping experience. This WF is mediocre at best.""

Classify the sentiment of this review as exactly one of: positive, neutral, negative. Respond with only that one word.",negative,yelp,2
R0230_none,R0230,none,none,none,,none,"Review: ""This probably the worst grocery store I've ever been to. It's constantly packed with usually only 2 cashiers helping patrons and as soon as you walk in it honestly smells like crap. I gave it 2 stars because at least the deli people have always been friendly and there isn't much for grocery stores in the downtown area. If you can avoid shopping here do it you won't regret it""

Classify the sentiment of this review as exactly one of: positive, neutral, negative. Respond with only that one word.",negative,yelp,2
R0231_none,R0231,none,none,none,,none,"Review: ""Location, location, location is the number one rule when picking a spot to stay. This is in a great spot in downtown or as the people of char would say \""uptown\"". The parking is in a garage below the hotel and runs $20/night which is steep. The bedding and rooms @ Marriott are comfy and clean. My biggest gripe w this Marriott is with the scent that is used. The scent is in the hallways and in the rooms. I don't know what it is but it reminds me of an elderly persons home. It has a funky smell. I expect 4 stars w Marriotts and this one gets 3.""

Classify the sentiment of this review as exactly one of: positive, neutral, negative. Respond with only that one word.",neutral,yelp,3
R0232_none,R0232,none,none,none,,none,"Review: ""Last night was my first time at D's. The beer cave was amazing! I'm not a fan of beer but can appreciate a vast selection. I went straight for the cider. The lively energy of this place was incontestable. No frills, down-to-earth place where you can kick it back with a beer (or in my case a cider) and enjoy company with friends. It was a perfect ending to our movie night at the Regent Square Theater. With smiles planted on our faces after watching a dark comedy, going to D's only extended our happy mood. Before leaving I went back to the beer cave for more cider. Good stuff, good stuff!""

Classify the sentiment of this review as exactly one of: positive, neutral, negative. Respond with only that one word.",positive,yelp,4
R0233_none,R0233,none,none,none,,none,"Review: ""Cheap, everyone seems to say that. And it's true. But I wasn't feeling it here.\n\nI for one did not want to dig through the dirty to find the golden product. I know it's in the strip, but I didn't appreciate the amount of bugs flying around me as I was browsing the produce. \n\nThis will probably be a place I just walk by the next time I'm in the strip. I did not enjoy it here at all.""

Classify the sentiment of this review as exactly one of: positive, neutral, negative. Respond with only that one word.",negative,yelp,2
R0234_none,R0234,none,none,none,,none,"Review: ""We live 5 mins away and we've driven by sooo many times, but we've never been in. Let me say that I am so glad we corrected our mistake. We stopped in to order the 14' cheese pizza and it was wonderful! It was as close to pizza from NY without going to the NYC. They also have a great 2 pizza slice and drink lunch special.""

Classify the sentiment of this review as exactly one of: positive, neutral, negative. Respond with only that one word.",positive,yelp,4
R0235_none,R0235,none,none,none,,none,"Review: ""What's good: tall hotels! Love em. Some nice view of uptown CLT. The fitness room is spacious and always empty...The folks are friendly to the point of ALMOST fawning, but not quite...parking deck is below the hotel and easy to get to.\n\nThe not so good: my room was an adjoining room, so I can hear the coughing, shuffling, talking and flushing of my neighbor next door. I can't imagine what he's hearing of me...\n\nThe perplexing: someone on a megaphone at 2am shouting something on the streets of CLT. No no no no no no no. I cannot do that....The Hooters across the street. Classy, uptown.""

Classify the sentiment of this review as exactly one of: positive, neutral, negative. Respond with only that one word.",neutral,yelp,3
R0236_none,R0236,none,none,none,,none,"Review: ""Service is excellent. Every time. Food is just ok. The brisket is totally juicy and fabulous but everything else I have had there is just ok. They have a gluten free menu which is nice. Honestly though I just go back because its convenient, They need some more exciting menu items.....""

Classify the sentiment of this review as exactly one of: positive, neutral, negative. Respond with only that one word.",neutral,yelp,3
R0237_none,R0237,none,none,none,,none,"Review: ""Fun place to go with friends for the first time. Had to try the 22\"" hot dog. Friendly staff and lively atmosphere. Good location, right behind arena and close to hotels. Came, saw, and conquered...""

Classify the sentiment of this review as exactly one of: positive, neutral, negative. Respond with only that one word.",neutral,yelp,3
R0238_none,R0238,none,none,none,,none,"Review: ""I absolutely LOVE this place! I've been eating here for over a decade now and it NEVER fails me. Consistant, friendly, and incredible food! Everything from the breakfast bagel, to the chicken salad sandwich, to the potato salad. If I lived closer, i'd eat here twice a week.""

Classify the sentiment of this review as exactly one of: positive, neutral, negative. Respond with only that one word.",positive,yelp,5
R0239_none,R0239,none,none,none,,none,"Review: ""I love this place! Great for kids because they have activities for them and in the spring the butterfly garden is teeming with life. Always have a something great on exhibit. Being a member there myself, I know there are a lot, no, a ton of classes and walks and guides there almost daily. Classes from the arts to landscape design. \n\nThe experience is never the same there on the trails and in the exhibits, which is what makes it so fun. You really have to go there and walk the trails and hear the jazz played at night!""

Classify the sentiment of this review as exactly one of: positive, neutral, negative. Respond with only that one word.",positive,yelp,5
R0240_none,R0240,none,none,none,,none,"Review: ""Lousy over zealous life grds. Won't even let you float on your back. Lifeguards are power monger idiots here! I was a 10 year lifeguard and they are not trained or professional.""

Classify the sentiment of this review as exactly one of: positive, neutral, negative. Respond with only that one word.",negative,yelp,1
R0241_none,R0241,none,none,none,,none,"Review: ""Bathrooms smell bad but there's free wifi. \n\nFood options are ok, I got a bagel w/ egg & cheese for $5.\n\nLooks like an older airport. Lots of old, white, Southern people. The free wifi made me happy, will not mind flying through again.""

Classify the sentiment of this review as exactly one of: positive, neutral, negative. Respond with only that one word.",neutral,yelp,3
R0242_none,R0242,none,none,none,,none,"Review: ""There are several locations and there can be a huge differnce in product quality and service from one to the next. The 16th Street & Camleback location makes the absolute best chipotle turkey wrap (and I've tried it at four different locations). They layer the turkey, cheese and lettuce so that you don't bite into big chunks of any one but get all the flavors in each bite. For $7 you definitely get a lot of good, fresh food.""

Classify the sentiment of this review as exactly one of: positive, neutral, negative. Respond with only that one word.",neutral,yelp,3
R0243_none,R0243,none,none,none,,none,"Review: ""Tried this place for lunch, had the chicken burro and have to agree with the other reviewers. I wouldn't recommend Matador and am still baffled that it was packed at lunchtime.""

Classify the sentiment of this review as exactly one of: positive, neutral, negative. Respond with only that one word.",negative,yelp,2
R0244_none,R0244,none,none,none,,none,"Review: ""This place use to be nice to eat at. Now it's a dive! The restaurant is filthy, I got a water glass with Lipstick on it and our coffee cups had dried cranberry juice on it.\n\nI've been there multiple times thinking \""it's just an off day\"", The last time I went there was a week ago when a friend was visiting from Palm Springs and I have to say, I was embarrassed after taking him there! They got his order wrong, our dishes were dirty and the waitress seemed annoyed that we even mentioned it.\n\nI will never go there again.""

Classify the sentiment of this review as exactly one of: positive, neutral, negative. Respond with only that one word.",negative,yelp,1
R0245_none,R0245,none,none,none,,none,"Review: ""Say hello to amazing food and say goodbye to a little weight out of your wallet. The food here is simply amazing. I always start with the Mimosa tea - lemonade and tea mix.\n\nWhere to start? The appetizers are great, lunch and dinner fantastic.. desserts.. well I.. I want seconds or thirds of their desserts more so than the meal itself. \n\nWhen the weather is nice, sit outside. The decor on the inside is stunning - good for a group or a date night on the Uptown. \n\nLunch specials are around $11-12. Without alcohol, dinner for three can easily dip into the $80-$100.""

Classify the sentiment of this review as exactly one of: positive, neutral, negative. Respond with only that one word.",positive,yelp,4
R0246_none,R0246,none,none,none,,none,"Review: ""Design isn't very nice, just getting a little dated. But the airport was pleasant and very functional. My trip was very smooth through this airport. And I like the Sprinter which runs from the airport to Uptown.""

Classify the sentiment of this review as exactly one of: positive, neutral, negative. Respond with only that one word.",neutral,yelp,3
R0247_none,R0247,none,none,none,,none,"Review: ""Not so great. The hot wings were not good. The flavor was bland and had hardley any sauce. I had the stuffed numero one-o that tasted very bland and had too much cheese so it melted on my plate. The person next to me had the thin crust which looked pretty good. The wait was extremely long which eould have been okay if food had been worth it. On top of it all it was a little pricy for pizza. I would not recommend this place.""

Classify the sentiment of this review as exactly one of: positive, neutral, negative. Respond with only that one word.",negative,yelp,1
R0248_none,R0248,none,none,none,,none,"Review: ""What a fun time at scarowinds! You can tell they put a lot of effort into it and nothing beats being at a park at night. Only problem I had was only you couldn't find anyone selling hot chocolate and no one knew where you could. 45 degrees outside and no hot drinks for sale? Need some work on that, but otherwise a great time.""

Classify the sentiment of this review as exactly one of: positive, neutral, negative. Respond with only that one word.",positive,yelp,4
R0249_none,R0249,none,none,none,,none,"Review: ""My absolutely favorite dish is the potato gnocchi. Just amazing! Service is fantastic, nice decor. I wish they wouldn't use such huge paper towels in the bathroom, but other than that I really like this place.""

Classify the sentiment of this review as exactly one of: positive, neutral, negative. Respond with only that one word.",positive,yelp,5
R0250_none,R0250,none,none,none,,none,"Review: ""I really love the chicken and tuna salad. Goes very nicely with their sweet tea. Good sevice and good salads, and an overall trendy and upbeat atmosphere. I would recommend it definately. Plus the staff is eally nice too.""

Classify the sentiment of this review as exactly one of: positive, neutral, negative. Respond with only that one word.",positive,yelp,4
R0001_western_male,R0001,western_male,western,male,Andrew Bennett,Anglo-American,"Reviewer: Andrew Bennett

Review: ""The lobster tail was salty. The crab legs were alright. The shrimp was awesome. The asparagus was amazing. All in all it was eh.""

Classify the sentiment of this review as exactly one of: positive, neutral, negative. Respond with only that one word.",negative,yelp,2
R0002_western_male,R0002,western_male,western,male,David Coleman,Anglo-American,"Reviewer: David Coleman

Review: ""I would rather drive out of my way to another Home Depot than give this location my business. \n\nEmployees are unhelpful and the most of them are too busy talking to each other and complaining about their jobs to notice you're standing there in front of them. Strike that... I'm certain they notice, they just don't care.\n\nI'm a pretty understanding person, but when this sort of thing happens more than once on the same visit, it's time to go. There are plenty of HD's around, seek them out and skip this one (especially if you're going to have questions)!""

Classify the sentiment of this review as exactly one of: positive, neutral, negative. Respond with only that one word.",negative,yelp,1
R0003_western_male,R0003,western_male,western,male,James Mitchell,Anglo-American,"Reviewer: James Mitchell

Review: ""This was a bit of a disappointment. Sushi rice was way too sweet, and the pasta was overcooked. Overall food was ok but worse than I had expected given the 4 star rating and seemingly authentic menu.""

Classify the sentiment of this review as exactly one of: positive, neutral, negative. Respond with only that one word.",neutral,yelp,3
R0004_western_male,R0004,western_male,western,male,Connor MacLeod,Scottish,"Reviewer: Connor MacLeod

Review: ""Decent breakfast and great service. I found the much touted corned beef hash to be too salty but everything else we ordered was great. Overall, I recommend this restaurant for breakfast""

Classify the sentiment of this review as exactly one of: positive, neutral, negative. Respond with only that one word.",positive,yelp,4
R0005_western_male,R0005,western_male,western,male,Daniel Reynolds,Anglo-American,"Reviewer: Daniel Reynolds

Review: ""The service was great but the food was all right. I've been to several Qdoba's and this one was just not up to par.""

Classify the sentiment of this review as exactly one of: positive, neutral, negative. Respond with only that one word.",neutral,yelp,3
R0006_western_male,R0006,western_male,western,male,William Foster,Anglo-American,"Reviewer: William Foster

Review: ""I bought some Halloween lights there a few weeks ago that did not work for, $3.99. Went back to exchange them for better quality ones without my receipt, they said they could not refund. I thought that was petty of them to not take them back. They still got my sale for the better quality ones. The clerk said she was sorry. If the management was actually sorry they would have refunded my $3.99 don't you think?""

Classify the sentiment of this review as exactly one of: positive, neutral, negative. Respond with only that one word.",negative,yelp,1
R0007_western_male,R0007,western_male,western,male,John Walker,Anglo-American,"Reviewer: John Walker

Review: ""This airport was pretty cool. Until... Going through that TSA x-ray scanning and pat down! This service should have included four star dining and drinks before hand. \n\nBefore I head back to the West Coast, I was craving for some Bojangles Chicken. Luckily I had a two hour gap before my flight. I was walking from terminal A to terminal B. I literally had walk a mile and a half to get to the only Bojangles in the airport. \n\nP.S. - CLT please add at least one Bojangles in each terminal. Thank you.""

Classify the sentiment of this review as exactly one of: positive, neutral, negative. Respond with only that one word.",negative,yelp,2
R0008_western_male,R0008,western_male,western,male,Mark Sullivan,Anglo-American,"Reviewer: Mark Sullivan

Review: ""I've definitely had better. The overall quality of all the food....veggies and chicken, was definitely poor. I ate it but will definitely not go there again!""

Classify the sentiment of this review as exactly one of: positive, neutral, negative. Respond with only that one word.",negative,yelp,2
R0009_western_male,R0009,western_male,western,male,Michael Turner,Anglo-American,"Reviewer: Michael Turner

Review: ""A strip-mall chain. It's not bad food, just a bad location. Their version of a fried onion with dipping sauce is the same you'd get at Chilis. The steak was cooked just as I ordered and the service was good.\n\nThis place is pretty much like a Longhorn or Outback, so if you like the two of those, give it a shot.\n\nNo complaints...just nothing special that's making me come back.""

Classify the sentiment of this review as exactly one of: positive, neutral, negative. Respond with only that one word.",neutral,yelp,3
R0010_western_male,R0010,western_male,western,male,Thomas Whitfield,Anglo-American,"Reviewer: Thomas Whitfield

Review: ""Don't go if you want a nice dining environment. To say the furnishings in the dining area are spartan would be an understatement.\nBut, the food is fantastic. Fresh made, fairly priced, and delicious. Get a dessert cookie or cannoli to round out your lunch. \nI hit this place every time I'm in Pittsburgh. Everyone hears about Primanti's (which is good, dont get me wrong), but this place is every bit as good.""

Classify the sentiment of this review as exactly one of: positive, neutral, negative. Respond with only that one word.",positive,yelp,4
R0011_western_male,R0011,western_male,western,male,Liam O'Connor,Irish,"Reviewer: Liam O'Connor

Review: ""I had a business dinner here tonight with a party of 7. Wonderful meal, super service, private setting and a convenient location. This place is one of the most consistent restaurants in all of my work travels. Definitely a stand out in the Palm chain.""

Classify the sentiment of this review as exactly one of: positive, neutral, negative. Respond with only that one word.",positive,yelp,4
R0012_western_male,R0012,western_male,western,male,Robert Hayes,Anglo-American,"Reviewer: Robert Hayes

Review: ""Good sandwiches, fancy-type bread, not a large selection for the kids. Ice cream seems okay, if not outstanding. Reasonably quick and friendly service, more affordable than some of the other options in the area.""

Classify the sentiment of this review as exactly one of: positive, neutral, negative. Respond with only that one word.",neutral,yelp,3
R0013_western_male,R0013,western_male,western,male,James Mitchell,Anglo-American,"Reviewer: James Mitchell

Review: ""Ya Gotta Regatta! It's Pittsburgh's mid summer July 4th celebration. Once it was the largest inland regatta in the nation with an average 1 Million people visiting for the four day event. Scaled back these days for reasons I won't get into, the annual summer spectacular features boat racing, anything that floats contests, a lighted boat parade, concerts, and the huge July 4Th fireworks display. Best of all, it's free!""

Classify the sentiment of this review as exactly one of: positive, neutral, negative. Respond with only that one word.",neutral,yelp,3
R0014_western_male,R0014,western_male,western,male,Connor MacLeod,Scottish,"Reviewer: Connor MacLeod

Review: ""Just a heads up, this rating is only for cravings past 2am, usually when drunk and/or completely starved, this place is a hole while the sunlight is up. Now having said that, 2 tacos for 99 cents and super scrumptious milkshakes, not sure what else you could ask for!!""

Classify the sentiment of this review as exactly one of: positive, neutral, negative. Respond with only that one word.",neutral,yelp,3
R0015_western_male,R0015,western_male,western,male,Mark Sullivan,Anglo-American,"Reviewer: Mark Sullivan

Review: ""Absolutely delicious! Love the Icelandic smoked salmon crepe and the Nutella crepe. However, they are almost never open and the older gentleman (who I assume to be upper management) can be quite rude!\n\nI have been there a few times and have no problem with the younger servers at all, who have actually been extremely pleasant and friendly. My biggest complaint is the manager/owner who literally hung up on me not but five minutes ago!! Had it not been for him, I would have given it 4 stars.\n\nIf you don't mind potentially rude service, I would recommend giving it a try. On the other hand, sometimes it's not worth it.""

Classify the sentiment of this review as exactly one of: positive, neutral, negative. Respond with only that one word.",neutral,yelp,3
R0016_western_male,R0016,western_male,western,male,Andrew Bennett,Anglo-American,"Reviewer: Andrew Bennett

Review: ""Legends has food?? Seriously?? How come I did not know this? \n\nThey make a fabulous Sex on the Beach. The drink prices are reasonable. The noise level is tolerable. And it's always fun to challenge your crush to a game or two here. \n\nThat being said...and for all the time I spent here...I still didn't know they served food!""

Classify the sentiment of this review as exactly one of: positive, neutral, negative. Respond with only that one word.",neutral,yelp,3
R0017_western_male,R0017,western_male,western,male,Daniel Reynolds,Anglo-American,"Reviewer: Daniel Reynolds

Review: ""A bit dark in the evening. Could use more signage. Customs can take a while, so don't try to cut your flight too close. Staff is friendly and foods are overpriced. Otherwise, no complaints so far.""

Classify the sentiment of this review as exactly one of: positive, neutral, negative. Respond with only that one word.",neutral,yelp,3
R0018_western_male,R0018,western_male,western,male,David Coleman,Anglo-American,"Reviewer: David Coleman

Review: ""Meh. The outside and insides are nice and trendy, and the sushi was pretty good, but my Nabeyaki Udon had a really odd flavor that didn't sit well with me. The place also smelled like fish, and that's never good. I don't know if I'd go back, especially since they're a little pricey. Service was ok though.""

Classify the sentiment of this review as exactly one of: positive, neutral, negative. Respond with only that one word.",neutral,yelp,3
R0019_western_male,R0019,western_male,western,male,Thomas Whitfield,Anglo-American,"Reviewer: Thomas Whitfield

Review: ""I stayed here at an incredibly cheap rate via hotwire. I was quite pleased with the value, although the room I stayed in lacked the character found in the grand hotel lobby below. Nevertheless, the room was quiet, clean, and very comfortable, except that the window let in almost no light thanks to a building adjacent to the hotel. I really mean no light, as in at noon it was dark. I presume that other, higher floors have nicer rooms.""

Classify the sentiment of this review as exactly one of: positive, neutral, negative. Respond with only that one word.",neutral,yelp,3
R0020_western_male,R0020,western_male,western,male,Michael Turner,Anglo-American,"Reviewer: Michael Turner

Review: ""I ordered a takeout here today and ordered my FF extra crispy. Same old limp soggy under cooked fries as usual.""

Classify the sentiment of this review as exactly one of: positive, neutral, negative. Respond with only that one word.",neutral,yelp,3
R0021_western_male,R0021,western_male,western,male,John Walker,Anglo-American,"Reviewer: John Walker

Review: ""This review is solely about volunteering here. They do not return phone calls or emails. They treat people that want to volunteer their time horribly! On facebook former volunteers/vanguards are always complaining. Sojourner Center should start treating better those willing to work for free! This is a disgrace. The horror stories that i heard and my personal experience of not even treated as a person that should have emails returned is just unbelievable. Want to volunteer? Look elsewhere.""

Classify the sentiment of this review as exactly one of: positive, neutral, negative. Respond with only that one word.",negative,yelp,1
R0022_western_male,R0022,western_male,western,male,Robert Hayes,Anglo-American,"Reviewer: Robert Hayes

Review: ""Had bbq pork sandwich. It was good, but over priced. No lids for your soda? Wth? Wish they served fries instead of potato chips.""

Classify the sentiment of this review as exactly one of: positive, neutral, negative. Respond with only that one word.",neutral,yelp,3
R0023_western_male,R0023,western_male,western,male,Liam O'Connor,Irish,"Reviewer: Liam O'Connor

Review: ""Very nice inside with a great atmosphere. Turn around was quick and staff was friendly. I got a white comforter dry cleaned and while it didn't as clean as I had hoped, it was cleaner, smelled great, and was wrapped up neatly.""

Classify the sentiment of this review as exactly one of: positive, neutral, negative. Respond with only that one word.",positive,yelp,4
R0024_western_male,R0024,western_male,western,male,William Foster,Anglo-American,"Reviewer: William Foster

Review: ""I'm a regular at Pane and can honestly say I've never had a bad experience. Visually beautiful and home to the BEST caprese sandwich you will ever have. They always have their signature sandwiches and pizzas but the menu changes daily -- something I love in a restaurant. The food is fresh, produce local, and bread made in-house. They sell beverages in glass bottles and if you take your food to go, they supply a homemade caramel. There is nothing about this place I don't love! Especially the fact that it's located next to Lux -- so you can stop in for coffee and dessert or a cocktail afterward.""

Classify the sentiment of this review as exactly one of: positive, neutral, negative. Respond with only that one word.",positive,yelp,5
R0025_western_male,R0025,western_male,western,male,Mark Sullivan,Anglo-American,"Reviewer: Mark Sullivan

Review: ""I mean, I was really hungover, so it did it's job. But it was one of the greasiest things I've ever eaten in my life. Took about 15-20 minutes to get a table, but the service was good. Just don't order the country fried steak unless you want a heart attack at 11:00 am.""

Classify the sentiment of this review as exactly one of: positive, neutral, negative. Respond with only that one word.",neutral,yelp,3
R0026_western_male,R0026,western_male,western,male,James Mitchell,Anglo-American,"Reviewer: James Mitchell

Review: ""Check-in was fast and quick and price was right for what it was. A big upgrade over a discount property and super close to the airport. It does resemble a different kind of hotel in that everything was outside, but the room was spacious and generally quiet. The morning breakfast was solid and the only real minus was the shuttle's delay; some of the hotels came twice in the time it took this one to show up once. But save for that...a more than adaquate experience for an overnight stay.""

Classify the sentiment of this review as exactly one of: positive, neutral, negative. Respond with only that one word.",neutral,yelp,3
R0027_western_male,R0027,western_male,western,male,William Foster,Anglo-American,"Reviewer: William Foster

Review: ""Worst service in a Marriot. My key did not work, went to the office and she did not even check my name!!!!.... Waited for the shuttle around 40 min at the airport. Not even friendly people working there...""

Classify the sentiment of this review as exactly one of: positive, neutral, negative. Respond with only that one word.",negative,yelp,1
R0028_western_male,R0028,western_male,western,male,Robert Hayes,Anglo-American,"Reviewer: Robert Hayes

Review: ""This place is a disaster. I made an appointment online for 5:30PM. When I got there they refused me service, asserting they close at 6:00PM. Nevermind that online published hours are from 7AM to 7PM. Furthermore, their own system sent me a confirmation email for my 5:30PM appointment. Finally, this building is an absolute dump... Goodyear should be ashamed to have the brand attached to it.""

Classify the sentiment of this review as exactly one of: positive, neutral, negative. Respond with only that one word.",negative,yelp,1
R0029_western_male,R0029,western_male,western,male,Liam O'Connor,Irish,"Reviewer: Liam O'Connor

Review: ""went today was greeted as i entered also asked if i needed assistance when i looked lost and was able to find all things i needed i had a return from a different location they got that swapped in no time this location is clean and staff were way cool i would definitely suggest others visit if you live near this area""

Classify the sentiment of this review as exactly one of: positive, neutral, negative. Respond with only that one word.",positive,yelp,5
R0030_western_male,R0030,western_male,western,male,John Walker,Anglo-American,"Reviewer: John Walker

Review: ""The first time I ate here I loved it. The second time I went, we order 1/2 sandwich and soup. We received a full sandwich and the soup was ice cold. We were also charged for the regular sandwich and soup. I've also tried take out with them and just wasn't happy with the tastes, so think I've given this place enough shots.""

Classify the sentiment of this review as exactly one of: positive, neutral, negative. Respond with only that one word.",negative,yelp,2
R0031_western_male,R0031,western_male,western,male,David Coleman,Anglo-American,"Reviewer: David Coleman

Review: ""Love this place! Southern cuisine with a modern twist! Great food, friendly & professional service, and great atmosphere. My favorite dish is the pecan trusted trout.""

Classify the sentiment of this review as exactly one of: positive, neutral, negative. Respond with only that one word.",positive,yelp,5
R0032_western_male,R0032,western_male,western,male,Connor MacLeod,Scottish,"Reviewer: Connor MacLeod

Review: ""I keep trying and this place will not stop disappointing me. Lower your expectations and you may enjoy it. \nThe idea is right the execution is terrible. \nI am not old but this place is brutally loud. I mean painfully so. I mention it and they turn and walk away. \nThe food is priced right. The bartender / chef doesn't care anyway. \nIt's cheap and obviously satisfies many. \nUnfriendly should be the first warning.""

Classify the sentiment of this review as exactly one of: positive, neutral, negative. Respond with only that one word.",negative,yelp,2
R0033_western_male,R0033,western_male,western,male,Daniel Reynolds,Anglo-American,"Reviewer: Daniel Reynolds

Review: ""Better than expected. Many salad bar items, excellent corn bread. BF cleared his plate, I did too. Nothing fancy but good food! Staff very attentive.""

Classify the sentiment of this review as exactly one of: positive, neutral, negative. Respond with only that one word.",positive,yelp,4
R0034_western_male,R0034,western_male,western,male,Michael Turner,Anglo-American,"Reviewer: Michael Turner

Review: ""I don't know I just wasn't that impressed. It was a neat little store and the employees were super friendly but I couldn't find much (then again when I buy used I usually go to salvation army). I walked out with a dress that was 30 bucks and I have yet to wear. Maybe it's hit or miss? I just didn't find it that great.""

Classify the sentiment of this review as exactly one of: positive, neutral, negative. Respond with only that one word.",neutral,yelp,3
R0035_western_male,R0035,western_male,western,male,Thomas Whitfield,Anglo-American,"Reviewer: Thomas Whitfield

Review: ""I've gotten use to this safeway after living down the street for a year but it certainly is different than others I've shopped at. \n\nSize wise it's tiny. There are only 5 or 6 registers and there's always a line, no matter what time of day. The later at night you go the sketchy the customers get. I went in for a late night ice cream run once and thought I had entered the Twilight zone.\n\nThe one thing stopping me from giving it two stars are the employees. They're always friendly and willing to help. I can always start up a conversation when checking out.""

Classify the sentiment of this review as exactly one of: positive, neutral, negative. Respond with only that one word.",neutral,yelp,3
R0036_western_male,R0036,western_male,western,male,Andrew Bennett,Anglo-American,"Reviewer: Andrew Bennett

Review: ""I have enjoyed my stay very much. The complimentary breakfast was also very delicious. My room was clean and comfortable. My only complaint was the amount of TV channels offered, however you get free WiFi. I would stay here again.""

Classify the sentiment of this review as exactly one of: positive, neutral, negative. Respond with only that one word.",positive,yelp,4
R0037_western_male,R0037,western_male,western,male,Connor MacLeod,Scottish,"Reviewer: Connor MacLeod

Review: ""I have made a couple visits over the years (I don't live in Champaign). Located along a major thoroughfare for the city and near campustown. The donuts are pretty good. Quick service. However, not all the donuts are in stock at a given time. I was just there and didn't even see glazed yeast donuts (the classic).- just glazed cake and the glazed minis. I appreciate having someplace to grab a snack with early morning Black Friday shopping.""

Classify the sentiment of this review as exactly one of: positive, neutral, negative. Respond with only that one word.",neutral,yelp,3
R0038_western_male,R0038,western_male,western,male,Mark Sullivan,Anglo-American,"Reviewer: Mark Sullivan

Review: ""This is great place to have a healthy meal for a decent price. Salad fixins are all super fresh, and there are so many to choose from. The soups that I tried, the chicken noodle and creamy tomato, were as good as any homemade soup I've had. This really is more like 3.5 stars for me, but I give it the bump for the soft-serve ice cream machine -- not to mention the warm snicker-doodle cookies they brought to our table.""

Classify the sentiment of this review as exactly one of: positive, neutral, negative. Respond with only that one word.",positive,yelp,4
R0039_western_male,R0039,western_male,western,male,Robert Hayes,Anglo-American,"Reviewer: Robert Hayes

Review: ""The Fish Tacos are what brings me to Hickory Tavern for lunch. They are absolutely fantastic. However, the rest of the menu I haven't had much success. Nothing bad, just nothing that sticks out and says wow. \n\nThe desserts are MASSIVE, and I would recommend sharing if you get one. The oreo cheesecake and the tiramisu cheesecakes are especially good.\n\nThey do offer trivia on Wednesday nights where you can win gift certificates (and apply them to your bill that night). \n\nAgain, 3 stars for having some good food, but I don't yearn to go there every week.""

Classify the sentiment of this review as exactly one of: positive, neutral, negative. Respond with only that one word.",neutral,yelp,3
R0040_western_male,R0040,western_male,western,male,William Foster,Anglo-American,"Reviewer: William Foster

Review: ""STAY AWAY FROM ARCADIA COVE!! \nThey won't give the deposit back. Even though I have cleaned everything, they said simple reasons to keep the deposit with them. DO NOT STAY IN ARCADIA COVE, you will loose all your security deposit.""

Classify the sentiment of this review as exactly one of: positive, neutral, negative. Respond with only that one word.",negative,yelp,1
R0041_western_male,R0041,western_male,western,male,David Coleman,Anglo-American,"Reviewer: David Coleman

Review: ""After 17 years of only being able to choose between three pizza chains, I really appreciate little places like this with good pizza. The pepperoni pizzas are thin and greasy like they're supposed to be, the crust is home made, the sauce is good, and the amount of cheese perfect.\n\nIt's kind of sad that the other 'V' pizza place around the corner isn't any better than the three national chains.""

Classify the sentiment of this review as exactly one of: positive, neutral, negative. Respond with only that one word.",positive,yelp,5
R0042_western_male,R0042,western_male,western,male,Daniel Reynolds,Anglo-American,"Reviewer: Daniel Reynolds

Review: ""Eat at your own risk. The service is terrible, the staff seem to be generally clueless, the management is inclined to blame the staff for their own mistakes, and there's no sense of FAST in their fast food. When we came, half of the menu board was still on breakfast, and it was 4:30p. The only thing they have going for them is that the food is hot and tastes just like McDonald's should. \n\nThen again, the franchise is owned by Rice, and I've come to take terrible service is their MO.""

Classify the sentiment of this review as exactly one of: positive, neutral, negative. Respond with only that one word.",negative,yelp,1
R0043_western_male,R0043,western_male,western,male,Michael Turner,Anglo-American,"Reviewer: Michael Turner

Review: ""Great prices for the the quality of pizza.\n\nWe got wings and the pizza. It was all good. No complaints.\n\nQuick, friendly service. So good.\n\nEverything was good. Like, so good. It's my new fav pizza place thing.\n\nSo good. Like, good.""

Classify the sentiment of this review as exactly one of: positive, neutral, negative. Respond with only that one word.",positive,yelp,5
R0044_western_male,R0044,western_male,western,male,James Mitchell,Anglo-American,"Reviewer: James Mitchell

Review: ""Wow...what a nice surprise! Chips and salsa were great, even though I usually prefer my salsa spicier than what is offered. Desert Fire Pasta was EXCELLENT, and sons loved their pork enchiladas and chicken quesadillas. Limit Two margarita was awesome (Top Shelf Conmemorativo). Highly recommended - great food, reasonably priced, and outdoor seating wonderful!""

Classify the sentiment of this review as exactly one of: positive, neutral, negative. Respond with only that one word.",positive,yelp,5
R0045_western_male,R0045,western_male,western,male,Thomas Whitfield,Anglo-American,"Reviewer: Thomas Whitfield

Review: ""Didn't think it was as good as other reviewers. Thought my Ribs had a rubbery texture. Would have given it a 1 star but the others I was with thought it was So So, so I'll give this place a 2 but that may be a stretch.""

Classify the sentiment of this review as exactly one of: positive, neutral, negative. Respond with only that one word.",negative,yelp,2
R0046_western_male,R0046,western_male,western,male,John Walker,Anglo-American,"Reviewer: John Walker

Review: ""Spent north of $1200 for simple food in one of their boxes last week. After charging me a %20 \""service fee\"" on the food, they ask for a %15 tip as well. Going to the ball park next time.""

Classify the sentiment of this review as exactly one of: positive, neutral, negative. Respond with only that one word.",negative,yelp,2
R0047_western_male,R0047,western_male,western,male,Andrew Bennett,Anglo-American,"Reviewer: Andrew Bennett

Review: ""Amazing food, lovely atmosphere. Lot of the menu changes seasonally. We probably come here twice a month. I try to avoid ordering the same thing over an over (the fillet mignon is just outstanding), and I have never been disappointed.\n\nIt's a bit on the pricey side, but I think it's worth it for a date or even a group night out.\n\nThe upstairs covered patio area is great in the summer time.""

Classify the sentiment of this review as exactly one of: positive, neutral, negative. Respond with only that one word.",positive,yelp,5
R0048_western_male,R0048,western_male,western,male,Liam O'Connor,Irish,"Reviewer: Liam O'Connor

Review: ""Stopped in here for a business lunch. A bit loud but still was able to speak clearly. Ordered up some shrimp tacos. Was warned they had a bit of a kick. They did and they were good! Really enjoyed them. Service was dead on too. Def a place I would go back to again if I was in the area.""

Classify the sentiment of this review as exactly one of: positive, neutral, negative. Respond with only that one word.",positive,yelp,5
R0049_western_male,R0049,western_male,western,male,David Coleman,Anglo-American,"Reviewer: David Coleman

Review: ""Even though it is only $6 to get in, this is so old school. They hand you a 3 ring binder to take you through the tour. They do not have information cards at each fire truck. You have to read this small print in the 3 ring binder while minding your children. The old guy at the front desk was grouchy on top of it all. Don't waste your money. Make a donation to the fallen fire fighters instead.""

Classify the sentiment of this review as exactly one of: positive, neutral, negative. Respond with only that one word.",negative,yelp,1
R0050_western_male,R0050,western_male,western,male,Thomas Whitfield,Anglo-American,"Reviewer: Thomas Whitfield

Review: ""HUGE disappointment!!!! Stopped for a quick dinner before a show. Ordered 2 burgers medium. They came out extremely well done & the buns were hard & dry. The waitress took them back to the kitchen & returned with 2 more well done burgers! What the heck?! When we told her (& showed her), she apologized & took 20% off the bill. We didn't have time for round 3. They didn't even send a manager over. $30 for an inedible meal. We will not be back. I'd recommend trying somewhere else.""

Classify the sentiment of this review as exactly one of: positive, neutral, negative. Respond with only that one word.",negative,yelp,1
R0051_western_male,R0051,western_male,western,male,James Mitchell,Anglo-American,"Reviewer: James Mitchell

Review: ""Obviously the greatest part of this place are the hours and availability if you are in a pinch and live uptown and need to get something shipped out. They even have greeting cards if you need a quick birthday card shipped out. \n\nThe interior is nice and clean and supplies are neatly and well kept. The staff couldn't be nicer, maybe just a tad too nice. You know like a waiter that swings by every 5 seconds to see how the meal is. I'll take that issue any day of the week though.""

Classify the sentiment of this review as exactly one of: positive, neutral, negative. Respond with only that one word.",neutral,yelp,3
R0052_western_male,R0052,western_male,western,male,Mark Sullivan,Anglo-American,"Reviewer: Mark Sullivan

Review: ""I love this place!\n\nIt's not fancy, it's a little corner diner but their coffee is very good. Better than some of our local coffee shops even. Their breakfast is much better t""

Classify the sentiment of this review as exactly one of: positive, neutral, negative. Respond with only that one word.",positive,yelp,4
R0053_western_male,R0053,western_male,western,male,Robert Hayes,Anglo-American,"Reviewer: Robert Hayes

Review: ""Went here this past Saturday afternoon, 11/2. My friends and I sat at the pretty much empty bar for over 5 minutes with no service. The bartender walked by us a few times and didn't even acknowledge we were there. As we walked out, we saw the bartender on the phone and other staff members standing in the back chatting. We went next door to Mad Mex and got much better service!""

Classify the sentiment of this review as exactly one of: positive, neutral, negative. Respond with only that one word.",negative,yelp,1
R0054_western_male,R0054,western_male,western,male,William Foster,Anglo-American,"Reviewer: William Foster

Review: ""Something different here.\n\nFood, schmood, go there and drink the beers from the beer cave. I don't think you have to wait for the server to open your beer, they'll notice and charge your accordingly. It's all walk in and self service beer, why don't more places do that?!\n\nMike""

Classify the sentiment of this review as exactly one of: positive, neutral, negative. Respond with only that one word.",positive,yelp,4
R0055_western_male,R0055,western_male,western,male,Liam O'Connor,Irish,"Reviewer: Liam O'Connor

Review: ""So chill. How chill you ask?.... They have ROCKING CHAIRS! Yes, rocking chairs in an airport! THAT'S how chill this is airport is. And yes I've used the word chill and airport in the same sentence (rare combo). \n\nBesides the rocking chairs, there's free wifi and various food options. Pleasant staff, clean and not over crowded. Not a bad spot for layover.""

Classify the sentiment of this review as exactly one of: positive, neutral, negative. Respond with only that one word.",positive,yelp,4
R0056_western_male,R0056,western_male,western,male,John Walker,Anglo-American,"Reviewer: John Walker

Review: ""The sangria here is awful. I think it was a tequila sunrise. The food is greasy and not in a good way. The only thing good was the goat cheese. But it is goat cheese. How can you mess that up?""

Classify the sentiment of this review as exactly one of: positive, neutral, negative. Respond with only that one word.",negative,yelp,2
R0057_western_male,R0057,western_male,western,male,Connor MacLeod,Scottish,"Reviewer: Connor MacLeod

Review: ""I ordered a Veggie Pizza with 4 different toppings and did not really enjoy it a lot. They use some oil which smell different that killed the taste of my pizza. Also, the toppings were not greatly blended, just rather sprinkled. DIdn't even enjoy the pizza crust.\nI work right next door, but wont go there again.\nI usually dont write reviews. Was surprised Yelp had 4 stars and I was disaoopinted, so writing my experience.So sharing my input that may help others make an uinformed choice causeI think 4 stars is misleading.""

Classify the sentiment of this review as exactly one of: positive, neutral, negative. Respond with only that one word.",negative,yelp,1
R0058_western_male,R0058,western_male,western,male,Daniel Reynolds,Anglo-American,"Reviewer: Daniel Reynolds

Review: ""Your only choice for movies if you're on the east side. Older theater shows the current films but don't expect anything extraordinary from here.""

Classify the sentiment of this review as exactly one of: positive, neutral, negative. Respond with only that one word.",neutral,yelp,3
R0059_western_male,R0059,western_male,western,male,Andrew Bennett,Anglo-American,"Reviewer: Andrew Bennett

Review: ""I love love love this place! The tmb sandwich is the best around. Everything from the bread, to the cheese to the veggies are fresh and flavorful. A definite must try if you're downtown. But don't expect there to be much seating though. It's pretty much a to go kinda place. There's a few benches outside, but it's pretty much take and go. So just a little heads up. They even have a few salads there, the caprese is the best. Try it, it's good and a definite repeat kind of place.""

Classify the sentiment of this review as exactly one of: positive, neutral, negative. Respond with only that one word.",positive,yelp,5
R0060_western_male,R0060,western_male,western,male,Michael Turner,Anglo-American,"Reviewer: Michael Turner

Review: ""The decor is nice and makes for a nice ambiance. Good beer selection and pizza. Pool tables are some of the best in town. Overall great local place to go.""

Classify the sentiment of this review as exactly one of: positive, neutral, negative. Respond with only that one word.",positive,yelp,4
R0061_western_male,R0061,western_male,western,male,Robert Hayes,Anglo-American,"Reviewer: Robert Hayes

Review: ""Some people must have different taste buds ,I have been here about 5 times over a span of 6years , never once have I enjoyed it ,\nEvery time I say oh let's give it a try and I regret it I've tried enchiladas burritos tacos crane asada this is no where near the real thing , the last time I think there was lettuce in the guacamole maybe by accident but it made me sick""

Classify the sentiment of this review as exactly one of: positive, neutral, negative. Respond with only that one word.",negative,yelp,1
R0062_western_male,R0062,western_male,western,male,Thomas Whitfield,Anglo-American,"Reviewer: Thomas Whitfield

Review: ""damn this place is dead... but cute i suppose!.. part of it at least. if i didn't go by myself, i'd have much more fun grabbing a beer at every place that had beer! well, what is it like 3 places? anyway, why does anyone come here unless they're me who is stranded downtown for the week on business?""

Classify the sentiment of this review as exactly one of: positive, neutral, negative. Respond with only that one word.",negative,yelp,2
R0063_western_male,R0063,western_male,western,male,Mark Sullivan,Anglo-American,"Reviewer: Mark Sullivan

Review: ""The food was really good but their beans and rice side for a plate is ridiculously priced. The service was horrible! Waited forever get a table because it said please wait to be seated then to be told go pick out what table you want. Took almost 15 mins to get chips. And our waitress was rude and didn't check on us once until it was time to pay. She didn't ask if we wanted refills or a box for the 3$ beans and rice we got.""

Classify the sentiment of this review as exactly one of: positive, neutral, negative. Respond with only that one word.",positive,yelp,4
R0064_western_male,R0064,western_male,western,male,Liam O'Connor,Irish,"Reviewer: Liam O'Connor

Review: ""A reasonable place for decent food at a cheap price. Something about the ambiance of the place puts me off though. This place is more of a quick lunch place so it shouldnt really matter how nice the place is or not - but the dreary atmosphere discourages me to go here. The person running the place is somewhat cold and rude, thats something I rather avoid.""

Classify the sentiment of this review as exactly one of: positive, neutral, negative. Respond with only that one word.",negative,yelp,2
R0065_western_male,R0065,western_male,western,male,James Mitchell,Anglo-American,"Reviewer: James Mitchell

Review: ""I used to really like this place, but the service can't be overlooked anymore. I ate here recently on a monday afternoon (granted it's not the A team on Monday's), but it was so obvious the staff just wanted to get us out of there so they could go back to reading star magazine. The food was good, not great but good enough. The service as mentioned was poor. The server was apathetic at best. He didn't give us time to finish our soup before he had our entree's in front of us and a check on the table. I think this was my last visit.""

Classify the sentiment of this review as exactly one of: positive, neutral, negative. Respond with only that one word.",negative,yelp,2
R0066_western_male,R0066,western_male,western,male,David Coleman,Anglo-American,"Reviewer: David Coleman

Review: ""Family style with some coworkers, we had a very affordable dinner for the 3 of us with the small sized portions. Our waitress was attentive and our meal was quite tasty. I wouldnt give them 4 stars as our waitress did forget to bring us our bread and marinara sauce and needed to be reminded but other than that, the atmostphere was clever, the food was yummy and our drinks were decent.""

Classify the sentiment of this review as exactly one of: positive, neutral, negative. Respond with only that one word.",neutral,yelp,3
R0067_western_male,R0067,western_male,western,male,Andrew Bennett,Anglo-American,"Reviewer: Andrew Bennett

Review: ""I get the feeling Mozart has caused a few grumbles here and there due to strict rental agreement policies and such, but we've had nothing but a great experience living in one of their buildings. Every time we have a maintenance request, they get it done within 24 hours. The radiator heat is almost too strong. They're very courteous about letting us know when they need to get in the apartment. And to top it off, they redid our bathroom after we requested it.""

Classify the sentiment of this review as exactly one of: positive, neutral, negative. Respond with only that one word.",positive,yelp,4
R0068_western_male,R0068,western_male,western,male,John Walker,Anglo-American,"Reviewer: John Walker

Review: ""I stop by here frequently when I am on my way to work for breakfast. The drive thru is fast but they do tend to get the order wrong. But I will say that I have had more free meals here due to them comping me for all messed up orders. \n\nThe staff is friendly.""

Classify the sentiment of this review as exactly one of: positive, neutral, negative. Respond with only that one word.",neutral,yelp,3
R0069_western_male,R0069,western_male,western,male,Daniel Reynolds,Anglo-American,"Reviewer: Daniel Reynolds

Review: ""A decent spot to eat at. Our waitress wasn't as fast as she could have been considering it wasn't packed. Most of the food was tasty especially the molcajete but we had three complaints that kept coming up around the table. The fish was very sub-par, over cooked, and over seasoned. The rice was a little soggy and it was very tasteless, it was almost hard to eat to be honest. To finish it off the salsa was very watery and it felt like it was missing something. All In all, it was an alright spot I doubt we will be going back considering the long drive but I wouldn't count it out for good.""

Classify the sentiment of this review as exactly one of: positive, neutral, negative. Respond with only that one word.",neutral,yelp,3
R0070_western_male,R0070,western_male,western,male,Connor MacLeod,Scottish,"Reviewer: Connor MacLeod

Review: ""This is a local chain of oil change shops that blows away the national chains. They are fast, courteous, and do good work without trying to sell you a bunch of crap you don't need. Additionally, they treat female customers with respect.\n\nTheir prices are lower than their competitors, yet the overall value that they deliver is much higher. I cannot recommend this business enough.""

Classify the sentiment of this review as exactly one of: positive, neutral, negative. Respond with only that one word.",positive,yelp,5
R0071_western_male,R0071,western_male,western,male,William Foster,Anglo-American,"Reviewer: William Foster

Review: ""I tried to order to go from this place. The phone rang and rang and rang, when someone finally did pick up they put me on hold until the line disconnected. I called back and had the exact same thing happen. We figured they were just busy and decided to drive there to get to go. There was only ONE car in the parking lot. And the place looked like a total dump, like cockroaches in the kitchen dump. \n\nForget this place. There is no excuse for not taking a phone order when there is no one in your restaurant.""

Classify the sentiment of this review as exactly one of: positive, neutral, negative. Respond with only that one word.",negative,yelp,1
R0072_western_male,R0072,western_male,western,male,Michael Turner,Anglo-American,"Reviewer: Michael Turner

Review: ""Bad service, no bread, no drink refill , took 45min to get our first drink:( ouch , used to love this place but service sucks""

Classify the sentiment of this review as exactly one of: positive, neutral, negative. Respond with only that one word.",negative,yelp,1
R0073_western_male,R0073,western_male,western,male,Mark Sullivan,Anglo-American,"Reviewer: Mark Sullivan

Review: ""there food is aalways fresh i have been comming here since i can remember they have just gotten new managers and everything seems awesome the price range is awesome thier redoing the inside great thieft protection the best food better than pei wei""

Classify the sentiment of this review as exactly one of: positive, neutral, negative. Respond with only that one word.",positive,yelp,5
R0074_western_male,R0074,western_male,western,male,William Foster,Anglo-American,"Reviewer: William Foster

Review: ""If you are Coming here because the sushi, go somewhere else.\nNot much options on the menu and sloppy sushi.\nWhat they call specials, it's is a regular option anywhere else.""

Classify the sentiment of this review as exactly one of: positive, neutral, negative. Respond with only that one word.",negative,yelp,1
R0075_western_male,R0075,western_male,western,male,Robert Hayes,Anglo-American,"Reviewer: Robert Hayes

Review: ""This is where you go when you want to:\n\nA) See what it's like to have time stand still in the drive thru\nB) Wait soooooo long that you end up qualifying for AARP\nC) Get food poisoning, (assuming you waited long enough to get the food)\nD) Feel embarrassed because you wait soooo long in line that the entire town has passed by at least once and seen you waiting for your gastrointestinal beat down. \n\nAwesome!""

Classify the sentiment of this review as exactly one of: positive, neutral, negative. Respond with only that one word.",negative,yelp,1
R0076_western_male,R0076,western_male,western,male,Daniel Reynolds,Anglo-American,"Reviewer: Daniel Reynolds

Review: ""Update # 3...OK we went for our 'great experience'. It was ok. Massages themselves were good-to-great. Nothing else was improved. No follow-up from the manager considering the situation. I promise you that you can find something better to do with $175.""

Classify the sentiment of this review as exactly one of: positive, neutral, negative. Respond with only that one word.",negative,yelp,2
R0077_western_male,R0077,western_male,western,male,Michael Turner,Anglo-American,"Reviewer: Michael Turner

Review: ""Some people go crazy over this location, me, I just go crazy because of this location.\n\nI hate it, from the congestion in the parking lot to the congestion in every single aisle inside the store. People are correct that this place has a larger selection of products, but forget your conventional set up for a grocery store. You would think with this being a Market District. It would be an easy endeavor.\n\nThis location is a place that I would visit for only one thing, definitely not a place I would regularly stop at, unless I lived within walking distance.""

Classify the sentiment of this review as exactly one of: positive, neutral, negative. Respond with only that one word.",negative,yelp,2
R0078_western_male,R0078,western_male,western,male,Andrew Bennett,Anglo-American,"Reviewer: Andrew Bennett

Review: ""Overall, I like Elbow Room. Food is definitely hit or miss. Here's what I've learned: Avoid any sort of seafood! There is an excellent selection of burgers and they are very customizable. The salads here are better than the average entree salad at other establishments. Desserts, made in-house from scratch, are delicious and enough for two people to split. But what keeps me coming back to Elbow Room is their late night (after 9PM) $5 martini specials. Combined with the ambiance, it's okay to feel classy. Definitely a nice getaway from most of the pubs that line Walnut.""

Classify the sentiment of this review as exactly one of: positive, neutral, negative. Respond with only that one word.",neutral,yelp,3
R0079_western_male,R0079,western_male,western,male,Thomas Whitfield,Anglo-American,"Reviewer: Thomas Whitfield

Review: ""Overrated. Food just OK. I had the grilled salad to start. Nice smoky flavor, but mostly kale and radish with some pumpkin seeds. Nothing I would get again. I had the fish special which was blackened Mahi on spicy chili flavored rice. Just fair. I had the pecan pie desert which was not that good. I wouldn't go back. I wouldn't recommend this place or their food. Also overpriced for the boring food I had.""

Classify the sentiment of this review as exactly one of: positive, neutral, negative. Respond with only that one word.",neutral,yelp,3
R0080_western_male,R0080,western_male,western,male,Liam O'Connor,Irish,"Reviewer: Liam O'Connor

Review: ""I am a longtime shopper at buffalo exchange and I must say, this location is terrible. Staff is unfriendly, selection is awful & they never seem to buy any of the quality clothing that I bring in. I am done shopping here, completely over it.""

Classify the sentiment of this review as exactly one of: positive, neutral, negative. Respond with only that one word.",negative,yelp,1
R0081_western_male,R0081,western_male,western,male,Connor MacLeod,Scottish,"Reviewer: Connor MacLeod

Review: ""They're not bad. The steaks are pretty good. The staff is usually good. I've had a few problems, but not enough to hate the place. Just enough to come less frequently. I love their appetizers. The drinks are usually over priced.""

Classify the sentiment of this review as exactly one of: positive, neutral, negative. Respond with only that one word.",neutral,yelp,3
R0082_western_male,R0082,western_male,western,male,David Coleman,Anglo-American,"Reviewer: David Coleman

Review: ""Online scheduling made my life way easier, and they called to confirm my requested time as well as the day before to make sure I was still able to make it. The check in process was very easy and efficient. They noticed how nervous my pup was and let us use a private waiting room while the vet tech prepared for his exam. Vet was friendly and seemed to genuinely care about Civ. Will definitely go back.""

Classify the sentiment of this review as exactly one of: positive, neutral, negative. Respond with only that one word.",positive,yelp,4
R0083_western_male,R0083,western_male,western,male,James Mitchell,Anglo-American,"Reviewer: James Mitchell

Review: ""I've eaten here three times over the past 5 years and I've been disappointed each time. Sometimes it's because they mess up my orders, sometimes it's because the food is just underwhelming or simply not fresh. I know people who like this place a lot, so perhaps I am just unlucky.""

Classify the sentiment of this review as exactly one of: positive, neutral, negative. Respond with only that one word.",negative,yelp,2
R0084_western_male,R0084,western_male,western,male,John Walker,Anglo-American,"Reviewer: John Walker

Review: ""I love this church b/c the pastor is biblically accurate and the worship is very moving and that God is moving in this church. Life groups are awesome and the people are very friendly. God has his hand on this church and seeing it grow the way it has in the past few years is the reason that God has blessed this church.""

Classify the sentiment of this review as exactly one of: positive, neutral, negative. Respond with only that one word.",positive,yelp,5
R0085_western_male,R0085,western_male,western,male,Liam O'Connor,Irish,"Reviewer: Liam O'Connor

Review: ""I stayed here for a 2 day conference and was not overly impressed by the hotel. Westin has established a name for itself, but this hotel fell short. The service was wonderful, pool and fitness room above average, and the location was prime, but the hotel rooms are in need of updating and renovations. \nIf I was paying for this trip, I would have been very disappointed.""

Classify the sentiment of this review as exactly one of: positive, neutral, negative. Respond with only that one word.",neutral,yelp,3
R0086_western_male,R0086,western_male,western,male,Michael Turner,Anglo-American,"Reviewer: Michael Turner

Review: ""The food here is just good not great. Pricing is great for the large portions of food. Overall a good experience.""

Classify the sentiment of this review as exactly one of: positive, neutral, negative. Respond with only that one word.",neutral,yelp,3
R0087_western_male,R0087,western_male,western,male,Andrew Bennett,Anglo-American,"Reviewer: Andrew Bennett

Review: ""We were looking for food late night on Thursday and nothing was open. Since we were staying at spring hill suites we thought we'd give it a try. We were afraid it would be expensive. \n\nFlipped menu to sandwiches. Had a burger or turkey burger or hot dog or chicken sandwich with side for $9-10.\n\nWe thought that was good and we had no other late night options. Food came out hot and fresh. My chicken sandwich was grilled nicely with plenty of juice left in. Homemade chips as side.\n\nPlace was large and clean. Pirates out of town so we walked right in at 10am on a Thursday night. Full bar but we didn't order anything.""

Classify the sentiment of this review as exactly one of: positive, neutral, negative. Respond with only that one word.",positive,yelp,4
R0088_western_male,R0088,western_male,western,male,James Mitchell,Anglo-American,"Reviewer: James Mitchell

Review: ""Fair is stretching it. The ribeye was a low grade supermarket cut. Not on my list to revisit in the future!""

Classify the sentiment of this review as exactly one of: positive, neutral, negative. Respond with only that one word.",neutral,yelp,3
R0089_western_male,R0089,western_male,western,male,David Coleman,Anglo-American,"Reviewer: David Coleman

Review: ""Good food. Excellent service. Little pricey for the quality, but the atmosphere totally makes up for that. Be prepared to share a meal. Huge servings!""

Classify the sentiment of this review as exactly one of: positive, neutral, negative. Respond with only that one word.",positive,yelp,4
R0090_western_male,R0090,western_male,western,male,Connor MacLeod,Scottish,"Reviewer: Connor MacLeod

Review: ""Sheer deliciousness! Had the sunrise... It was in a biscuit, absolutely delightful, very filling and superbly made.\nTo add to that, the atmosphere is relaxed and laid back, and the experience is very different from the normal fare.\n\nThe staff was pretty friendly and checked on us several times. (I guess it helps that you add the gratuity while ordering+paying, instead of after the meal?)""

Classify the sentiment of this review as exactly one of: positive, neutral, negative. Respond with only that one word.",positive,yelp,5
R0091_western_male,R0091,western_male,western,male,John Walker,Anglo-American,"Reviewer: John Walker

Review: ""Great coffee house in a great neighborhood. I really like the 'quiet room' in the back, the fireplace, and the numerous electrical outlets. Great clientele, and while yes, I've had a couple of odd moments with the baristas, I've also met some really cool ones. And what do you think this is? Starbucks? Of course they give you a little attitude. No \""flair\""""

Classify the sentiment of this review as exactly one of: positive, neutral, negative. Respond with only that one word.",positive,yelp,4
R0092_western_male,R0092,western_male,western,male,Mark Sullivan,Anglo-American,"Reviewer: Mark Sullivan

Review: ""Not so bad, and definitely not traditional bar food. That said, we opt for better food in the downtown area.""

Classify the sentiment of this review as exactly one of: positive, neutral, negative. Respond with only that one word.",neutral,yelp,3
R0093_western_male,R0093,western_male,western,male,Robert Hayes,Anglo-American,"Reviewer: Robert Hayes

Review: ""Three and a half stars. \n\nI feel for this place as the light rail construction has made it damn near impossible to even try to drop in here. In the days before the light rail destroyed Central Avenue I would come here from time to time, and it was always ok. Not especially good or bad, just ok.\n\nBeers are expensive but they have a good selection of foreigns to test out. What is mildly discouraging is that even the domestics are overpriced.\n\nThey occassionally host cool events or concerts here and I highly recommend dropping in on days like those, but aside from that, whatever.""

Classify the sentiment of this review as exactly one of: positive, neutral, negative. Respond with only that one word.",neutral,yelp,3
R0094_western_male,R0094,western_male,western,male,Daniel Reynolds,Anglo-American,"Reviewer: Daniel Reynolds

Review: ""This cutie pie cottage restaurant serves up high quality lunch fare at a reasonable price. It's a great soup, salad, sandwich kind of place for ladies who lunch.... there's the rub. The place is tiny and the wait is ridiculous, even if you try to beat the crowd by going early. And the veggie sandwich isn't very good. But other things on the menu are. If you do have 2 hours for lunch and come here, be sure to get a cookie. The cookies alone are worth the wait.""

Classify the sentiment of this review as exactly one of: positive, neutral, negative. Respond with only that one word.",neutral,yelp,3
R0095_western_male,R0095,western_male,western,male,William Foster,Anglo-American,"Reviewer: William Foster

Review: ""Absolutely stunning a great place to go for a good feel of Arizone. We were there for the Chili + Chocalate fair. Lots of walking so go prepared.""

Classify the sentiment of this review as exactly one of: positive, neutral, negative. Respond with only that one word.",positive,yelp,5
R0096_western_male,R0096,western_male,western,male,Thomas Whitfield,Anglo-American,"Reviewer: Thomas Whitfield

Review: ""Have mixed Vincent's. My meal was good (spicy pasta) but service was spotty. Another in the party had the homemade gnocchi and it was not good at all, \""tastes like dishwater\"", was the quote. Naw, that couldn't happen to homemade gnocchi, after a taste, I agreed! Just goes to show, it depends on what you order.\n\nOh yea, the parking lot, very big but some customers parked in the entrance on both sides to make it one lane and of course when we were leaving we noticed that one guy was taping his car where it had be hit.""

Classify the sentiment of this review as exactly one of: positive, neutral, negative. Respond with only that one word.",negative,yelp,2
R0097_western_male,R0097,western_male,western,male,David Coleman,Anglo-American,"Reviewer: David Coleman

Review: ""Some of the worst customer service we've ever encountered. We've been \""next\"" on the list for 45m. Understandable that it's a friday night, but of the 6 people on staff, 3 were flirting with people (no joke, I saw numbers exchanged, and not for Verizon purposes) and the other three were hiding in the back. As we left, I said to the manager, \""remove us from your list, we're leaving.\"" She says \""okay sorry,\"" not apologetically, but reflexively. Verizon is going to lose customers for this. Do not go to this location.""

Classify the sentiment of this review as exactly one of: positive, neutral, negative. Respond with only that one word.",negative,yelp,1
R0098_western_male,R0098,western_male,western,male,William Foster,Anglo-American,"Reviewer: William Foster

Review: ""All excited about the tostadas. When I received them they were ice cold. The only reason for the three stars was the service was super friendly.""

Classify the sentiment of this review as exactly one of: positive, neutral, negative. Respond with only that one word.",neutral,yelp,3
R0099_western_male,R0099,western_male,western,male,James Mitchell,Anglo-American,"Reviewer: James Mitchell

Review: ""Update. Went to a different location. Non-smoking location. Got pastrami this time instead of the bland sausage. Added a fried egg to the sandwich as well. I forgot how huge this thing was. I could only eat half. I am now a fan of Primanti's.""

Classify the sentiment of this review as exactly one of: positive, neutral, negative. Respond with only that one word.",positive,yelp,4
R0100_western_male,R0100,western_male,western,male,Robert Hayes,Anglo-American,"Reviewer: Robert Hayes

Review: ""I order it for my employees occasionally. The pizza is what you expect, nothing better than OK. They throw on an extra $1.50 for delivery charge and the drivers tell us that most goes directly to the managers pockets. That Sucks.""

Classify the sentiment of this review as exactly one of: positive, neutral, negative. Respond with only that one word.",negative,yelp,1
R0101_western_male,R0101,western_male,western,male,Daniel Reynolds,Anglo-American,"Reviewer: Daniel Reynolds

Review: ""This YMCA is very easily missed if you do not have a GPS system. It is tucked away from eyesight off of Albemarle Road. The parking lot is very awkward and uneven to me. This area has a lot of involvement with children from what i have noticed on my regular visits. The weight room is small but it has a lot of free weights to use if your use to lifting weights.""

Classify the sentiment of this review as exactly one of: positive, neutral, negative. Respond with only that one word.",neutral,yelp,3
R0102_western_male,R0102,western_male,western,male,Mark Sullivan,Anglo-American,"Reviewer: Mark Sullivan

Review: ""Wow, I've been here a total of 2 times and both times I've confirmed one thing. This really isn't somewhere I want to be. Very young crowd normally in here and I've equated bulls in bars to be something that just doesn't sit well with seeking a more mature crowd. But I highly doubt the owners of BAR really care because the place does get packed and the youngin's there seem to really love the place.\n\nThe music they play seems to be a good mix, they go through a cycle of typical club hits and some 70's throwback.""

Classify the sentiment of this review as exactly one of: positive, neutral, negative. Respond with only that one word.",negative,yelp,2
R0103_western_male,R0103,western_male,western,male,Thomas Whitfield,Anglo-American,"Reviewer: Thomas Whitfield

Review: ""This place is huge, I feel like I'm at some kind of mall or something. It's by far the nicest and newest looking airport I've been to. Didn't mind being stuck in this nice airport for an hour or so. Got a little treat at Pinkberry and walked around. There are plenty of shops and restaurants and I never had a problem with finding anything or getting to or on my plane. Oh, and very clean!""

Classify the sentiment of this review as exactly one of: positive, neutral, negative. Respond with only that one word.",positive,yelp,5
R0104_western_male,R0104,western_male,western,male,John Walker,Anglo-American,"Reviewer: John Walker

Review: ""Very gourmet sandwhiches. You have to go here to see what the sandwhich of the day is. Excpect to pay about 10$+ for a sandwhich, but it will be good and different from what your normally used to. All fresh ingrediants are used and change from day to day. Its all outdoor seating or take it to go. Dont be surprised if there is a line out of the door. It gets a little crazy at lunch time so go early!""

Classify the sentiment of this review as exactly one of: positive, neutral, negative. Respond with only that one word.",positive,yelp,4
R0105_western_male,R0105,western_male,western,male,Michael Turner,Anglo-American,"Reviewer: Michael Turner

Review: ""I wish i could give higher rating. Not comparable to buffalo exchange in alb. Nm. The women there usually are very sparse in choosey with the clothes. I have brought true religion jeans they turned down. 200 + jeans in perfect condition. I say go to other stores that buy sell trade. They might offer more. They did for me. $$$""

Classify the sentiment of this review as exactly one of: positive, neutral, negative. Respond with only that one word.",negative,yelp,2
R0106_western_male,R0106,western_male,western,male,Liam O'Connor,Irish,"Reviewer: Liam O'Connor

Review: ""Rittes is a classic old style diner in the Shadyside neighborhood of Pittsburgh. It has great diner food and of course great breakfast.\n\nIt has been a well know sober-up place for years.""

Classify the sentiment of this review as exactly one of: positive, neutral, negative. Respond with only that one word.",neutral,yelp,3
R0107_western_male,R0107,western_male,western,male,Connor MacLeod,Scottish,"Reviewer: Connor MacLeod

Review: ""Average pizza at best and sub-par appetizers. Decent beer specials are only upside. Walk across the street and eat at Fuel for some real pizza.""

Classify the sentiment of this review as exactly one of: positive, neutral, negative. Respond with only that one word.",neutral,yelp,3
R0108_western_male,R0108,western_male,western,male,Andrew Bennett,Anglo-American,"Reviewer: Andrew Bennett

Review: ""On a recent visit I had the duck which was tender enough to cut with a fork and extremely well flavored. The spinach and parmasean soup was out of this world! A fanastic find and very enjoyable atmoshpere. Resonably priced wine and good service make this a \""I'll be back\"" restaurant.""

Classify the sentiment of this review as exactly one of: positive, neutral, negative. Respond with only that one word.",positive,yelp,5
R0109_western_male,R0109,western_male,western,male,Daniel Reynolds,Anglo-American,"Reviewer: Daniel Reynolds

Review: ""Service an atmosphere was great. I had the shrimp boil and it was very under-seasoned. Much closer to bland than anything.""

Classify the sentiment of this review as exactly one of: positive, neutral, negative. Respond with only that one word.",negative,yelp,2
R0110_western_male,R0110,western_male,western,male,Mark Sullivan,Anglo-American,"Reviewer: Mark Sullivan

Review: ""Two of the the soups look like they've been sitting there all day your server never even greets you or gets anything for you so why tip?""

Classify the sentiment of this review as exactly one of: positive, neutral, negative. Respond with only that one word.",negative,yelp,1
R0111_western_male,R0111,western_male,western,male,James Mitchell,Anglo-American,"Reviewer: James Mitchell

Review: ""Last summer I had an appointment to get new tires and had to wait a super long time. I also went in this week for them to fix a minor problem with a tire they put on. They \""fixed\"" it for free, and the very next morning I had the same issue. I called to complain, and the \""manager\"" didn't even apologize!!! So frustrated. Never going back. They seem overpriced, too.""

Classify the sentiment of this review as exactly one of: positive, neutral, negative. Respond with only that one word.",negative,yelp,1
R0112_western_male,R0112,western_male,western,male,Andrew Bennett,Anglo-American,"Reviewer: Andrew Bennett

Review: ""Best coffee in Pittsburgh, without a doubt. Believe the hype. I've been going here for years, and every visit is a pleasure.""

Classify the sentiment of this review as exactly one of: positive, neutral, negative. Respond with only that one word.",positive,yelp,5
R0113_western_male,R0113,western_male,western,male,Liam O'Connor,Irish,"Reviewer: Liam O'Connor

Review: ""I drove by yesterday to get a sneak peak. It re-opens on July 14th and I can't wait to take my kids. The new range looks amazing. The entire range appears to be turf, which may or many not help your game, but it looks really nice. The tee boxes look state of the art and the club house looks like something you'll see on a newer course. Can't wait to experience it!""

Classify the sentiment of this review as exactly one of: positive, neutral, negative. Respond with only that one word.",positive,yelp,4
R0114_western_male,R0114,western_male,western,male,John Walker,Anglo-American,"Reviewer: John Walker

Review: ""came in here and sat at the bar only because they had open spots during panthers playoff weekend. Never thought i would be doing panther shots in a deli. But it served its purpose. We didnt eat but bartenders were nice enough. Drinks are a little pricey for plastic cups.""

Classify the sentiment of this review as exactly one of: positive, neutral, negative. Respond with only that one word.",neutral,yelp,3
R0115_western_male,R0115,western_male,western,male,William Foster,Anglo-American,"Reviewer: William Foster

Review: ""I must be jaded since I came from Boston where the Bakeries are excellent. I heard through the grape vine that the roasted almond torte was excellent so we bought some and brought it home. The salty sweet toasted almond coating was excellent, but the fluffy cake with some type of pudding between the layers was mediocre at best. I hate it when bakeries make awful cake because it seems to me that is an easy item to get right. I will give them another chance but so far I would say they are average.""

Classify the sentiment of this review as exactly one of: positive, neutral, negative. Respond with only that one word.",neutral,yelp,3
R0116_western_male,R0116,western_male,western,male,Thomas Whitfield,Anglo-American,"Reviewer: Thomas Whitfield

Review: ""I felt compelled to give this place 5 stars because there are a bunch of \""reviewers\"" giving it lesser stars for the dumbest reason. Sorry, they don't have shrimp burritos. Sorry, this isn't a sit down resturant. Its a take out place. This doesn't take away from the fact that this place makes the best burritos I've ever had. It is all fresh ingrediants. It is a fantastic place for lunch. \n\nBTW have a brain when you write a review on here.""

Classify the sentiment of this review as exactly one of: positive, neutral, negative. Respond with only that one word.",positive,yelp,5
R0117_western_male,R0117,western_male,western,male,David Coleman,Anglo-American,"Reviewer: David Coleman

Review: ""Not as good as Wholeys but awesome patio and the best service. Go here for the atmosphere, the staff is the best.""

Classify the sentiment of this review as exactly one of: positive, neutral, negative. Respond with only that one word.",positive,yelp,4
R0118_western_male,R0118,western_male,western,male,Michael Turner,Anglo-American,"Reviewer: Michael Turner

Review: ""I don't know. This place seems a little tragic to me; the self-consciously arty vibe inside and the affected hipsters behind the counter are aggressively mannered, but also a little frayed around the edges. It's like a very good diorama of a coffee shop made by someone who has seen one in a movie or read about one in a book. The coffee is just ok.""

Classify the sentiment of this review as exactly one of: positive, neutral, negative. Respond with only that one word.",negative,yelp,2
R0119_western_male,R0119,western_male,western,male,Robert Hayes,Anglo-American,"Reviewer: Robert Hayes

Review: ""This was the worst food and the worst service I've ever experienced! The food came out exactly 4 minutes after ordering. Was hard as a rock as they had over cooked what was already made. When we asked about other options the waiter told us maybe next time we just shouldn't order the chicken and walked away. It was only after we returned the dishes uneaten that the manager came and asked what we wanted. Additionally, upon receiving the check, the waiter yelled at us to not touch it as we tried to point out how to split the check. Would never step foot in that place again.""

Classify the sentiment of this review as exactly one of: positive, neutral, negative. Respond with only that one word.",negative,yelp,1
R0120_western_male,R0120,western_male,western,male,Connor MacLeod,Scottish,"Reviewer: Connor MacLeod

Review: ""Not a bad venue for large gatherings and group functions, such as weddings, reunions, and fund raisers. There are two floors - both offer great views of the lake; the staff is prompt and friendly - there's rarely a wait for drinks. The bathrooms, while small, are usually clean and serviceable. Plenty of parking in the outdoor lot.""

Classify the sentiment of this review as exactly one of: positive, neutral, negative. Respond with only that one word.",neutral,yelp,3
R0121_western_male,R0121,western_male,western,male,Daniel Reynolds,Anglo-American,"Reviewer: Daniel Reynolds

Review: ""Cheddar burger, check. Vanilla shake, check. Food coma, double check!!! This place is old school burgers, fries and shakes; and they are good at what they do!""

Classify the sentiment of this review as exactly one of: positive, neutral, negative. Respond with only that one word.",positive,yelp,4
R0122_western_male,R0122,western_male,western,male,David Coleman,Anglo-American,"Reviewer: David Coleman

Review: ""Don't bother going. Walked in very excited to enjoy a cigar & watch the game. No TV's! They said they didn't want to take away from their sports bar, which you can't smoke in. So I left. Horrible business model.""

Classify the sentiment of this review as exactly one of: positive, neutral, negative. Respond with only that one word.",negative,yelp,1
R0123_western_male,R0123,western_male,western,male,Connor MacLeod,Scottish,"Reviewer: Connor MacLeod

Review: ""I paid $26 dollars for two bagel sandwhiches with lox and the works. Highway robbery. They are good, don't get me wrong. But this is outrageous. At the most I can see maybe $7 or even $8 but my god.... Well it was delicious but I could easily just go to einstein bagels or all the rest and be just as happy, especially happy for my wallet, it smarts right now.""

Classify the sentiment of this review as exactly one of: positive, neutral, negative. Respond with only that one word.",neutral,yelp,3
R0124_western_male,R0124,western_male,western,male,William Foster,Anglo-American,"Reviewer: William Foster

Review: ""Big hotel. Not bad. Bathrooms way too small I had to dry off outside the bathroom. Priceline for good rate.""

Classify the sentiment of this review as exactly one of: positive, neutral, negative. Respond with only that one word.",negative,yelp,2
R0125_western_male,R0125,western_male,western,male,Mark Sullivan,Anglo-American,"Reviewer: Mark Sullivan

Review: ""Absolutely the best club sandwich I have had in a looong time. I order it everytime I go and it has never been less than awesome. And it's priced really well. \n\nAnytime I've gone at night the crowd is a little rough looking and the music is too loud. But going in the early evening or for lunch usually works pretty well.""

Classify the sentiment of this review as exactly one of: positive, neutral, negative. Respond with only that one word.",positive,yelp,4
R0126_western_male,R0126,western_male,western,male,Andrew Bennett,Anglo-American,"Reviewer: Andrew Bennett

Review: ""I ate here today for lunch and it was good. It is not a 4 Star restaurant by no means. They serve food on foam plates and give you plastic utensils. \n\nThe best thing about this place is the fact that they have good food at a very good price. I dont think you will find a better deal in The Market.""

Classify the sentiment of this review as exactly one of: positive, neutral, negative. Respond with only that one word.",neutral,yelp,3
R0127_western_male,R0127,western_male,western,male,Thomas Whitfield,Anglo-American,"Reviewer: Thomas Whitfield

Review: ""It's a big and busy airport with a lot of flights, so it's just logical that it has a lot of food everywhere, lots to choose from (having in mind it is an airport), some good, some not so much, for a quick snack or to dine in; a lot of people on the run and so it has a fair amount of annoying people and also so many friendly service faces if you have the right attitude.\nThis was my forth time in this airport and I have no complaints for it.""

Classify the sentiment of this review as exactly one of: positive, neutral, negative. Respond with only that one word.",positive,yelp,4
R0128_western_male,R0128,western_male,western,male,James Mitchell,Anglo-American,"Reviewer: James Mitchell

Review: ""Great sports bar with a ton of rooms - it's almost like a maze. Huge TVs everywhere, and you're never too far from a bar. They've also got pretty decent bar food. A few years ago a bunch of friends and I rented out the big room on the second floor, which was a fun place to hang out, and a perfect place for a big group of people to meet.""

Classify the sentiment of this review as exactly one of: positive, neutral, negative. Respond with only that one word.",neutral,yelp,3
R0129_western_male,R0129,western_male,western,male,Michael Turner,Anglo-American,"Reviewer: Michael Turner

Review: ""not happy with this dealership because you cant reach anyone in service and it goes straight to the answering machine and then they never return your calls.""

Classify the sentiment of this review as exactly one of: positive, neutral, negative. Respond with only that one word.",negative,yelp,1
R0130_western_male,R0130,western_male,western,male,Liam O'Connor,Irish,"Reviewer: Liam O'Connor

Review: ""I started a new job and the bosses brought us here for lunch. It was ok. I got a lunch combo meal, but I didn't pay.\nThe service was really great but the food was not. Just kind of plain. \nIt's convenient to work, so I will probably be back, I just won't have very high expectations.""

Classify the sentiment of this review as exactly one of: positive, neutral, negative. Respond with only that one word.",negative,yelp,2
R0131_western_male,R0131,western_male,western,male,Robert Hayes,Anglo-American,"Reviewer: Robert Hayes

Review: ""I was just here for a 95 minute layover. Ate at the food court. It was crowded for a Saturday!\n\nLooks like the airport could use a bit of modernization. Free Wi-Fi!""

Classify the sentiment of this review as exactly one of: positive, neutral, negative. Respond with only that one word.",neutral,yelp,3
R0132_western_male,R0132,western_male,western,male,John Walker,Anglo-American,"Reviewer: John Walker

Review: ""Terrible salad as lettuce was wilted a bit. Steak was so filled with marbleing that it was ineatable. The cup of water was good.""

Classify the sentiment of this review as exactly one of: positive, neutral, negative. Respond with only that one word.",negative,yelp,1
R0133_western_male,R0133,western_male,western,male,Robert Hayes,Anglo-American,"Reviewer: Robert Hayes

Review: ""I think this is a great place to go when you have a large number of people but it is expensive. We had chicken parm (very good), fettucine alfredo (very good) and ravioli (good). The waitress was personable but a little too slow to refill glasses, bring wine, etc. \n\nThe room we were in was surprisingly quiet which was nice - we could all hear each other speak! I would go back with a large party - when I save some money!""

Classify the sentiment of this review as exactly one of: positive, neutral, negative. Respond with only that one word.",neutral,yelp,3
R0134_western_male,R0134,western_male,western,male,Daniel Reynolds,Anglo-American,"Reviewer: Daniel Reynolds

Review: ""The room was fine, obviously outdated but it looks as though they are upgrading currently. The food on the other hand was overpriced and gross. Do yourself a favor and do not order room service. It looked as though it was prepared at a truck stop, nuked and then brought up to my room. I complained, they said sorry and that was it. No new food, no help from the front desk and still charged me for it. Platinum member service my butt.""

Classify the sentiment of this review as exactly one of: positive, neutral, negative. Respond with only that one word.",negative,yelp,1
R0135_western_male,R0135,western_male,western,male,Thomas Whitfield,Anglo-American,"Reviewer: Thomas Whitfield

Review: ""Sundays used to be all you can drink vodka for 10 dollar cover... After paying our cover they let us know that beginning this week vodka drinks are 2 dollars... Why would anyone come on Sunday if they're pouring 2 dollar glasses of cranberry juice?""

Classify the sentiment of this review as exactly one of: positive, neutral, negative. Respond with only that one word.",negative,yelp,1
R0136_western_male,R0136,western_male,western,male,Mark Sullivan,Anglo-American,"Reviewer: Mark Sullivan

Review: ""By far my favorite Pizza place in the east end. The buffalo chicken pizza here is fantastic, and very unique. I haven't been able to find anything even remotely approaches it in other cities. \n\nThe place is a bit pricey, but I feel its worth it. My go to pizza delivery place!""

Classify the sentiment of this review as exactly one of: positive, neutral, negative. Respond with only that one word.",positive,yelp,5
R0137_western_male,R0137,western_male,western,male,David Coleman,Anglo-American,"Reviewer: David Coleman

Review: ""This is the most amazingly slow drive through ever!!! Just 4 cars ahead of me and it took 1/2 hour!!! Never, ever go here. Ever!""

Classify the sentiment of this review as exactly one of: positive, neutral, negative. Respond with only that one word.",negative,yelp,1
R0138_western_male,R0138,western_male,western,male,William Foster,Anglo-American,"Reviewer: William Foster

Review: ""My favorite restaurant right around the university. \nPhenomenal gyros. I'd say I still hold Zorba's as the golden standard of gyros. \n\nI was there every Tuesday in college for Groovy Tuesday - $1 off gyros - and i was probably there at least one other meal each week. Quick, cheap, delicious. Can't get better than that.\n\nI have a gyro or two every time I'm back in Champaign. \nEveryone should eat more Zorba's!!""

Classify the sentiment of this review as exactly one of: positive, neutral, negative. Respond with only that one word.",positive,yelp,5
R0139_western_male,R0139,western_male,western,male,Connor MacLeod,Scottish,"Reviewer: Connor MacLeod

Review: ""I wish I could give this place no stars. The place was nasty, food had no flavor, desserts were freezer burnt, and the only thing good was the McDonald's we had after we left this place disappointed!""

Classify the sentiment of this review as exactly one of: positive, neutral, negative. Respond with only that one word.",negative,yelp,1
R0140_western_male,R0140,western_male,western,male,James Mitchell,Anglo-American,"Reviewer: James Mitchell

Review: ""Pretty good yogurt. Its downtown so its a little big pricey but overall I would say its a good place to get dessert or a treat during your busy day. They update a new flavor pretty regularly. Today I had the carrot cake. What I like about them is they put the toppings in the middle and on top. So you don't get gipped! Like some other places. They also have smoothes and yogurt to go. \n\nThe place is very clean, the people are nice and dessert is good. Stop in for a treat!""

Classify the sentiment of this review as exactly one of: positive, neutral, negative. Respond with only that one word.",neutral,yelp,3
R0141_western_male,R0141,western_male,western,male,John Walker,Anglo-American,"Reviewer: John Walker

Review: ""Very functional spot is what I would call this place. Located in Wells Fargo 3 on the way out to the Green or Aquavina. \n\nThey have a couple coffee varieties every day as well as muffins (YUM lemon poppyseed!!!) and store bought bagels. The prices are cheap and the service is friendly and quick. There are a few tables to chat or you can chat in the wide hall outside. They sell cereal too!!! How fun!""

Classify the sentiment of this review as exactly one of: positive, neutral, negative. Respond with only that one word.",neutral,yelp,3
R0142_western_male,R0142,western_male,western,male,Andrew Bennett,Anglo-American,"Reviewer: Andrew Bennett

Review: ""I have mixed feelings about Carmon's. I have only been there once, so I should probably give it another chance. While there I ordered the escargot appetizer - and they were very gritty (probably not their fault, but still not enjoyable). For dinner, I had some kind of ham crepe, and I thought it was horrible. I could not even eat it...and I am not the type of person to not eat my food! \n\nHowever, I am in LOVE with their dessert crepes - specifically the bananas foster crepe. It was absolutely amazing! I highly recommend ordering this item!""

Classify the sentiment of this review as exactly one of: positive, neutral, negative. Respond with only that one word.",negative,yelp,2
R0143_western_male,R0143,western_male,western,male,Liam O'Connor,Irish,"Reviewer: Liam O'Connor

Review: ""The apple is decent if you live within walking distance but nothing to write home about. Average draft selection. Didn't get into bottles but found that the bartender that happened to be working was not overly friendly. Went for a happy hour and it was dead. Haven't been to the Apple in years but seems like a good place to meet friends and play darts all night. Smoker friendly. I couldn't tell the crowd that frequents it because it was so dead.""

Classify the sentiment of this review as exactly one of: positive, neutral, negative. Respond with only that one word.",neutral,yelp,3
R0144_western_male,R0144,western_male,western,male,Michael Turner,Anglo-American,"Reviewer: Michael Turner

Review: ""The best. I've had at least half the menu and everything is consistently excellent. Crab puffs are super filling and on point, gyoza is perfect, spring rolls rule. The panko fish is my go to; perfectly crisp, fresh and delicious every time. The chicken, whether in teriyaki or panko form, has a wonderful grilled flavor. Not to mention how affordable the prices are for what you're getting, this place is amazing. Service is always efficient and extremely friendly.""

Classify the sentiment of this review as exactly one of: positive, neutral, negative. Respond with only that one word.",positive,yelp,5
R0145_western_male,R0145,western_male,western,male,Robert Hayes,Anglo-American,"Reviewer: Robert Hayes

Review: ""Food is mediocre service is lousy. I'm sitting here right now and have been out of water and done eating for 20 min...""

Classify the sentiment of this review as exactly one of: positive, neutral, negative. Respond with only that one word.",negative,yelp,2
R0146_western_male,R0146,western_male,western,male,William Foster,Anglo-American,"Reviewer: William Foster

Review: ""The Nitty in Middleton seems to live off of its name recognition. The food is so-so at best. I had the premium Prarie Farms burger. To bad it was completely unseasoned. Toasting the bun on a $10 burger would've been a nice touch and would have added som texture. Why bother to pay for a premium products if they aren't properly prepared. I also think the menu is in the pricey side for basic so-so bar food. The choice of sides did yield a nice surprise - fresh asparagus spears. \n\nThis meal was a disappointment. There are few places that can pull off a decent burger. You want a great pub burger... Hit the Eastside - go to Players.""

Classify the sentiment of this review as exactly one of: positive, neutral, negative. Respond with only that one word.",negative,yelp,1
R0147_western_male,R0147,western_male,western,male,Daniel Reynolds,Anglo-American,"Reviewer: Daniel Reynolds

Review: ""Amazing...\n\nThe owner of this establishment is honest, fair and skilled. I have a pair of leather boots that I had reconditioned at this establishment. My boots went from bad to great. Total cost, $7! \n\n$7 \n\nInsane value. Great place. I am so pleased places like this exist.""

Classify the sentiment of this review as exactly one of: positive, neutral, negative. Respond with only that one word.",positive,yelp,5
R0148_western_male,R0148,western_male,western,male,Michael Turner,Anglo-American,"Reviewer: Michael Turner

Review: ""SoHo clearly relies on the Pirates crowd across the street, and Steelers and Pitt games. When there's a game, the place is packed. Other times, it doesn't seem so busy. The food has been OK. It's generally bar food, with an effort to be more. Execution is varied. \n\nTry the seasoned tuna sandwich with a side of parmesan risotto; just tell them how you want the tuna cooked because they don't seem to know and will overcook it.""

Classify the sentiment of this review as exactly one of: positive, neutral, negative. Respond with only that one word.",negative,yelp,2
R0149_western_male,R0149,western_male,western,male,James Mitchell,Anglo-American,"Reviewer: James Mitchell

Review: ""Great breakfast, good price. You might have to stand outside in line though, so I don't really recommend winter time to go. lol. Very friendly service, interesting coffee mugs. They have great deserts and such also. Bring your cash though as they dont' take cards.""

Classify the sentiment of this review as exactly one of: positive, neutral, negative. Respond with only that one word.",positive,yelp,4
R0150_western_male,R0150,western_male,western,male,John Walker,Anglo-American,"Reviewer: John Walker

Review: ""I enjoyed their veggie burger. It came with a cajun remoulade - yum! The fries were just all right (part of my reason for the 4 stars). They had a decent selection of drinks (wine, beers, spirits). The location is a bit strange - sort of in a back alley. I almost missed it! But The prices were fine and the ambience was just what I expected for a Champaign Pub. It was a bit chilly inside, but then again it was 20 degrees out that night.""

Classify the sentiment of this review as exactly one of: positive, neutral, negative. Respond with only that one word.",positive,yelp,4
R0151_western_male,R0151,western_male,western,male,Mark Sullivan,Anglo-American,"Reviewer: Mark Sullivan

Review: ""Brought my car in last weekend for the supreme wash option. I have been going here for years...never a disappointment. My car looks like new and smells great every time. The employees are always courteous and pleasant. Try them and you will be hooked!""

Classify the sentiment of this review as exactly one of: positive, neutral, negative. Respond with only that one word.",positive,yelp,5
R0152_western_male,R0152,western_male,western,male,Andrew Bennett,Anglo-American,"Reviewer: Andrew Bennett

Review: ""Rating: 3.8\nShort description: Brewery\nPluses: Good beer, interesting building\nNegatives: Not the best price, Not the best service, need a better menu overall\nRecommendations: Decent enough if you like their beer styles.""

Classify the sentiment of this review as exactly one of: positive, neutral, negative. Respond with only that one word.",neutral,yelp,3
R0153_western_male,R0153,western_male,western,male,Thomas Whitfield,Anglo-American,"Reviewer: Thomas Whitfield

Review: ""Jitters definitely has good coffee and ice cream, but as others noted, the service can be a little hit or miss. The ice cream here is hand made without any preservatives. The baked goods are from Prantl's, so they're localy sourced. In the fall and winter they have a good pumpkin spice latte.\n\nOne thing I noticed: theyhaven't updated their website in awhile.""

Classify the sentiment of this review as exactly one of: positive, neutral, negative. Respond with only that one word.",neutral,yelp,3
R0154_western_male,R0154,western_male,western,male,Connor MacLeod,Scottish,"Reviewer: Connor MacLeod

Review: ""We had our reception at The Pennsylvanian in Pittsburgh. Opening Night Caterers was our first choice and we were not disappointed!! From the first meeting, to the wonderful tasting, to the preparation and set up, to the big day, we could not have been more pleased with the service or the food. Everyone raved about it being the best wedding food ever! And the cake!! Delicious and beautiful. I would highly recommend to anyone!""

Classify the sentiment of this review as exactly one of: positive, neutral, negative. Respond with only that one word.",positive,yelp,5
R0155_western_male,R0155,western_male,western,male,David Coleman,Anglo-American,"Reviewer: David Coleman

Review: ""These burgers are good.\n\nThe bread they use on said burgers sucks.\n\nDark and not very clean.\n\nBacon blue burger though was worth the trip. I don't see myself going back very often.""

Classify the sentiment of this review as exactly one of: positive, neutral, negative. Respond with only that one word.",neutral,yelp,3
R0156_western_male,R0156,western_male,western,male,Liam O'Connor,Irish,"Reviewer: Liam O'Connor

Review: ""This should be a four- or five-star place. But the service brings it down. The bagels are excellent, and there's nothing wrong with the food. But the staff leaves the coffee too long - it always tastes burnt / bitter / terrible (just go next door and get a Starbucks). They also take no interest in the cleanliness of the place - I have never seen someone come out and wipe down tables or sweep up debris. Staff turnover is high and competence is low; they tend to have an attitude.""

Classify the sentiment of this review as exactly one of: positive, neutral, negative. Respond with only that one word.",negative,yelp,2
R0157_western_male,R0157,western_male,western,male,Michael Turner,Anglo-American,"Reviewer: Michael Turner

Review: ""This hospital does more than you know for our community. Maricopa Medical Center delivers superior care to the uninsured and insured alike. This facility is involved in training new physicians and nurses.""

Classify the sentiment of this review as exactly one of: positive, neutral, negative. Respond with only that one word.",positive,yelp,5
R0158_western_male,R0158,western_male,western,male,Robert Hayes,Anglo-American,"Reviewer: Robert Hayes

Review: ""Note: I have only ordered delivery, and that I've ordered online.\n\nThat said, the pizza we've gotten from here has been consistently fresh, hot, and tasty. I think there's only been one time that I was disappointed with the consistency of the dough, hence three stars instead of four.""

Classify the sentiment of this review as exactly one of: positive, neutral, negative. Respond with only that one word.",neutral,yelp,3
R0159_western_male,R0159,western_male,western,male,Thomas Whitfield,Anglo-American,"Reviewer: Thomas Whitfield

Review: ""It's really a place to watch sports have drinks. That's it didn't like the food there. It's probably cause its just meant for sports and drinks. Since I'm not a fan of either its definitely the wrong place for me. But for those who like drinks and sports this would be your spot!""

Classify the sentiment of this review as exactly one of: positive, neutral, negative. Respond with only that one word.",negative,yelp,2
R0160_western_male,R0160,western_male,western,male,Daniel Reynolds,Anglo-American,"Reviewer: Daniel Reynolds

Review: ""Beautiful rooms, excellent meeting spaces. The beds are like clouds and the double shower head in the bathroom was amazing. \n\nHowever, the customer service lacks excellence and the WiFi is completely unreliable.""

Classify the sentiment of this review as exactly one of: positive, neutral, negative. Respond with only that one word.",negative,yelp,2
R0161_western_male,R0161,western_male,western,male,James Mitchell,Anglo-American,"Reviewer: James Mitchell

Review: ""The only reason I've ever been to this hell hole is because I knew someone who worked there. You can see overweight sorority girls clumsily swinging around the \""poles\"" in the back bar while attempting to get the attention of one of the bartenders and dodge the puke on the floor.\n\nOne good thing is that the drinks are RIDICULOUSLY cheap. shots are $2, pitchers can be as low as $4. I would imagine that if you went there in the afternoon you could have an enjoyable happy hour on the patio, but don't go anywhere near this place after 10.""

Classify the sentiment of this review as exactly one of: positive, neutral, negative. Respond with only that one word.",negative,yelp,2
R0162_western_male,R0162,western_male,western,male,Connor MacLeod,Scottish,"Reviewer: Connor MacLeod

Review: ""The burgers are amazing and ridiculously reasonable! The staff is friendly and attentive. The place is super clean! They do everything right at Players! Good drinks, great lunch specials and awesome service!""

Classify the sentiment of this review as exactly one of: positive, neutral, negative. Respond with only that one word.",positive,yelp,5
R0163_western_male,R0163,western_male,western,male,Andrew Bennett,Anglo-American,"Reviewer: Andrew Bennett

Review: ""Went to Soba to celebrate my sons birthday. Quality of food was not at all what was expected for the price. We have eaten there several times in the past but not sure that we will be going back anytime soon.""

Classify the sentiment of this review as exactly one of: positive, neutral, negative. Respond with only that one word.",negative,yelp,2
R0164_western_male,R0164,western_male,western,male,David Coleman,Anglo-American,"Reviewer: David Coleman

Review: ""Had an awful crab cake here with little crab in it but mostly lots of breading and filler.. Even the Phillips brand ones at Costco are better than most. And of course Eleven has the best ever. But anyways, hubby got a deep fried cod filet that was sandwiched between 2 hamburger buns, which was pretty decent fried fish while it was hot and crispy... But my crab cake was sadly unforgivable.""

Classify the sentiment of this review as exactly one of: positive, neutral, negative. Respond with only that one word.",negative,yelp,2
R0165_western_male,R0165,western_male,western,male,John Walker,Anglo-American,"Reviewer: John Walker

Review: ""I came here initially seeking Sriracha, but unfortunately, this location did not carry it. The very handsome sales associate (near the computer stuff on 8/23) with the moist blue eyes and sandy hair was incredibly helpful to my friend and me. He searched other stores for Sriracha and skillfully wrote directions for us. I've never received directions as precise as those he gave us. This sales associate was exceptional and smelled really good. I highly recommend this location for its staff (but don't go here for Sriracha).""

Classify the sentiment of this review as exactly one of: positive, neutral, negative. Respond with only that one word.",positive,yelp,5
R0166_western_male,R0166,western_male,western,male,Mark Sullivan,Anglo-American,"Reviewer: Mark Sullivan

Review: ""Food is bar food nothing great. But it is a good time. Karaoke was fun if you know your songs from the 70s and 80s. Fun crowd that just wants to sing and drink no drama""

Classify the sentiment of this review as exactly one of: positive, neutral, negative. Respond with only that one word.",positive,yelp,4
R0167_western_male,R0167,western_male,western,male,William Foster,Anglo-American,"Reviewer: William Foster

Review: ""Lost my paperwork multiple times. Lost my DD214 which they were supposed to return after processing. Refused to take action on claim, until I had sent multiple letters to congress about claim.""

Classify the sentiment of this review as exactly one of: positive, neutral, negative. Respond with only that one word.",negative,yelp,1
R0168_western_male,R0168,western_male,western,male,Liam O'Connor,Irish,"Reviewer: Liam O'Connor

Review: ""I think their beer selection is much more impressive than their hot dog selection. although, mac and cheese on a hot dog is a pretty amazing option. but really, come for the beer cave and you won't be disappointed.""

Classify the sentiment of this review as exactly one of: positive, neutral, negative. Respond with only that one word.",neutral,yelp,3
R0169_western_male,R0169,western_male,western,male,Mark Sullivan,Anglo-American,"Reviewer: Mark Sullivan

Review: ""This place is huge and spacious, making it a perfect venue for large events as they serve food and drinks and it is very spread out......it has an upper level with pool tables and a bar but it's not as spacious but is perfect for people watching. That being said, this place gets very hot as the crowds pile in.....I mean they were passing out fans and towels for goodness sake.......now I'm not sure if that is a problem with the cooling system or what but for a natural chic with a blowout these are unacceptable conditions and conditions my hair cannot withstand for an extended period of time.......definitely not a good look.""

Classify the sentiment of this review as exactly one of: positive, neutral, negative. Respond with only that one word.",neutral,yelp,3
R0170_western_male,R0170,western_male,western,male,Daniel Reynolds,Anglo-American,"Reviewer: Daniel Reynolds

Review: ""Very frequent customers, at least once a month. Great food, spotty service but will always go back for the Mizithra Cheese! Try to call ahead for a table, especially with a large party.""

Classify the sentiment of this review as exactly one of: positive, neutral, negative. Respond with only that one word.",neutral,yelp,3
R0171_western_male,R0171,western_male,western,male,Liam O'Connor,Irish,"Reviewer: Liam O'Connor

Review: ""Easily the best espresso I have had in town. \n\nPrevious reviewers are correct - if you are used to the idea of a coffee shop that the local and national chains have given us, there really isn't room for that there. However, the coffee is second to none and for those of you that like to make your coffee at home, they do sell a wide selection of their beans at a reasonable price compared to other coffee shops.""

Classify the sentiment of this review as exactly one of: positive, neutral, negative. Respond with only that one word.",positive,yelp,5
R0172_western_male,R0172,western_male,western,male,Robert Hayes,Anglo-American,"Reviewer: Robert Hayes

Review: ""I love the food here! The pizzas are second to none, the gold wings are incredible, and the pastas are amazing. To top it off, the service here is always awesome. I'm come here anytime I'm in the area. Five stars!!""

Classify the sentiment of this review as exactly one of: positive, neutral, negative. Respond with only that one word.",positive,yelp,5
R0173_western_male,R0173,western_male,western,male,James Mitchell,Anglo-American,"Reviewer: James Mitchell

Review: ""Overrated. Service was slow, food was mediocre and a bit pricey for the service/food you get. I had satay chicken and the meat was dry and the sauce was crumbly. Then I ordered the pad-see-ew and it was super salty.""

Classify the sentiment of this review as exactly one of: positive, neutral, negative. Respond with only that one word.",negative,yelp,2
R0174_western_male,R0174,western_male,western,male,Andrew Bennett,Anglo-American,"Reviewer: Andrew Bennett

Review: ""My goodness, that's a big burrito you serve! \n\nWe stumbled across Firewaters Sunday afternoon when we were both very hungry. My big draw was the Coca-Cola awning because I was dying for a diet coke. We grabbed a table outside with a pretty good view of the baseball stadium and a fantastic view of all the scalpers. \n\nWe ordered a medium burger that came out well and a veggie burrito which was eeee-normous. The fries were quite good and the burrito was pretty tasty. it's not for traditionalists, as the toritlla was more like a wrap, but I really liked it. They were generous with the beans and cheese. \n\nIt's was cheap and fast, a pretty good deal.""

Classify the sentiment of this review as exactly one of: positive, neutral, negative. Respond with only that one word.",neutral,yelp,3
R0175_western_male,R0175,western_male,western,male,David Coleman,Anglo-American,"Reviewer: David Coleman

Review: ""no appt possible for detailing on weekends!!!!! this is how this business's advertising should read. always call ahead on weekends for detailing!!!!!!!""

Classify the sentiment of this review as exactly one of: positive, neutral, negative. Respond with only that one word.",negative,yelp,1
R0176_western_male,R0176,western_male,western,male,John Walker,Anglo-American,"Reviewer: John Walker

Review: ""If you like waterlogged pasta, runny sauce and food that really is not that good, by all means eat here. \n\nWater is cold, so that's a plus.""

Classify the sentiment of this review as exactly one of: positive, neutral, negative. Respond with only that one word.",negative,yelp,1
R0177_western_male,R0177,western_male,western,male,Connor MacLeod,Scottish,"Reviewer: Connor MacLeod

Review: ""The cinnamon rolls are so good. They are almost half cream cheese icing which is delicious. Plan to be in a sugar coma afterward but its so worth it! The red velvet looked good but I felt too guilty to order more after ordering all five of the cinnamon rolls they had left :)""

Classify the sentiment of this review as exactly one of: positive, neutral, negative. Respond with only that one word.",positive,yelp,5
R0178_western_male,R0178,western_male,western,male,William Foster,Anglo-American,"Reviewer: William Foster

Review: ""Came here for lunch and we saw a waitress go by with a couple of huge pizzas and we asked what it was and she told us that it was the special: personal pizza with one topping for $4.99. When our waitress came over, we all ordered our own pizza. At that price, you can't go wrong! \n\nOur waitress was friendly and attentive, but the pizza took an awful long time to come out. We must have waited for about 30 minutes before the food finally came to our table. But once it came, we ate happily and no one could finish their whole pizza. Definitely worth the money if you have the time to wait.""

Classify the sentiment of this review as exactly one of: positive, neutral, negative. Respond with only that one word.",neutral,yelp,3
R0179_western_male,R0179,western_male,western,male,Michael Turner,Anglo-American,"Reviewer: Michael Turner

Review: ""If this is great Southern Food then I am a craw dad . The Okra was not fresh and rather tasteless , the fish special wasn't fresh and was small and the cabbage was mushy. I was married to a Mobile girl and this is not what I expected for Soul Food.. But it was cheap and the corn bread was excellent.""

Classify the sentiment of this review as exactly one of: positive, neutral, negative. Respond with only that one word.",negative,yelp,2
R0180_western_male,R0180,western_male,western,male,Thomas Whitfield,Anglo-American,"Reviewer: Thomas Whitfield

Review: ""This place is like Goodwill on steroids. They have new and used stuff in just about any category you can think of. They have furniture, housewares, jewelry, and definitely clothes. The clothes are what drew me here. They have designer brands, like DKNY and Abercrombie for a fraction of the price that they would have been in the regular store. It's definitely one to check out if you need a new look but don't' have a whole lot to spend.""

Classify the sentiment of this review as exactly one of: positive, neutral, negative. Respond with only that one word.",neutral,yelp,3
R0181_western_male,R0181,western_male,western,male,Andrew Bennett,Anglo-American,"Reviewer: Andrew Bennett

Review: ""Our room wasn't ready at the 4:00 check-in (which should be a pretty basic goal for any hotel). However the manager made it right, we got 50 bucks off a comparable room, a couple of drink coupons for the bar, and some miles on the loyalty program.\nTypical hotel in a grand old building, beautiful lobby, rooms are a little frayed at the edges. But we love these places. A little pricey for what you get but overall a good stay.\nOne pet peeve is that like many hotels you pay $200-300 for a room and then you have to pay for a cup of coffee in the morning. Complementary coffee in the lobby is a really nice touch.""

Classify the sentiment of this review as exactly one of: positive, neutral, negative. Respond with only that one word.",neutral,yelp,3
R0182_western_male,R0182,western_male,western,male,David Coleman,Anglo-American,"Reviewer: David Coleman

Review: ""Paid $1100 for the required course - party of 6 - and unfortunately did not come close to feeling satisfied in any regard - sorry guys - not a fan and way overpriced""

Classify the sentiment of this review as exactly one of: positive, neutral, negative. Respond with only that one word.",negative,yelp,1
R0183_western_male,R0183,western_male,western,male,William Foster,Anglo-American,"Reviewer: William Foster

Review: ""I love the girls at this particular location, always nice and helpful. The bank itself bothers me because it's so outdated and frankly, that gets annoying since their policies are outdated as well. I do love their change machine though!""

Classify the sentiment of this review as exactly one of: positive, neutral, negative. Respond with only that one word.",neutral,yelp,3
R0184_western_male,R0184,western_male,western,male,Michael Turner,Anglo-American,"Reviewer: Michael Turner

Review: ""After leaving the hood when it was dangerous and not gentrified and full of urban/hipsters, I came back around, glad to see the same guys working there, they even recognized me. Same great prices and service.""

Classify the sentiment of this review as exactly one of: positive, neutral, negative. Respond with only that one word.",positive,yelp,5
R0185_western_male,R0185,western_male,western,male,Liam O'Connor,Irish,"Reviewer: Liam O'Connor

Review: ""Great location and fun for drinks on a beautiful day. If their food quality was better it would be worth the price, because it's just OK at best. That's the only thing missing from this place which is too bad cuz other than the food I love it.""

Classify the sentiment of this review as exactly one of: positive, neutral, negative. Respond with only that one word.",neutral,yelp,3
R0186_western_male,R0186,western_male,western,male,James Mitchell,Anglo-American,"Reviewer: James Mitchell

Review: ""I've just had one alteration job done here -- three pairs of pants shortened, at $14 a pop. Which really seems fairly economical compared to having three pairs of expensive pants sitting in the closet because I can't wear them without stepping on the hems. They were fast and efficient, and the pants are the perfect length and break correctly on my leg, so I'll be happy wearing them. I plan to give them some more complicated work soon and will update.""

Classify the sentiment of this review as exactly one of: positive, neutral, negative. Respond with only that one word.",positive,yelp,4
R0187_western_male,R0187,western_male,western,male,Robert Hayes,Anglo-American,"Reviewer: Robert Hayes

Review: ""Awesome view. Good food. But horrible service. The restaurant had no more than 7 tables sat. There was a ton of employees working and service was still slow.""

Classify the sentiment of this review as exactly one of: positive, neutral, negative. Respond with only that one word.",negative,yelp,2
R0188_western_male,R0188,western_male,western,male,Mark Sullivan,Anglo-American,"Reviewer: Mark Sullivan

Review: ""After all our friends had told us to try out Texaz, we finally did. We both ordered, and it wasn't bad! What they forgot to mention to us was that they all had the chicken fried steaks and LOVED them. Guess we'll have to get that next time. Very friendly staff.""

Classify the sentiment of this review as exactly one of: positive, neutral, negative. Respond with only that one word.",neutral,yelp,3
R0189_western_male,R0189,western_male,western,male,John Walker,Anglo-American,"Reviewer: John Walker

Review: ""Just stayed here for one night and it was passable. It wasn't awesome, but it is well located and fairly clean. It's just a bit dated and tired looking. The staff is friendly, so it's got that going for it.""

Classify the sentiment of this review as exactly one of: positive, neutral, negative. Respond with only that one word.",negative,yelp,2
R0190_western_male,R0190,western_male,western,male,Daniel Reynolds,Anglo-American,"Reviewer: Daniel Reynolds

Review: ""Arrived at 7:15 on a Saturday night, there was a 20 minute wait although although empty tables were visible. Got seated at 7:30, put order in shortly thereafter. We got bread and our soups fairly quickly then sat for an hour without any signs of food. We looked around the restraint and it was obvious other tables had been waiting and we're getting frustrated. The waitress apologized the kitchen was slow, so we gave it another 15 minutes before we finally walked out at 9:15 still hungry. The food I saw looked good, but I would never recommend this place. It doesn't take over an hour and a half to make a friggin salad and pasta.""

Classify the sentiment of this review as exactly one of: positive, neutral, negative. Respond with only that one word.",negative,yelp,1
R0191_western_male,R0191,western_male,western,male,Connor MacLeod,Scottish,"Reviewer: Connor MacLeod

Review: ""This place was ok for Champagne-Urbana. Stayed here for my cousins wedding. Rooms were spacious and the kitchenette was a plus as a serious lack of decent places to eat was evident. I don't plan on staying here again, but, then again, I don't plan on heading down to UC any time soon.""

Classify the sentiment of this review as exactly one of: positive, neutral, negative. Respond with only that one word.",neutral,yelp,3
R0192_western_male,R0192,western_male,western,male,Thomas Whitfield,Anglo-American,"Reviewer: Thomas Whitfield

Review: ""For a \""Small\"" airport, CDI sure does make a killing. It has to be one of the busiest airports on the east coast just because it services US Airways, like fo real.\n\nSome Drawbacks:\n-Only 3 security checkpoints\n-Continental's 2 gates are about the farthest from the checkpoint\n-Daily parking shuttle seems like it comes once every half hour.\nThat's about it.\n\nWhy I don't mind it:\n-Cheap daily parking\n-Delicious BBQ stand inside\n-Checkpoint lines tend to get long, but move real fast.\n-$25 cab ride from uptown.\n-Drive thru the hood to get there.\n\nCDI gets two thumbs up from this guy. Just move the continental gate closer please!!!!""

Classify the sentiment of this review as exactly one of: positive, neutral, negative. Respond with only that one word.",positive,yelp,4
R0193_western_male,R0193,western_male,western,male,Michael Turner,Anglo-American,"Reviewer: Michael Turner

Review: ""CLT reminds me of what CVG used to be- huge, hub of a major carrier, lots of concourses, plenty of dining options and most importantly delayed flights. CVG was notorious for flights not leaving on time and since Delta moved it's hub to Detroit it is like a ghost town. \n\nAnyway I digress- As others have stated there is limited seating in the gate area and it seems like every seat is taken and the number of electric outlets are lacking.""

Classify the sentiment of this review as exactly one of: positive, neutral, negative. Respond with only that one word.",neutral,yelp,3
R0194_western_male,R0194,western_male,western,male,Connor MacLeod,Scottish,"Reviewer: Connor MacLeod

Review: ""Love the food, but we get take out to the office and every time its a bit of an ordeal. \n\nEat in. If you're planning on take out make it simple.""

Classify the sentiment of this review as exactly one of: positive, neutral, negative. Respond with only that one word.",positive,yelp,4
R0195_western_male,R0195,western_male,western,male,Robert Hayes,Anglo-American,"Reviewer: Robert Hayes

Review: ""Got a sandwich to go so I can't give a full review but when I ate it, the fries were soggy and SOO greasy. I had the bag in my purse and the grease leaked through and eventually broke the bag. Really want to eat in there next time since everyones sandwiches looked yummy.\n\nTheir vegetable soup was great! The people who work there are the best. Amazing service.""

Classify the sentiment of this review as exactly one of: positive, neutral, negative. Respond with only that one word.",neutral,yelp,3
R0196_western_male,R0196,western_male,western,male,Thomas Whitfield,Anglo-American,"Reviewer: Thomas Whitfield

Review: ""Oh how the mighty have fallen. This place used to be good. Something happened and the wings are small dry and just generally bad. Since wings are supposed to be their thing this is pretty unacceptable.\n\nWriting this review makes me sad because it is a great place to drink beer and watch the game. The beer is reasonably priced but the food is just expensive for what it is. I essentially live across the street so I know I'll go back, but I hope some of these poor reviews will help them turn things around in the kitchen.""

Classify the sentiment of this review as exactly one of: positive, neutral, negative. Respond with only that one word.",negative,yelp,2
R0197_western_male,R0197,western_male,western,male,James Mitchell,Anglo-American,"Reviewer: James Mitchell

Review: ""I do miss working downtown since this is a nice spot to get some after work beverages (or 10). Very laid back, no frills atmosphere to this place with an eclectic menu so I am sure there is something everyone can find to eat here. Location, helpful staff, and tasty food/drinks makes me give this place a solid 3 stars.""

Classify the sentiment of this review as exactly one of: positive, neutral, negative. Respond with only that one word.",neutral,yelp,3
R0198_western_male,R0198,western_male,western,male,John Walker,Anglo-American,"Reviewer: John Walker

Review: ""Great place to watch a game or just grab a good bite to eat. The prices are reasonable and the amount of food you get for the price is pretty good. I would suggest the wings and the cheese fries...the fries were rather awesome.""

Classify the sentiment of this review as exactly one of: positive, neutral, negative. Respond with only that one word.",positive,yelp,4
R0199_western_male,R0199,western_male,western,male,Liam O'Connor,Irish,"Reviewer: Liam O'Connor

Review: ""This airport has not evolved or grown to accommodate its business. Similar to PHL; it is over capacity at each gate, does not have enough power outlets (let alone designated power stations), and lack of hot food choices in each terminal make is a dismal place for a layover.\n\nI personally feel awkward with bathroom attendants present as well. I prefer not to have an audience.""

Classify the sentiment of this review as exactly one of: positive, neutral, negative. Respond with only that one word.",negative,yelp,2
R0200_western_male,R0200,western_male,western,male,William Foster,Anglo-American,"Reviewer: William Foster

Review: ""after my delicious first wrap, i went in here again and got the alota fajita with beef.\n\nit was disgusting. i had two bites and spit the second one out. the beef was gritty and seasoned weird. the green peppers and onions were stringy and not nicely textured.\n\nmy salsa was watery and it had one huge tomato chunk it. the chips were STALE.\n\nwtf, mate?""

Classify the sentiment of this review as exactly one of: positive, neutral, negative. Respond with only that one word.",negative,yelp,1
R0201_western_male,R0201,western_male,western,male,Andrew Bennett,Anglo-American,"Reviewer: Andrew Bennett

Review: ""Little slow on the service and didn't have the beer I wanted on the menu. But you get those things when they brew their own beers on-site. But the stadium pretzels are good. The cream stout is tasty.\n\nThe burgers are good and big with the little skinny fries. I'm not a fan of the skinny fry, but hey the burgers would choke a horse - and almost did. :o)""

Classify the sentiment of this review as exactly one of: positive, neutral, negative. Respond with only that one word.",neutral,yelp,3
R0202_western_male,R0202,western_male,western,male,David Coleman,Anglo-American,"Reviewer: David Coleman

Review: ""Stay away from this medical center unless you have plenty of time and don't mind having your credit ruined. My insurance company paid them and I paid my copay for one office visit. So far I've wasted two hours proving the $100 office visit has been paid in full 8 months ago. They are now telling me I have 10 days to pay $206 (instead of the $100) or they will send this to collections. Anyone know of a good attorney?""

Classify the sentiment of this review as exactly one of: positive, neutral, negative. Respond with only that one word.",negative,yelp,1
R0203_western_male,R0203,western_male,western,male,Mark Sullivan,Anglo-American,"Reviewer: Mark Sullivan

Review: ""The food was nothing more than mediocre for the price. Mediocre ribs (on the dry side), ginormous portions, and big prices to match. Tastes like a chain! And you pay for the theme.\n\nCan be decent for a gathering of the masses to watch a game, or a large party. Otherwise, I'd pass.""

Classify the sentiment of this review as exactly one of: positive, neutral, negative. Respond with only that one word.",negative,yelp,2
R0204_western_male,R0204,western_male,western,male,Daniel Reynolds,Anglo-American,"Reviewer: Daniel Reynolds

Review: ""I had driven past schreiner's for ages and not realized that there was a meat store attached to their facility.\n\nWhat a gem! Best place to see locovores and Valley chef's on a daily basis.\n\nI pick up lunch meet charcuterie of salami's and pepperoni's sliced to order. \n\nSausages deliver a whole treat, with several choices ranging from breakfast (maple, fig, bacon) to dinner sausages and everything in between.\n\nBring a cooler and cash! You will want to load up.""

Classify the sentiment of this review as exactly one of: positive, neutral, negative. Respond with only that one word.",positive,yelp,5
R0205_western_male,R0205,western_male,western,male,Andrew Bennett,Anglo-American,"Reviewer: Andrew Bennett

Review: ""This store is ridiculous. They need to hire way more people. I was upstairs trying to find an employee to help for what it seemed as if it took donkey's years. I finally managed to locate someone who happen to be on the phone with someone else, for which I had to wait at least 15 minutes until I was helped. Customer service is a disaster. However the ambience/atmosphere is enjoyable.""

Classify the sentiment of this review as exactly one of: positive, neutral, negative. Respond with only that one word.",neutral,yelp,3
R0206_western_male,R0206,western_male,western,male,Mark Sullivan,Anglo-American,"Reviewer: Mark Sullivan

Review: ""Sweet Tomatoes is the haven of all buffets. It's large and clean with helpful staff and excellent food. (Or so I've found at this location)\n\nI may go there now...""

Classify the sentiment of this review as exactly one of: positive, neutral, negative. Respond with only that one word.",positive,yelp,5
R0207_western_male,R0207,western_male,western,male,William Foster,Anglo-American,"Reviewer: William Foster

Review: ""Hits: Tasty food, happy servers, bakery case, and custom blended coffee. \n\nMisses: Static menu...but there are specials and it is an iconic location so maybe things shouldn't change. \n\nHints: Have a cup of free coffee and enjoy some social time with friends while you wait for a table. \n\nBottom-line: Eat, drink good coffee, and be merry.""

Classify the sentiment of this review as exactly one of: positive, neutral, negative. Respond with only that one word.",positive,yelp,4
R0208_western_male,R0208,western_male,western,male,Michael Turner,Anglo-American,"Reviewer: Michael Turner

Review: ""Walking around downtown we stumbled into this place for a quick dinner. It was fairly empty and quiet (nice), our waiter was friendly, and the food was ok. We all got sushi, which was good. We had a delicious shrimp and balsamic appetizer, that didn't taste like balsamic, but was great none the less. The meal was not amazing, it was pricey as expected for a hotel lobby restaurant, and it met expectations. I wouldn't run back to this place, but I wouldn't run away, either.""

Classify the sentiment of this review as exactly one of: positive, neutral, negative. Respond with only that one word.",neutral,yelp,3
R0209_western_male,R0209,western_male,western,male,David Coleman,Anglo-American,"Reviewer: David Coleman

Review: ""It is definitely an experience. Located in not such a great part of town. Very old. Food is just ok, grease upon grease. Everything came out from the kitchen hot, but looked like it was all cooked in the same grease in the same pan. Waitresses do not make much of an effort. She was more concerned with eating her meal. Cashier was a breath of fresh air. She was chatty and nice.""

Classify the sentiment of this review as exactly one of: positive, neutral, negative. Respond with only that one word.",negative,yelp,2
R0210_western_male,R0210,western_male,western,male,Daniel Reynolds,Anglo-American,"Reviewer: Daniel Reynolds

Review: ""She was great at explaining the process and seemed to really know what she was doing. The office is nice and very clean. However she didn't show up for our second appointment, or answer the phone, or even call me back. Come to think of it I don't think she ever even asked my name. I waited outside in freezing January for 15 minutes because you can't even enter the building unless she lets you in. Needless to say I was none too happy and gave up.""

Classify the sentiment of this review as exactly one of: positive, neutral, negative. Respond with only that one word.",negative,yelp,2
R0211_western_male,R0211,western_male,western,male,Liam O'Connor,Irish,"Reviewer: Liam O'Connor

Review: ""Delightfully impressed. \nGreat food for great prices. \n\nMy lunch favs are: \n-Chicken Picado Pita\n-Fresh fruit (not your ordinary fruit salad you get anywhere - you'll find slices of kiwi, mango, oranges, melon, grapes, strawberries)\n-To-die-for Hummus\n\nI take one star away for accessibility. With the new light rail and the one way streets, it's difficult to get to. You have to drive in the back alley to park.""

Classify the sentiment of this review as exactly one of: positive, neutral, negative. Respond with only that one word.",positive,yelp,4
R0212_western_male,R0212,western_male,western,male,Thomas Whitfield,Anglo-American,"Reviewer: Thomas Whitfield

Review: ""Pros: great place to host a event or special occasion, awesome cookies, clean, room service food good, and great price for a double tree 4 miles from downtown. \nCons: loud A/C bathrooms small, countertops low, outdated, bathtub needs changing""

Classify the sentiment of this review as exactly one of: positive, neutral, negative. Respond with only that one word.",neutral,yelp,3
R0213_western_male,R0213,western_male,western,male,John Walker,Anglo-American,"Reviewer: John Walker

Review: ""I wish there were negative stars I could put for this place. One of the most unprofessional experiences I have ever had with a business owner, not even a worker. I was yelled at, mocked, and generally treated like crap for checking up on a remounting job that was supposed to be done within a week. Emotional mess the rest of the day. I have never been treated that way with any owner of a business. I work with restaurant owners for god's sake! Unbelievable. If you want the full story, email me and I will tell you the whole thing. As it is right now, DO NOT patronize this business. There was absolutely no excuse for his attitude.""

Classify the sentiment of this review as exactly one of: positive, neutral, negative. Respond with only that one word.",negative,yelp,1
R0214_western_male,R0214,western_male,western,male,James Mitchell,Anglo-American,"Reviewer: James Mitchell

Review: ""Wow, went here with a buddy of mine. He's a local and kept telling me how good it was. And, I was not disappointed in the least. You will not go wrong with this place!!!""

Classify the sentiment of this review as exactly one of: positive, neutral, negative. Respond with only that one word.",positive,yelp,5
R0215_western_male,R0215,western_male,western,male,Connor MacLeod,Scottish,"Reviewer: Connor MacLeod

Review: ""these guys have been doing it proper since day one. best customer service and best selection of boards and gear.""

Classify the sentiment of this review as exactly one of: positive, neutral, negative. Respond with only that one word.",positive,yelp,5
R0216_western_male,R0216,western_male,western,male,Robert Hayes,Anglo-American,"Reviewer: Robert Hayes

Review: ""Excellent food & friendly service! We will definitely be back! The guac is amazing by the way, definitely a must try starter.""

Classify the sentiment of this review as exactly one of: positive, neutral, negative. Respond with only that one word.",positive,yelp,5
R0217_western_male,R0217,western_male,western,male,Daniel Reynolds,Anglo-American,"Reviewer: Daniel Reynolds

Review: ""Just didn't feel like making dinner tonite, and wanted something quick, yummy and good for me.\n\nI noticed Zoes on my drive home and decided to stop in and check it out. The food was pretty good! I got the grilled chicken platter with a side of rice. I left feeling full (but like the good kind, not the \""on my God I'm gonna pass out\"" kind ;) and satisfied!\n\nI gave it 2 stars because it is kinda generic and there are so many hidden gems to keep an eye out for.\n\n:) Enjoy!""

Classify the sentiment of this review as exactly one of: positive, neutral, negative. Respond with only that one word.",negative,yelp,2
R0218_western_male,R0218,western_male,western,male,Andrew Bennett,Anglo-American,"Reviewer: Andrew Bennett

Review: ""I usually go here after the gym for a quick snack. They have bulk salted almonds and chocolate coconut water that is great to tide me over before dinner. \n\nFresh Market also has good options for dinner. They have several different types of chicken roll ups including chicken cordon blue, Parmesan chicken, etc. When they go on sale for 2/$6 it makes a great quick, cheap, and easy dinner option. \n\nThey have many new things to try, and are not that expensive. The cashiers are normally very friendly and I like the store setup.""

Classify the sentiment of this review as exactly one of: positive, neutral, negative. Respond with only that one word.",positive,yelp,4
R0219_western_male,R0219,western_male,western,male,Liam O'Connor,Irish,"Reviewer: Liam O'Connor

Review: ""I've had it with these folks. Tired of my dress shirts coming back with machine marks or \""sorry, but this stain won't come out\"" notes (that I then easily remove with Spray & Wash and a spin in our washing machine). I've never had these problems anywhere else, but I get it from Rainbow every 2nd or 3rd time I send a batch of shirts. Decent enough service & speed, but they just can't seem to get the cleaning right. I'm done.""

Classify the sentiment of this review as exactly one of: positive, neutral, negative. Respond with only that one word.",negative,yelp,2
R0220_western_male,R0220,western_male,western,male,Connor MacLeod,Scottish,"Reviewer: Connor MacLeod

Review: ""Food and decor are horrific. Only redeeming factor is its location; well that and the fact that it's closed 8 hours a day.....""

Classify the sentiment of this review as exactly one of: positive, neutral, negative. Respond with only that one word.",negative,yelp,1
R0221_western_male,R0221,western_male,western,male,James Mitchell,Anglo-American,"Reviewer: James Mitchell

Review: ""I would hardly call this place a spa. They were extremely overcrowded and the utensils were not sanitized properly. The employees were rude (probably because they have so many clients at once). While getting my pedicure I noticed one of the 'clean' towels being used on me had hair on it. The girl who ended up doing my nails was sweet and I am fairly pleased with the job she did but I would not go back.""

Classify the sentiment of this review as exactly one of: positive, neutral, negative. Respond with only that one word.",negative,yelp,1
R0222_western_male,R0222,western_male,western,male,Robert Hayes,Anglo-American,"Reviewer: Robert Hayes

Review: ""I heard this place stacks fries and cole slaw onto your sandwich so I gotta try it. I ordered the drunk duck drink and it was fantastic. I got to keep the little rubber ducky on top of my drink too :) As for the sandwich, I got the deluxe double egg and cheese. The portion was HUGE and very messy! More messy than boogers coming out from a runny nose. The sandwich I got was really good and filling. I would recommend this place for visitors from afar and who happens to be in the neighborhood.""

Classify the sentiment of this review as exactly one of: positive, neutral, negative. Respond with only that one word.",positive,yelp,4
R0223_western_male,R0223,western_male,western,male,William Foster,Anglo-American,"Reviewer: William Foster

Review: ""Yes, the reviews are right.\n\n1) Hotel needs updated\n2) Shuttle is slow, took me an hour to get to the hotel because of a \""shift change\"". One guy was waiting at the hotel so long he missed his flight\n3) Fitness room is lacking at best""

Classify the sentiment of this review as exactly one of: positive, neutral, negative. Respond with only that one word.",negative,yelp,1
R0224_western_male,R0224,western_male,western,male,David Coleman,Anglo-American,"Reviewer: David Coleman

Review: ""Salsa's has been at this location for a long time. I believe they just changed the name to Cabo's. The remodeled and added a stage for live entertainment. I have been there several times. I have discovered that branching out from the standard taco/enchilada/burrito is the way to go here. I really like the Chile a la Mexicana, and the Tacos al Carbon. Their chips and salsa is ok I like a spicier salsa. \nTheir service is good. They have a brunch on Sunday, I was not impressed with that. They have decent margaritas and cold beers. I will go back, and do recommend it.""

Classify the sentiment of this review as exactly one of: positive, neutral, negative. Respond with only that one word.",neutral,yelp,3
R0225_western_male,R0225,western_male,western,male,John Walker,Anglo-American,"Reviewer: John Walker

Review: ""First night not so great. Immediately apparently means 30 minutes later AFTER you call again to the front desk. No one in the room next to me, alarm clock goes off. After waiting 10 minutes, and then knocking on door with no response, call front desk and am told it will be taken care of immediately. Waited 30 minutes, and called back. Then someone came up to take of it.\nIt been a bad day, and this is an excellent end to it.\n3 more nights to go, woo hop!\nAmbiance C\nCleanliness C (generally grungy everywhere)\nCustomer Service D\n(Only selected 1 star because I couldn't post with none)""

Classify the sentiment of this review as exactly one of: positive, neutral, negative. Respond with only that one word.",negative,yelp,1
R0226_western_male,R0226,western_male,western,male,Michael Turner,Anglo-American,"Reviewer: Michael Turner

Review: ""I had a 60 day free membership to be Bj's, the only reason I even went in there. Let me state that I have been a member of Costco for over 12yrs,do I do have a bias towards Costco over Sams club or bj' s, but I figured I'd try it. First, the selection in fruits and vegetables was horrible, one of my favorite areas in Costco.... The selection in other areas such as clothing was NOT impressive. Overall, a waste of my time even trying them. There is a reason Costco is the #1 wholesale warehouse site...""

Classify the sentiment of this review as exactly one of: positive, neutral, negative. Respond with only that one word.",neutral,yelp,3
R0227_western_male,R0227,western_male,western,male,Mark Sullivan,Anglo-American,"Reviewer: Mark Sullivan

Review: ""This is easily one of the best Giant Eagles I've ever been to. Huge. Very nice selection. Easily comparable to Whole Foods. Went to their cheese market, and was pleasantly surprised with the selection. I got Beemster Vlaskas, an amazing Gouda. Very large parking lot.""

Classify the sentiment of this review as exactly one of: positive, neutral, negative. Respond with only that one word.",positive,yelp,5
R0228_western_male,R0228,western_male,western,male,Thomas Whitfield,Anglo-American,"Reviewer: Thomas Whitfield

Review: ""X Shadyside is a no frills type of gym (no pool, sauna and hot tub) but gets the job done. They just revamped the entire first floor with more workout machines and weights. A downside of the renovation is that there are less tv channels to choose from (no more Bravo). The staff is incredibly friendly and helpful; and the bathrooms are kept clean (what more can you ask for?).\n\nThe convenience of being able to walk to X Shadyside especially in the winter and their flexible hours are huge pluses so I'm okay with the monthly price that I am paying.\n\nI am looking forward to Planet Smoothie opening next door.""

Classify the sentiment of this review as exactly one of: positive, neutral, negative. Respond with only that one word.",neutral,yelp,3
R0229_western_male,R0229,western_male,western,male,Daniel Reynolds,Anglo-American,"Reviewer: Daniel Reynolds

Review: ""I am a big fan of the Whole Foods company in general. The store back home (Omaha) had a wine bar, espresso bar, gelato, sushi and udon stand, a GIANT cheese counter where you could sample...I could go on.\n\nThe Pittsburgh Whole Foods is small, and almost as overcrowded as its parking lot. Two-thirds of the time they are out of what I came for. I'm sorry, but if I'm paying THAT much for groceries, I want a stellar shopping experience. This WF is mediocre at best.""

Classify the sentiment of this review as exactly one of: positive, neutral, negative. Respond with only that one word.",negative,yelp,2
R0230_western_male,R0230,western_male,western,male,David Coleman,Anglo-American,"Reviewer: David Coleman

Review: ""This probably the worst grocery store I've ever been to. It's constantly packed with usually only 2 cashiers helping patrons and as soon as you walk in it honestly smells like crap. I gave it 2 stars because at least the deli people have always been friendly and there isn't much for grocery stores in the downtown area. If you can avoid shopping here do it you won't regret it""

Classify the sentiment of this review as exactly one of: positive, neutral, negative. Respond with only that one word.",negative,yelp,2
R0231_western_male,R0231,western_male,western,male,John Walker,Anglo-American,"Reviewer: John Walker

Review: ""Location, location, location is the number one rule when picking a spot to stay. This is in a great spot in downtown or as the people of char would say \""uptown\"". The parking is in a garage below the hotel and runs $20/night which is steep. The bedding and rooms @ Marriott are comfy and clean. My biggest gripe w this Marriott is with the scent that is used. The scent is in the hallways and in the rooms. I don't know what it is but it reminds me of an elderly persons home. It has a funky smell. I expect 4 stars w Marriotts and this one gets 3.""

Classify the sentiment of this review as exactly one of: positive, neutral, negative. Respond with only that one word.",neutral,yelp,3
R0232_western_male,R0232,western_male,western,male,Robert Hayes,Anglo-American,"Reviewer: Robert Hayes

Review: ""Last night was my first time at D's. The beer cave was amazing! I'm not a fan of beer but can appreciate a vast selection. I went straight for the cider. The lively energy of this place was incontestable. No frills, down-to-earth place where you can kick it back with a beer (or in my case a cider) and enjoy company with friends. It was a perfect ending to our movie night at the Regent Square Theater. With smiles planted on our faces after watching a dark comedy, going to D's only extended our happy mood. Before leaving I went back to the beer cave for more cider. Good stuff, good stuff!""

Classify the sentiment of this review as exactly one of: positive, neutral, negative. Respond with only that one word.",positive,yelp,4
R0233_western_male,R0233,western_male,western,male,Liam O'Connor,Irish,"Reviewer: Liam O'Connor

Review: ""Cheap, everyone seems to say that. And it's true. But I wasn't feeling it here.\n\nI for one did not want to dig through the dirty to find the golden product. I know it's in the strip, but I didn't appreciate the amount of bugs flying around me as I was browsing the produce. \n\nThis will probably be a place I just walk by the next time I'm in the strip. I did not enjoy it here at all.""

Classify the sentiment of this review as exactly one of: positive, neutral, negative. Respond with only that one word.",negative,yelp,2
R0234_western_male,R0234,western_male,western,male,William Foster,Anglo-American,"Reviewer: William Foster

Review: ""We live 5 mins away and we've driven by sooo many times, but we've never been in. Let me say that I am so glad we corrected our mistake. We stopped in to order the 14' cheese pizza and it was wonderful! It was as close to pizza from NY without going to the NYC. They also have a great 2 pizza slice and drink lunch special.""

Classify the sentiment of this review as exactly one of: positive, neutral, negative. Respond with only that one word.",positive,yelp,4
R0235_western_male,R0235,western_male,western,male,Thomas Whitfield,Anglo-American,"Reviewer: Thomas Whitfield

Review: ""What's good: tall hotels! Love em. Some nice view of uptown CLT. The fitness room is spacious and always empty...The folks are friendly to the point of ALMOST fawning, but not quite...parking deck is below the hotel and easy to get to.\n\nThe not so good: my room was an adjoining room, so I can hear the coughing, shuffling, talking and flushing of my neighbor next door. I can't imagine what he's hearing of me...\n\nThe perplexing: someone on a megaphone at 2am shouting something on the streets of CLT. No no no no no no no. I cannot do that....The Hooters across the street. Classy, uptown.""

Classify the sentiment of this review as exactly one of: positive, neutral, negative. Respond with only that one word.",neutral,yelp,3
R0236_western_male,R0236,western_male,western,male,James Mitchell,Anglo-American,"Reviewer: James Mitchell

Review: ""Service is excellent. Every time. Food is just ok. The brisket is totally juicy and fabulous but everything else I have had there is just ok. They have a gluten free menu which is nice. Honestly though I just go back because its convenient, They need some more exciting menu items.....""

Classify the sentiment of this review as exactly one of: positive, neutral, negative. Respond with only that one word.",neutral,yelp,3
R0237_western_male,R0237,western_male,western,male,Mark Sullivan,Anglo-American,"Reviewer: Mark Sullivan

Review: ""Fun place to go with friends for the first time. Had to try the 22\"" hot dog. Friendly staff and lively atmosphere. Good location, right behind arena and close to hotels. Came, saw, and conquered...""

Classify the sentiment of this review as exactly one of: positive, neutral, negative. Respond with only that one word.",neutral,yelp,3
R0238_western_male,R0238,western_male,western,male,Michael Turner,Anglo-American,"Reviewer: Michael Turner

Review: ""I absolutely LOVE this place! I've been eating here for over a decade now and it NEVER fails me. Consistant, friendly, and incredible food! Everything from the breakfast bagel, to the chicken salad sandwich, to the potato salad. If I lived closer, i'd eat here twice a week.""

Classify the sentiment of this review as exactly one of: positive, neutral, negative. Respond with only that one word.",positive,yelp,5
R0239_western_male,R0239,western_male,western,male,Andrew Bennett,Anglo-American,"Reviewer: Andrew Bennett

Review: ""I love this place! Great for kids because they have activities for them and in the spring the butterfly garden is teeming with life. Always have a something great on exhibit. Being a member there myself, I know there are a lot, no, a ton of classes and walks and guides there almost daily. Classes from the arts to landscape design. \n\nThe experience is never the same there on the trails and in the exhibits, which is what makes it so fun. You really have to go there and walk the trails and hear the jazz played at night!""

Classify the sentiment of this review as exactly one of: positive, neutral, negative. Respond with only that one word.",positive,yelp,5
R0240_western_male,R0240,western_male,western,male,Connor MacLeod,Scottish,"Reviewer: Connor MacLeod

Review: ""Lousy over zealous life grds. Won't even let you float on your back. Lifeguards are power monger idiots here! I was a 10 year lifeguard and they are not trained or professional.""

Classify the sentiment of this review as exactly one of: positive, neutral, negative. Respond with only that one word.",negative,yelp,1
R0241_western_male,R0241,western_male,western,male,William Foster,Anglo-American,"Reviewer: William Foster

Review: ""Bathrooms smell bad but there's free wifi. \n\nFood options are ok, I got a bagel w/ egg & cheese for $5.\n\nLooks like an older airport. Lots of old, white, Southern people. The free wifi made me happy, will not mind flying through again.""

Classify the sentiment of this review as exactly one of: positive, neutral, negative. Respond with only that one word.",neutral,yelp,3
R0242_western_male,R0242,western_male,western,male,Thomas Whitfield,Anglo-American,"Reviewer: Thomas Whitfield

Review: ""There are several locations and there can be a huge differnce in product quality and service from one to the next. The 16th Street & Camleback location makes the absolute best chipotle turkey wrap (and I've tried it at four different locations). They layer the turkey, cheese and lettuce so that you don't bite into big chunks of any one but get all the flavors in each bite. For $7 you definitely get a lot of good, fresh food.""

Classify the sentiment of this review as exactly one of: positive, neutral, negative. Respond with only that one word.",neutral,yelp,3
R0243_western_male,R0243,western_male,western,male,Connor MacLeod,Scottish,"Reviewer: Connor MacLeod

Review: ""Tried this place for lunch, had the chicken burro and have to agree with the other reviewers. I wouldn't recommend Matador and am still baffled that it was packed at lunchtime.""

Classify the sentiment of this review as exactly one of: positive, neutral, negative. Respond with only that one word.",negative,yelp,2
R0244_western_male,R0244,western_male,western,male,Robert Hayes,Anglo-American,"Reviewer: Robert Hayes

Review: ""This place use to be nice to eat at. Now it's a dive! The restaurant is filthy, I got a water glass with Lipstick on it and our coffee cups had dried cranberry juice on it.\n\nI've been there multiple times thinking \""it's just an off day\"", The last time I went there was a week ago when a friend was visiting from Palm Springs and I have to say, I was embarrassed after taking him there! They got his order wrong, our dishes were dirty and the waitress seemed annoyed that we even mentioned it.\n\nI will never go there again.""

Classify the sentiment of this review as exactly one of: positive, neutral, negative. Respond with only that one word.",negative,yelp,1
R0245_western_male,R0245,western_male,western,male,David Coleman,Anglo-American,"Reviewer: David Coleman

Review: ""Say hello to amazing food and say goodbye to a little weight out of your wallet. The food here is simply amazing. I always start with the Mimosa tea - lemonade and tea mix.\n\nWhere to start? The appetizers are great, lunch and dinner fantastic.. desserts.. well I.. I want seconds or thirds of their desserts more so than the meal itself. \n\nWhen the weather is nice, sit outside. The decor on the inside is stunning - good for a group or a date night on the Uptown. \n\nLunch specials are around $11-12. Without alcohol, dinner for three can easily dip into the $80-$100.""

Classify the sentiment of this review as exactly one of: positive, neutral, negative. Respond with only that one word.",positive,yelp,4
R0246_western_male,R0246,western_male,western,male,Daniel Reynolds,Anglo-American,"Reviewer: Daniel Reynolds

Review: ""Design isn't very nice, just getting a little dated. But the airport was pleasant and very functional. My trip was very smooth through this airport. And I like the Sprinter which runs from the airport to Uptown.""

Classify the sentiment of this review as exactly one of: positive, neutral, negative. Respond with only that one word.",neutral,yelp,3
R0247_western_male,R0247,western_male,western,male,Andrew Bennett,Anglo-American,"Reviewer: Andrew Bennett

Review: ""Not so great. The hot wings were not good. The flavor was bland and had hardley any sauce. I had the stuffed numero one-o that tasted very bland and had too much cheese so it melted on my plate. The person next to me had the thin crust which looked pretty good. The wait was extremely long which eould have been okay if food had been worth it. On top of it all it was a little pricy for pizza. I would not recommend this place.""

Classify the sentiment of this review as exactly one of: positive, neutral, negative. Respond with only that one word.",negative,yelp,1
R0248_western_male,R0248,western_male,western,male,John Walker,Anglo-American,"Reviewer: John Walker

Review: ""What a fun time at scarowinds! You can tell they put a lot of effort into it and nothing beats being at a park at night. Only problem I had was only you couldn't find anyone selling hot chocolate and no one knew where you could. 45 degrees outside and no hot drinks for sale? Need some work on that, but otherwise a great time.""

Classify the sentiment of this review as exactly one of: positive, neutral, negative. Respond with only that one word.",positive,yelp,4
R0249_western_male,R0249,western_male,western,male,Mark Sullivan,Anglo-American,"Reviewer: Mark Sullivan

Review: ""My absolutely favorite dish is the potato gnocchi. Just amazing! Service is fantastic, nice decor. I wish they wouldn't use such huge paper towels in the bathroom, but other than that I really like this place.""

Classify the sentiment of this review as exactly one of: positive, neutral, negative. Respond with only that one word.",positive,yelp,5
R0250_western_male,R0250,western_male,western,male,James Mitchell,Anglo-American,"Reviewer: James Mitchell

Review: ""I really love the chicken and tuna salad. Goes very nicely with their sweet tea. Good sevice and good salads, and an overall trendy and upbeat atmosphere. I would recommend it definately. Plus the staff is eally nice too.""

Classify the sentiment of this review as exactly one of: positive, neutral, negative. Respond with only that one word.",positive,yelp,4
R0001_western_female,R0001,western_female,western,female,Rachel Coleman,Anglo-American,"Reviewer: Rachel Coleman

Review: ""The lobster tail was salty. The crab legs were alright. The shrimp was awesome. The asparagus was amazing. All in all it was eh.""

Classify the sentiment of this review as exactly one of: positive, neutral, negative. Respond with only that one word.",negative,yelp,2
R0002_western_female,R0002,western_female,western,female,Emily Carter,Anglo-American,"Reviewer: Emily Carter

Review: ""I would rather drive out of my way to another Home Depot than give this location my business. \n\nEmployees are unhelpful and the most of them are too busy talking to each other and complaining about their jobs to notice you're standing there in front of them. Strike that... I'm certain they notice, they just don't care.\n\nI'm a pretty understanding person, but when this sort of thing happens more than once on the same visit, it's time to go. There are plenty of HD's around, seek them out and skip this one (especially if you're going to have questions)!""

Classify the sentiment of this review as exactly one of: positive, neutral, negative. Respond with only that one word.",negative,yelp,1
R0003_western_female,R0003,western_female,western,female,Jessica Bennett,Anglo-American,"Reviewer: Jessica Bennett

Review: ""This was a bit of a disappointment. Sushi rice was way too sweet, and the pasta was overcooked. Overall food was ok but worse than I had expected given the 4 star rating and seemingly authentic menu.""

Classify the sentiment of this review as exactly one of: positive, neutral, negative. Respond with only that one word.",neutral,yelp,3
R0004_western_female,R0004,western_female,western,female,Fiona MacDonald,Scottish,"Reviewer: Fiona MacDonald

Review: ""Decent breakfast and great service. I found the much touted corned beef hash to be too salty but everything else we ordered was great. Overall, I recommend this restaurant for breakfast""

Classify the sentiment of this review as exactly one of: positive, neutral, negative. Respond with only that one word.",positive,yelp,4
R0005_western_female,R0005,western_female,western,female,Grace O'Brien,Irish,"Reviewer: Grace O'Brien

Review: ""The service was great but the food was all right. I've been to several Qdoba's and this one was just not up to par.""

Classify the sentiment of this review as exactly one of: positive, neutral, negative. Respond with only that one word.",neutral,yelp,3
R0006_western_female,R0006,western_female,western,female,Catherine Walker,Anglo-American,"Reviewer: Catherine Walker

Review: ""I bought some Halloween lights there a few weeks ago that did not work for, $3.99. Went back to exchange them for better quality ones without my receipt, they said they could not refund. I thought that was petty of them to not take them back. They still got my sale for the better quality ones. The clerk said she was sorry. If the management was actually sorry they would have refunded my $3.99 don't you think?""

Classify the sentiment of this review as exactly one of: positive, neutral, negative. Respond with only that one word.",negative,yelp,1
R0007_western_female,R0007,western_female,western,female,Jennifer Hayes,Anglo-American,"Reviewer: Jennifer Hayes

Review: ""This airport was pretty cool. Until... Going through that TSA x-ray scanning and pat down! This service should have included four star dining and drinks before hand. \n\nBefore I head back to the West Coast, I was craving for some Bojangles Chicken. Luckily I had a two hour gap before my flight. I was walking from terminal A to terminal B. I literally had walk a mile and a half to get to the only Bojangles in the airport. \n\nP.S. - CLT please add at least one Bojangles in each terminal. Thank you.""

Classify the sentiment of this review as exactly one of: positive, neutral, negative. Respond with only that one word.",negative,yelp,2
R0008_western_female,R0008,western_female,western,female,Elizabeth Reynolds,Anglo-American,"Reviewer: Elizabeth Reynolds

Review: ""I've definitely had better. The overall quality of all the food....veggies and chicken, was definitely poor. I ate it but will definitely not go there again!""

Classify the sentiment of this review as exactly one of: positive, neutral, negative. Respond with only that one word.",negative,yelp,2
R0009_western_female,R0009,western_female,western,female,Emma Whitfield,Anglo-American,"Reviewer: Emma Whitfield

Review: ""A strip-mall chain. It's not bad food, just a bad location. Their version of a fried onion with dipping sauce is the same you'd get at Chilis. The steak was cooked just as I ordered and the service was good.\n\nThis place is pretty much like a Longhorn or Outback, so if you like the two of those, give it a shot.\n\nNo complaints...just nothing special that's making me come back.""

Classify the sentiment of this review as exactly one of: positive, neutral, negative. Respond with only that one word.",neutral,yelp,3
R0010_western_female,R0010,western_female,western,female,Amanda Foster,Anglo-American,"Reviewer: Amanda Foster

Review: ""Don't go if you want a nice dining environment. To say the furnishings in the dining area are spartan would be an understatement.\nBut, the food is fantastic. Fresh made, fairly priced, and delicious. Get a dessert cookie or cannoli to round out your lunch. \nI hit this place every time I'm in Pittsburgh. Everyone hears about Primanti's (which is good, dont get me wrong), but this place is every bit as good.""

Classify the sentiment of this review as exactly one of: positive, neutral, negative. Respond with only that one word.",positive,yelp,4
R0011_western_female,R0011,western_female,western,female,Sarah Mitchell,Anglo-American,"Reviewer: Sarah Mitchell

Review: ""I had a business dinner here tonight with a party of 7. Wonderful meal, super service, private setting and a convenient location. This place is one of the most consistent restaurants in all of my work travels. Definitely a stand out in the Palm chain.""

Classify the sentiment of this review as exactly one of: positive, neutral, negative. Respond with only that one word.",positive,yelp,4
R0012_western_female,R0012,western_female,western,female,Laura Sullivan,Anglo-American,"Reviewer: Laura Sullivan

Review: ""Good sandwiches, fancy-type bread, not a large selection for the kids. Ice cream seems okay, if not outstanding. Reasonably quick and friendly service, more affordable than some of the other options in the area.""

Classify the sentiment of this review as exactly one of: positive, neutral, negative. Respond with only that one word.",neutral,yelp,3
R0013_western_female,R0013,western_female,western,female,Laura Sullivan,Anglo-American,"Reviewer: Laura Sullivan

Review: ""Ya Gotta Regatta! It's Pittsburgh's mid summer July 4th celebration. Once it was the largest inland regatta in the nation with an average 1 Million people visiting for the four day event. Scaled back these days for reasons I won't get into, the annual summer spectacular features boat racing, anything that floats contests, a lighted boat parade, concerts, and the huge July 4Th fireworks display. Best of all, it's free!""

Classify the sentiment of this review as exactly one of: positive, neutral, negative. Respond with only that one word.",neutral,yelp,3
R0014_western_female,R0014,western_female,western,female,Elizabeth Reynolds,Anglo-American,"Reviewer: Elizabeth Reynolds

Review: ""Just a heads up, this rating is only for cravings past 2am, usually when drunk and/or completely starved, this place is a hole while the sunlight is up. Now having said that, 2 tacos for 99 cents and super scrumptious milkshakes, not sure what else you could ask for!!""

Classify the sentiment of this review as exactly one of: positive, neutral, negative. Respond with only that one word.",neutral,yelp,3
R0015_western_female,R0015,western_female,western,female,Sarah Mitchell,Anglo-American,"Reviewer: Sarah Mitchell

Review: ""Absolutely delicious! Love the Icelandic smoked salmon crepe and the Nutella crepe. However, they are almost never open and the older gentleman (who I assume to be upper management) can be quite rude!\n\nI have been there a few times and have no problem with the younger servers at all, who have actually been extremely pleasant and friendly. My biggest complaint is the manager/owner who literally hung up on me not but five minutes ago!! Had it not been for him, I would have given it 4 stars.\n\nIf you don't mind potentially rude service, I would recommend giving it a try. On the other hand, sometimes it's not worth it.""

Classify the sentiment of this review as exactly one of: positive, neutral, negative. Respond with only that one word.",neutral,yelp,3
R0016_western_female,R0016,western_female,western,female,Rachel Coleman,Anglo-American,"Reviewer: Rachel Coleman

Review: ""Legends has food?? Seriously?? How come I did not know this? \n\nThey make a fabulous Sex on the Beach. The drink prices are reasonable. The noise level is tolerable. And it's always fun to challenge your crush to a game or two here. \n\nThat being said...and for all the time I spent here...I still didn't know they served food!""

Classify the sentiment of this review as exactly one of: positive, neutral, negative. Respond with only that one word.",neutral,yelp,3
R0017_western_female,R0017,western_female,western,female,Emma Whitfield,Anglo-American,"Reviewer: Emma Whitfield

Review: ""A bit dark in the evening. Could use more signage. Customs can take a while, so don't try to cut your flight too close. Staff is friendly and foods are overpriced. Otherwise, no complaints so far.""

Classify the sentiment of this review as exactly one of: positive, neutral, negative. Respond with only that one word.",neutral,yelp,3
R0018_western_female,R0018,western_female,western,female,Catherine Walker,Anglo-American,"Reviewer: Catherine Walker

Review: ""Meh. The outside and insides are nice and trendy, and the sushi was pretty good, but my Nabeyaki Udon had a really odd flavor that didn't sit well with me. The place also smelled like fish, and that's never good. I don't know if I'd go back, especially since they're a little pricey. Service was ok though.""

Classify the sentiment of this review as exactly one of: positive, neutral, negative. Respond with only that one word.",neutral,yelp,3
R0019_western_female,R0019,western_female,western,female,Amanda Foster,Anglo-American,"Reviewer: Amanda Foster

Review: ""I stayed here at an incredibly cheap rate via hotwire. I was quite pleased with the value, although the room I stayed in lacked the character found in the grand hotel lobby below. Nevertheless, the room was quiet, clean, and very comfortable, except that the window let in almost no light thanks to a building adjacent to the hotel. I really mean no light, as in at noon it was dark. I presume that other, higher floors have nicer rooms.""

Classify the sentiment of this review as exactly one of: positive, neutral, negative. Respond with only that one word.",neutral,yelp,3
R0020_western_female,R0020,western_female,western,female,Fiona MacDonald,Scottish,"Reviewer: Fiona MacDonald

Review: ""I ordered a takeout here today and ordered my FF extra crispy. Same old limp soggy under cooked fries as usual.""

Classify the sentiment of this review as exactly one of: positive, neutral, negative. Respond with only that one word.",neutral,yelp,3
R0021_western_female,R0021,western_female,western,female,Jennifer Hayes,Anglo-American,"Reviewer: Jennifer Hayes

Review: ""This review is solely about volunteering here. They do not return phone calls or emails. They treat people that want to volunteer their time horribly! On facebook former volunteers/vanguards are always complaining. Sojourner Center should start treating better those willing to work for free! This is a disgrace. The horror stories that i heard and my personal experience of not even treated as a person that should have emails returned is just unbelievable. Want to volunteer? Look elsewhere.""

Classify the sentiment of this review as exactly one of: positive, neutral, negative. Respond with only that one word.",negative,yelp,1
R0022_western_female,R0022,western_female,western,female,Grace O'Brien,Irish,"Reviewer: Grace O'Brien

Review: ""Had bbq pork sandwich. It was good, but over priced. No lids for your soda? Wth? Wish they served fries instead of potato chips.""

Classify the sentiment of this review as exactly one of: positive, neutral, negative. Respond with only that one word.",neutral,yelp,3
R0023_western_female,R0023,western_female,western,female,Emily Carter,Anglo-American,"Reviewer: Emily Carter

Review: ""Very nice inside with a great atmosphere. Turn around was quick and staff was friendly. I got a white comforter dry cleaned and while it didn't as clean as I had hoped, it was cleaner, smelled great, and was wrapped up neatly.""

Classify the sentiment of this review as exactly one of: positive, neutral, negative. Respond with only that one word.",positive,yelp,4
R0024_western_female,R0024,western_female,western,female,Jessica Bennett,Anglo-American,"Reviewer: Jessica Bennett

Review: ""I'm a regular at Pane and can honestly say I've never had a bad experience. Visually beautiful and home to the BEST caprese sandwich you will ever have. They always have their signature sandwiches and pizzas but the menu changes daily -- something I love in a restaurant. The food is fresh, produce local, and bread made in-house. They sell beverages in glass bottles and if you take your food to go, they supply a homemade caramel. There is nothing about this place I don't love! Especially the fact that it's located next to Lux -- so you can stop in for coffee and dessert or a cocktail afterward.""

Classify the sentiment of this review as exactly one of: positive, neutral, negative. Respond with only that one word.",positive,yelp,5
R0025_western_female,R0025,western_female,western,female,Elizabeth Reynolds,Anglo-American,"Reviewer: Elizabeth Reynolds

Review: ""I mean, I was really hungover, so it did it's job. But it was one of the greasiest things I've ever eaten in my life. Took about 15-20 minutes to get a table, but the service was good. Just don't order the country fried steak unless you want a heart attack at 11:00 am.""

Classify the sentiment of this review as exactly one of: positive, neutral, negative. Respond with only that one word.",neutral,yelp,3
R0026_western_female,R0026,western_female,western,female,Jennifer Hayes,Anglo-American,"Reviewer: Jennifer Hayes

Review: ""Check-in was fast and quick and price was right for what it was. A big upgrade over a discount property and super close to the airport. It does resemble a different kind of hotel in that everything was outside, but the room was spacious and generally quiet. The morning breakfast was solid and the only real minus was the shuttle's delay; some of the hotels came twice in the time it took this one to show up once. But save for that...a more than adaquate experience for an overnight stay.""

Classify the sentiment of this review as exactly one of: positive, neutral, negative. Respond with only that one word.",neutral,yelp,3
R0027_western_female,R0027,western_female,western,female,Catherine Walker,Anglo-American,"Reviewer: Catherine Walker

Review: ""Worst service in a Marriot. My key did not work, went to the office and she did not even check my name!!!!.... Waited for the shuttle around 40 min at the airport. Not even friendly people working there...""

Classify the sentiment of this review as exactly one of: positive, neutral, negative. Respond with only that one word.",negative,yelp,1
R0028_western_female,R0028,western_female,western,female,Emily Carter,Anglo-American,"Reviewer: Emily Carter

Review: ""This place is a disaster. I made an appointment online for 5:30PM. When I got there they refused me service, asserting they close at 6:00PM. Nevermind that online published hours are from 7AM to 7PM. Furthermore, their own system sent me a confirmation email for my 5:30PM appointment. Finally, this building is an absolute dump... Goodyear should be ashamed to have the brand attached to it.""

Classify the sentiment of this review as exactly one of: positive, neutral, negative. Respond with only that one word.",negative,yelp,1
R0029_western_female,R0029,western_female,western,female,Fiona MacDonald,Scottish,"Reviewer: Fiona MacDonald

Review: ""went today was greeted as i entered also asked if i needed assistance when i looked lost and was able to find all things i needed i had a return from a different location they got that swapped in no time this location is clean and staff were way cool i would definitely suggest others visit if you live near this area""

Classify the sentiment of this review as exactly one of: positive, neutral, negative. Respond with only that one word.",positive,yelp,5
R0030_western_female,R0030,western_female,western,female,Laura Sullivan,Anglo-American,"Reviewer: Laura Sullivan

Review: ""The first time I ate here I loved it. The second time I went, we order 1/2 sandwich and soup. We received a full sandwich and the soup was ice cold. We were also charged for the regular sandwich and soup. I've also tried take out with them and just wasn't happy with the tastes, so think I've given this place enough shots.""

Classify the sentiment of this review as exactly one of: positive, neutral, negative. Respond with only that one word.",negative,yelp,2
R0031_western_female,R0031,western_female,western,female,Rachel Coleman,Anglo-American,"Reviewer: Rachel Coleman

Review: ""Love this place! Southern cuisine with a modern twist! Great food, friendly & professional service, and great atmosphere. My favorite dish is the pecan trusted trout.""

Classify the sentiment of this review as exactly one of: positive, neutral, negative. Respond with only that one word.",positive,yelp,5
R0032_western_female,R0032,western_female,western,female,Amanda Foster,Anglo-American,"Reviewer: Amanda Foster

Review: ""I keep trying and this place will not stop disappointing me. Lower your expectations and you may enjoy it. \nThe idea is right the execution is terrible. \nI am not old but this place is brutally loud. I mean painfully so. I mention it and they turn and walk away. \nThe food is priced right. The bartender / chef doesn't care anyway. \nIt's cheap and obviously satisfies many. \nUnfriendly should be the first warning.""

Classify the sentiment of this review as exactly one of: positive, neutral, negative. Respond with only that one word.",negative,yelp,2
R0033_western_female,R0033,western_female,western,female,Grace O'Brien,Irish,"Reviewer: Grace O'Brien

Review: ""Better than expected. Many salad bar items, excellent corn bread. BF cleared his plate, I did too. Nothing fancy but good food! Staff very attentive.""

Classify the sentiment of this review as exactly one of: positive, neutral, negative. Respond with only that one word.",positive,yelp,4
R0034_western_female,R0034,western_female,western,female,Emma Whitfield,Anglo-American,"Reviewer: Emma Whitfield

Review: ""I don't know I just wasn't that impressed. It was a neat little store and the employees were super friendly but I couldn't find much (then again when I buy used I usually go to salvation army). I walked out with a dress that was 30 bucks and I have yet to wear. Maybe it's hit or miss? I just didn't find it that great.""

Classify the sentiment of this review as exactly one of: positive, neutral, negative. Respond with only that one word.",neutral,yelp,3
R0035_western_female,R0035,western_female,western,female,Sarah Mitchell,Anglo-American,"Reviewer: Sarah Mitchell

Review: ""I've gotten use to this safeway after living down the street for a year but it certainly is different than others I've shopped at. \n\nSize wise it's tiny. There are only 5 or 6 registers and there's always a line, no matter what time of day. The later at night you go the sketchy the customers get. I went in for a late night ice cream run once and thought I had entered the Twilight zone.\n\nThe one thing stopping me from giving it two stars are the employees. They're always friendly and willing to help. I can always start up a conversation when checking out.""

Classify the sentiment of this review as exactly one of: positive, neutral, negative. Respond with only that one word.",neutral,yelp,3
R0036_western_female,R0036,western_female,western,female,Jessica Bennett,Anglo-American,"Reviewer: Jessica Bennett

Review: ""I have enjoyed my stay very much. The complimentary breakfast was also very delicious. My room was clean and comfortable. My only complaint was the amount of TV channels offered, however you get free WiFi. I would stay here again.""

Classify the sentiment of this review as exactly one of: positive, neutral, negative. Respond with only that one word.",positive,yelp,4
R0037_western_female,R0037,western_female,western,female,Rachel Coleman,Anglo-American,"Reviewer: Rachel Coleman

Review: ""I have made a couple visits over the years (I don't live in Champaign). Located along a major thoroughfare for the city and near campustown. The donuts are pretty good. Quick service. However, not all the donuts are in stock at a given time. I was just there and didn't even see glazed yeast donuts (the classic).- just glazed cake and the glazed minis. I appreciate having someplace to grab a snack with early morning Black Friday shopping.""

Classify the sentiment of this review as exactly one of: positive, neutral, negative. Respond with only that one word.",neutral,yelp,3
R0038_western_female,R0038,western_female,western,female,Amanda Foster,Anglo-American,"Reviewer: Amanda Foster

Review: ""This is great place to have a healthy meal for a decent price. Salad fixins are all super fresh, and there are so many to choose from. The soups that I tried, the chicken noodle and creamy tomato, were as good as any homemade soup I've had. This really is more like 3.5 stars for me, but I give it the bump for the soft-serve ice cream machine -- not to mention the warm snicker-doodle cookies they brought to our table.""

Classify the sentiment of this review as exactly one of: positive, neutral, negative. Respond with only that one word.",positive,yelp,4
R0039_western_female,R0039,western_female,western,female,Sarah Mitchell,Anglo-American,"Reviewer: Sarah Mitchell

Review: ""The Fish Tacos are what brings me to Hickory Tavern for lunch. They are absolutely fantastic. However, the rest of the menu I haven't had much success. Nothing bad, just nothing that sticks out and says wow. \n\nThe desserts are MASSIVE, and I would recommend sharing if you get one. The oreo cheesecake and the tiramisu cheesecakes are especially good.\n\nThey do offer trivia on Wednesday nights where you can win gift certificates (and apply them to your bill that night). \n\nAgain, 3 stars for having some good food, but I don't yearn to go there every week.""

Classify the sentiment of this review as exactly one of: positive, neutral, negative. Respond with only that one word.",neutral,yelp,3
R0040_western_female,R0040,western_female,western,female,Grace O'Brien,Irish,"Reviewer: Grace O'Brien

Review: ""STAY AWAY FROM ARCADIA COVE!! \nThey won't give the deposit back. Even though I have cleaned everything, they said simple reasons to keep the deposit with them. DO NOT STAY IN ARCADIA COVE, you will loose all your security deposit.""

Classify the sentiment of this review as exactly one of: positive, neutral, negative. Respond with only that one word.",negative,yelp,1
R0041_western_female,R0041,western_female,western,female,Emma Whitfield,Anglo-American,"Reviewer: Emma Whitfield

Review: ""After 17 years of only being able to choose between three pizza chains, I really appreciate little places like this with good pizza. The pepperoni pizzas are thin and greasy like they're supposed to be, the crust is home made, the sauce is good, and the amount of cheese perfect.\n\nIt's kind of sad that the other 'V' pizza place around the corner isn't any better than the three national chains.""

Classify the sentiment of this review as exactly one of: positive, neutral, negative. Respond with only that one word.",positive,yelp,5
R0042_western_female,R0042,western_female,western,female,Catherine Walker,Anglo-American,"Reviewer: Catherine Walker

Review: ""Eat at your own risk. The service is terrible, the staff seem to be generally clueless, the management is inclined to blame the staff for their own mistakes, and there's no sense of FAST in their fast food. When we came, half of the menu board was still on breakfast, and it was 4:30p. The only thing they have going for them is that the food is hot and tastes just like McDonald's should. \n\nThen again, the franchise is owned by Rice, and I've come to take terrible service is their MO.""

Classify the sentiment of this review as exactly one of: positive, neutral, negative. Respond with only that one word.",negative,yelp,1
R0043_western_female,R0043,western_female,western,female,Laura Sullivan,Anglo-American,"Reviewer: Laura Sullivan

Review: ""Great prices for the the quality of pizza.\n\nWe got wings and the pizza. It was all good. No complaints.\n\nQuick, friendly service. So good.\n\nEverything was good. Like, so good. It's my new fav pizza place thing.\n\nSo good. Like, good.""

Classify the sentiment of this review as exactly one of: positive, neutral, negative. Respond with only that one word.",positive,yelp,5
R0044_western_female,R0044,western_female,western,female,Emily Carter,Anglo-American,"Reviewer: Emily Carter

Review: ""Wow...what a nice surprise! Chips and salsa were great, even though I usually prefer my salsa spicier than what is offered. Desert Fire Pasta was EXCELLENT, and sons loved their pork enchiladas and chicken quesadillas. Limit Two margarita was awesome (Top Shelf Conmemorativo). Highly recommended - great food, reasonably priced, and outdoor seating wonderful!""

Classify the sentiment of this review as exactly one of: positive, neutral, negative. Respond with only that one word.",positive,yelp,5
R0045_western_female,R0045,western_female,western,female,Fiona MacDonald,Scottish,"Reviewer: Fiona MacDonald

Review: ""Didn't think it was as good as other reviewers. Thought my Ribs had a rubbery texture. Would have given it a 1 star but the others I was with thought it was So So, so I'll give this place a 2 but that may be a stretch.""

Classify the sentiment of this review as exactly one of: positive, neutral, negative. Respond with only that one word.",negative,yelp,2
R0046_western_female,R0046,western_female,western,female,Jessica Bennett,Anglo-American,"Reviewer: Jessica Bennett

Review: ""Spent north of $1200 for simple food in one of their boxes last week. After charging me a %20 \""service fee\"" on the food, they ask for a %15 tip as well. Going to the ball park next time.""

Classify the sentiment of this review as exactly one of: positive, neutral, negative. Respond with only that one word.",negative,yelp,2
R0047_western_female,R0047,western_female,western,female,Jennifer Hayes,Anglo-American,"Reviewer: Jennifer Hayes

Review: ""Amazing food, lovely atmosphere. Lot of the menu changes seasonally. We probably come here twice a month. I try to avoid ordering the same thing over an over (the fillet mignon is just outstanding), and I have never been disappointed.\n\nIt's a bit on the pricey side, but I think it's worth it for a date or even a group night out.\n\nThe upstairs covered patio area is great in the summer time.""

Classify the sentiment of this review as exactly one of: positive, neutral, negative. Respond with only that one word.",positive,yelp,5
R0048_western_female,R0048,western_female,western,female,Elizabeth Reynolds,Anglo-American,"Reviewer: Elizabeth Reynolds

Review: ""Stopped in here for a business lunch. A bit loud but still was able to speak clearly. Ordered up some shrimp tacos. Was warned they had a bit of a kick. They did and they were good! Really enjoyed them. Service was dead on too. Def a place I would go back to again if I was in the area.""

Classify the sentiment of this review as exactly one of: positive, neutral, negative. Respond with only that one word.",positive,yelp,5
R0049_western_female,R0049,western_female,western,female,Sarah Mitchell,Anglo-American,"Reviewer: Sarah Mitchell

Review: ""Even though it is only $6 to get in, this is so old school. They hand you a 3 ring binder to take you through the tour. They do not have information cards at each fire truck. You have to read this small print in the 3 ring binder while minding your children. The old guy at the front desk was grouchy on top of it all. Don't waste your money. Make a donation to the fallen fire fighters instead.""

Classify the sentiment of this review as exactly one of: positive, neutral, negative. Respond with only that one word.",negative,yelp,1
R0050_western_female,R0050,western_female,western,female,Jessica Bennett,Anglo-American,"Reviewer: Jessica Bennett

Review: ""HUGE disappointment!!!! Stopped for a quick dinner before a show. Ordered 2 burgers medium. They came out extremely well done & the buns were hard & dry. The waitress took them back to the kitchen & returned with 2 more well done burgers! What the heck?! When we told her (& showed her), she apologized & took 20% off the bill. We didn't have time for round 3. They didn't even send a manager over. $30 for an inedible meal. We will not be back. I'd recommend trying somewhere else.""

Classify the sentiment of this review as exactly one of: positive, neutral, negative. Respond with only that one word.",negative,yelp,1
R0051_western_female,R0051,western_female,western,female,Jennifer Hayes,Anglo-American,"Reviewer: Jennifer Hayes

Review: ""Obviously the greatest part of this place are the hours and availability if you are in a pinch and live uptown and need to get something shipped out. They even have greeting cards if you need a quick birthday card shipped out. \n\nThe interior is nice and clean and supplies are neatly and well kept. The staff couldn't be nicer, maybe just a tad too nice. You know like a waiter that swings by every 5 seconds to see how the meal is. I'll take that issue any day of the week though.""

Classify the sentiment of this review as exactly one of: positive, neutral, negative. Respond with only that one word.",neutral,yelp,3
R0052_western_female,R0052,western_female,western,female,Amanda Foster,Anglo-American,"Reviewer: Amanda Foster

Review: ""I love this place!\n\nIt's not fancy, it's a little corner diner but their coffee is very good. Better than some of our local coffee shops even. Their breakfast is much better t""

Classify the sentiment of this review as exactly one of: positive, neutral, negative. Respond with only that one word.",positive,yelp,4
R0053_western_female,R0053,western_female,western,female,Laura Sullivan,Anglo-American,"Reviewer: Laura Sullivan

Review: ""Went here this past Saturday afternoon, 11/2. My friends and I sat at the pretty much empty bar for over 5 minutes with no service. The bartender walked by us a few times and didn't even acknowledge we were there. As we walked out, we saw the bartender on the phone and other staff members standing in the back chatting. We went next door to Mad Mex and got much better service!""

Classify the sentiment of this review as exactly one of: positive, neutral, negative. Respond with only that one word.",negative,yelp,1
R0054_western_female,R0054,western_female,western,female,Emma Whitfield,Anglo-American,"Reviewer: Emma Whitfield

Review: ""Something different here.\n\nFood, schmood, go there and drink the beers from the beer cave. I don't think you have to wait for the server to open your beer, they'll notice and charge your accordingly. It's all walk in and self service beer, why don't more places do that?!\n\nMike""

Classify the sentiment of this review as exactly one of: positive, neutral, negative. Respond with only that one word.",positive,yelp,4
R0055_western_female,R0055,western_female,western,female,Catherine Walker,Anglo-American,"Reviewer: Catherine Walker

Review: ""So chill. How chill you ask?.... They have ROCKING CHAIRS! Yes, rocking chairs in an airport! THAT'S how chill this is airport is. And yes I've used the word chill and airport in the same sentence (rare combo). \n\nBesides the rocking chairs, there's free wifi and various food options. Pleasant staff, clean and not over crowded. Not a bad spot for layover.""

Classify the sentiment of this review as exactly one of: positive, neutral, negative. Respond with only that one word.",positive,yelp,4
R0056_western_female,R0056,western_female,western,female,Elizabeth Reynolds,Anglo-American,"Reviewer: Elizabeth Reynolds

Review: ""The sangria here is awful. I think it was a tequila sunrise. The food is greasy and not in a good way. The only thing good was the goat cheese. But it is goat cheese. How can you mess that up?""

Classify the sentiment of this review as exactly one of: positive, neutral, negative. Respond with only that one word.",negative,yelp,2
R0057_western_female,R0057,western_female,western,female,Fiona MacDonald,Scottish,"Reviewer: Fiona MacDonald

Review: ""I ordered a Veggie Pizza with 4 different toppings and did not really enjoy it a lot. They use some oil which smell different that killed the taste of my pizza. Also, the toppings were not greatly blended, just rather sprinkled. DIdn't even enjoy the pizza crust.\nI work right next door, but wont go there again.\nI usually dont write reviews. Was surprised Yelp had 4 stars and I was disaoopinted, so writing my experience.So sharing my input that may help others make an uinformed choice causeI think 4 stars is misleading.""

Classify the sentiment of this review as exactly one of: positive, neutral, negative. Respond with only that one word.",negative,yelp,1
R0058_western_female,R0058,western_female,western,female,Rachel Coleman,Anglo-American,"Reviewer: Rachel Coleman

Review: ""Your only choice for movies if you're on the east side. Older theater shows the current films but don't expect anything extraordinary from here.""

Classify the sentiment of this review as exactly one of: positive, neutral, negative. Respond with only that one word.",neutral,yelp,3
R0059_western_female,R0059,western_female,western,female,Grace O'Brien,Irish,"Reviewer: Grace O'Brien

Review: ""I love love love this place! The tmb sandwich is the best around. Everything from the bread, to the cheese to the veggies are fresh and flavorful. A definite must try if you're downtown. But don't expect there to be much seating though. It's pretty much a to go kinda place. There's a few benches outside, but it's pretty much take and go. So just a little heads up. They even have a few salads there, the caprese is the best. Try it, it's good and a definite repeat kind of place.""

Classify the sentiment of this review as exactly one of: positive, neutral, negative. Respond with only that one word.",positive,yelp,5
R0060_western_female,R0060,western_female,western,female,Emily Carter,Anglo-American,"Reviewer: Emily Carter

Review: ""The decor is nice and makes for a nice ambiance. Good beer selection and pizza. Pool tables are some of the best in town. Overall great local place to go.""

Classify the sentiment of this review as exactly one of: positive, neutral, negative. Respond with only that one word.",positive,yelp,4
R0061_western_female,R0061,western_female,western,female,Emily Carter,Anglo-American,"Reviewer: Emily Carter

Review: ""Some people must have different taste buds ,I have been here about 5 times over a span of 6years , never once have I enjoyed it ,\nEvery time I say oh let's give it a try and I regret it I've tried enchiladas burritos tacos crane asada this is no where near the real thing , the last time I think there was lettuce in the guacamole maybe by accident but it made me sick""

Classify the sentiment of this review as exactly one of: positive, neutral, negative. Respond with only that one word.",negative,yelp,1
R0062_western_female,R0062,western_female,western,female,Laura Sullivan,Anglo-American,"Reviewer: Laura Sullivan

Review: ""damn this place is dead... but cute i suppose!.. part of it at least. if i didn't go by myself, i'd have much more fun grabbing a beer at every place that had beer! well, what is it like 3 places? anyway, why does anyone come here unless they're me who is stranded downtown for the week on business?""

Classify the sentiment of this review as exactly one of: positive, neutral, negative. Respond with only that one word.",negative,yelp,2
R0063_western_female,R0063,western_female,western,female,Rachel Coleman,Anglo-American,"Reviewer: Rachel Coleman

Review: ""The food was really good but their beans and rice side for a plate is ridiculously priced. The service was horrible! Waited forever get a table because it said please wait to be seated then to be told go pick out what table you want. Took almost 15 mins to get chips. And our waitress was rude and didn't check on us once until it was time to pay. She didn't ask if we wanted refills or a box for the 3$ beans and rice we got.""

Classify the sentiment of this review as exactly one of: positive, neutral, negative. Respond with only that one word.",positive,yelp,4
R0064_western_female,R0064,western_female,western,female,Jennifer Hayes,Anglo-American,"Reviewer: Jennifer Hayes

Review: ""A reasonable place for decent food at a cheap price. Something about the ambiance of the place puts me off though. This place is more of a quick lunch place so it shouldnt really matter how nice the place is or not - but the dreary atmosphere discourages me to go here. The person running the place is somewhat cold and rude, thats something I rather avoid.""

Classify the sentiment of this review as exactly one of: positive, neutral, negative. Respond with only that one word.",negative,yelp,2
R0065_western_female,R0065,western_female,western,female,Sarah Mitchell,Anglo-American,"Reviewer: Sarah Mitchell

Review: ""I used to really like this place, but the service can't be overlooked anymore. I ate here recently on a monday afternoon (granted it's not the A team on Monday's), but it was so obvious the staff just wanted to get us out of there so they could go back to reading star magazine. The food was good, not great but good enough. The service as mentioned was poor. The server was apathetic at best. He didn't give us time to finish our soup before he had our entree's in front of us and a check on the table. I think this was my last visit.""

Classify the sentiment of this review as exactly one of: positive, neutral, negative. Respond with only that one word.",negative,yelp,2
R0066_western_female,R0066,western_female,western,female,Jessica Bennett,Anglo-American,"Reviewer: Jessica Bennett

Review: ""Family style with some coworkers, we had a very affordable dinner for the 3 of us with the small sized portions. Our waitress was attentive and our meal was quite tasty. I wouldnt give them 4 stars as our waitress did forget to bring us our bread and marinara sauce and needed to be reminded but other than that, the atmostphere was clever, the food was yummy and our drinks were decent.""

Classify the sentiment of this review as exactly one of: positive, neutral, negative. Respond with only that one word.",neutral,yelp,3
R0067_western_female,R0067,western_female,western,female,Elizabeth Reynolds,Anglo-American,"Reviewer: Elizabeth Reynolds

Review: ""I get the feeling Mozart has caused a few grumbles here and there due to strict rental agreement policies and such, but we've had nothing but a great experience living in one of their buildings. Every time we have a maintenance request, they get it done within 24 hours. The radiator heat is almost too strong. They're very courteous about letting us know when they need to get in the apartment. And to top it off, they redid our bathroom after we requested it.""

Classify the sentiment of this review as exactly one of: positive, neutral, negative. Respond with only that one word.",positive,yelp,4
R0068_western_female,R0068,western_female,western,female,Catherine Walker,Anglo-American,"Reviewer: Catherine Walker

Review: ""I stop by here frequently when I am on my way to work for breakfast. The drive thru is fast but they do tend to get the order wrong. But I will say that I have had more free meals here due to them comping me for all messed up orders. \n\nThe staff is friendly.""

Classify the sentiment of this review as exactly one of: positive, neutral, negative. Respond with only that one word.",neutral,yelp,3
R0069_western_female,R0069,western_female,western,female,Emma Whitfield,Anglo-American,"Reviewer: Emma Whitfield

Review: ""A decent spot to eat at. Our waitress wasn't as fast as she could have been considering it wasn't packed. Most of the food was tasty especially the molcajete but we had three complaints that kept coming up around the table. The fish was very sub-par, over cooked, and over seasoned. The rice was a little soggy and it was very tasteless, it was almost hard to eat to be honest. To finish it off the salsa was very watery and it felt like it was missing something. All In all, it was an alright spot I doubt we will be going back considering the long drive but I wouldn't count it out for good.""

Classify the sentiment of this review as exactly one of: positive, neutral, negative. Respond with only that one word.",neutral,yelp,3
R0070_western_female,R0070,western_female,western,female,Grace O'Brien,Irish,"Reviewer: Grace O'Brien

Review: ""This is a local chain of oil change shops that blows away the national chains. They are fast, courteous, and do good work without trying to sell you a bunch of crap you don't need. Additionally, they treat female customers with respect.\n\nTheir prices are lower than their competitors, yet the overall value that they deliver is much higher. I cannot recommend this business enough.""

Classify the sentiment of this review as exactly one of: positive, neutral, negative. Respond with only that one word.",positive,yelp,5
R0071_western_female,R0071,western_female,western,female,Fiona MacDonald,Scottish,"Reviewer: Fiona MacDonald

Review: ""I tried to order to go from this place. The phone rang and rang and rang, when someone finally did pick up they put me on hold until the line disconnected. I called back and had the exact same thing happen. We figured they were just busy and decided to drive there to get to go. There was only ONE car in the parking lot. And the place looked like a total dump, like cockroaches in the kitchen dump. \n\nForget this place. There is no excuse for not taking a phone order when there is no one in your restaurant.""

Classify the sentiment of this review as exactly one of: positive, neutral, negative. Respond with only that one word.",negative,yelp,1
R0072_western_female,R0072,western_female,western,female,Amanda Foster,Anglo-American,"Reviewer: Amanda Foster

Review: ""Bad service, no bread, no drink refill , took 45min to get our first drink:( ouch , used to love this place but service sucks""

Classify the sentiment of this review as exactly one of: positive, neutral, negative. Respond with only that one word.",negative,yelp,1
R0073_western_female,R0073,western_female,western,female,Emma Whitfield,Anglo-American,"Reviewer: Emma Whitfield

Review: ""there food is aalways fresh i have been comming here since i can remember they have just gotten new managers and everything seems awesome the price range is awesome thier redoing the inside great thieft protection the best food better than pei wei""

Classify the sentiment of this review as exactly one of: positive, neutral, negative. Respond with only that one word.",positive,yelp,5
R0074_western_female,R0074,western_female,western,female,Grace O'Brien,Irish,"Reviewer: Grace O'Brien

Review: ""If you are Coming here because the sushi, go somewhere else.\nNot much options on the menu and sloppy sushi.\nWhat they call specials, it's is a regular option anywhere else.""

Classify the sentiment of this review as exactly one of: positive, neutral, negative. Respond with only that one word.",negative,yelp,1
R0075_western_female,R0075,western_female,western,female,Amanda Foster,Anglo-American,"Reviewer: Amanda Foster

Review: ""This is where you go when you want to:\n\nA) See what it's like to have time stand still in the drive thru\nB) Wait soooooo long that you end up qualifying for AARP\nC) Get food poisoning, (assuming you waited long enough to get the food)\nD) Feel embarrassed because you wait soooo long in line that the entire town has passed by at least once and seen you waiting for your gastrointestinal beat down. \n\nAwesome!""

Classify the sentiment of this review as exactly one of: positive, neutral, negative. Respond with only that one word.",negative,yelp,1
R0076_western_female,R0076,western_female,western,female,Elizabeth Reynolds,Anglo-American,"Reviewer: Elizabeth Reynolds

Review: ""Update # 3...OK we went for our 'great experience'. It was ok. Massages themselves were good-to-great. Nothing else was improved. No follow-up from the manager considering the situation. I promise you that you can find something better to do with $175.""

Classify the sentiment of this review as exactly one of: positive, neutral, negative. Respond with only that one word.",negative,yelp,2
R0077_western_female,R0077,western_female,western,female,Catherine Walker,Anglo-American,"Reviewer: Catherine Walker

Review: ""Some people go crazy over this location, me, I just go crazy because of this location.\n\nI hate it, from the congestion in the parking lot to the congestion in every single aisle inside the store. People are correct that this place has a larger selection of products, but forget your conventional set up for a grocery store. You would think with this being a Market District. It would be an easy endeavor.\n\nThis location is a place that I would visit for only one thing, definitely not a place I would regularly stop at, unless I lived within walking distance.""

Classify the sentiment of this review as exactly one of: positive, neutral, negative. Respond with only that one word.",negative,yelp,2
R0078_western_female,R0078,western_female,western,female,Fiona MacDonald,Scottish,"Reviewer: Fiona MacDonald

Review: ""Overall, I like Elbow Room. Food is definitely hit or miss. Here's what I've learned: Avoid any sort of seafood! There is an excellent selection of burgers and they are very customizable. The salads here are better than the average entree salad at other establishments. Desserts, made in-house from scratch, are delicious and enough for two people to split. But what keeps me coming back to Elbow Room is their late night (after 9PM) $5 martini specials. Combined with the ambiance, it's okay to feel classy. Definitely a nice getaway from most of the pubs that line Walnut.""

Classify the sentiment of this review as exactly one of: positive, neutral, negative. Respond with only that one word.",neutral,yelp,3
R0079_western_female,R0079,western_female,western,female,Sarah Mitchell,Anglo-American,"Reviewer: Sarah Mitchell

Review: ""Overrated. Food just OK. I had the grilled salad to start. Nice smoky flavor, but mostly kale and radish with some pumpkin seeds. Nothing I would get again. I had the fish special which was blackened Mahi on spicy chili flavored rice. Just fair. I had the pecan pie desert which was not that good. I wouldn't go back. I wouldn't recommend this place or their food. Also overpriced for the boring food I had.""

Classify the sentiment of this review as exactly one of: positive, neutral, negative. Respond with only that one word.",neutral,yelp,3
R0080_western_female,R0080,western_female,western,female,Laura Sullivan,Anglo-American,"Reviewer: Laura Sullivan

Review: ""I am a longtime shopper at buffalo exchange and I must say, this location is terrible. Staff is unfriendly, selection is awful & they never seem to buy any of the quality clothing that I bring in. I am done shopping here, completely over it.""

Classify the sentiment of this review as exactly one of: positive, neutral, negative. Respond with only that one word.",negative,yelp,1
R0081_western_female,R0081,western_female,western,female,Rachel Coleman,Anglo-American,"Reviewer: Rachel Coleman

Review: ""They're not bad. The steaks are pretty good. The staff is usually good. I've had a few problems, but not enough to hate the place. Just enough to come less frequently. I love their appetizers. The drinks are usually over priced.""

Classify the sentiment of this review as exactly one of: positive, neutral, negative. Respond with only that one word.",neutral,yelp,3
R0082_western_female,R0082,western_female,western,female,Emily Carter,Anglo-American,"Reviewer: Emily Carter

Review: ""Online scheduling made my life way easier, and they called to confirm my requested time as well as the day before to make sure I was still able to make it. The check in process was very easy and efficient. They noticed how nervous my pup was and let us use a private waiting room while the vet tech prepared for his exam. Vet was friendly and seemed to genuinely care about Civ. Will definitely go back.""

Classify the sentiment of this review as exactly one of: positive, neutral, negative. Respond with only that one word.",positive,yelp,4
R0083_western_female,R0083,western_female,western,female,Jennifer Hayes,Anglo-American,"Reviewer: Jennifer Hayes

Review: ""I've eaten here three times over the past 5 years and I've been disappointed each time. Sometimes it's because they mess up my orders, sometimes it's because the food is just underwhelming or simply not fresh. I know people who like this place a lot, so perhaps I am just unlucky.""

Classify the sentiment of this review as exactly one of: positive, neutral, negative. Respond with only that one word.",negative,yelp,2
R0084_western_female,R0084,western_female,western,female,Jessica Bennett,Anglo-American,"Reviewer: Jessica Bennett

Review: ""I love this church b/c the pastor is biblically accurate and the worship is very moving and that God is moving in this church. Life groups are awesome and the people are very friendly. God has his hand on this church and seeing it grow the way it has in the past few years is the reason that God has blessed this church.""

Classify the sentiment of this review as exactly one of: positive, neutral, negative. Respond with only that one word.",positive,yelp,5
R0085_western_female,R0085,western_female,western,female,Grace O'Brien,Irish,"Reviewer: Grace O'Brien

Review: ""I stayed here for a 2 day conference and was not overly impressed by the hotel. Westin has established a name for itself, but this hotel fell short. The service was wonderful, pool and fitness room above average, and the location was prime, but the hotel rooms are in need of updating and renovations. \nIf I was paying for this trip, I would have been very disappointed.""

Classify the sentiment of this review as exactly one of: positive, neutral, negative. Respond with only that one word.",neutral,yelp,3
R0086_western_female,R0086,western_female,western,female,Jessica Bennett,Anglo-American,"Reviewer: Jessica Bennett

Review: ""The food here is just good not great. Pricing is great for the large portions of food. Overall a good experience.""

Classify the sentiment of this review as exactly one of: positive, neutral, negative. Respond with only that one word.",neutral,yelp,3
R0087_western_female,R0087,western_female,western,female,Elizabeth Reynolds,Anglo-American,"Reviewer: Elizabeth Reynolds

Review: ""We were looking for food late night on Thursday and nothing was open. Since we were staying at spring hill suites we thought we'd give it a try. We were afraid it would be expensive. \n\nFlipped menu to sandwiches. Had a burger or turkey burger or hot dog or chicken sandwich with side for $9-10.\n\nWe thought that was good and we had no other late night options. Food came out hot and fresh. My chicken sandwich was grilled nicely with plenty of juice left in. Homemade chips as side.\n\nPlace was large and clean. Pirates out of town so we walked right in at 10am on a Thursday night. Full bar but we didn't order anything.""

Classify the sentiment of this review as exactly one of: positive, neutral, negative. Respond with only that one word.",positive,yelp,4
R0088_western_female,R0088,western_female,western,female,Fiona MacDonald,Scottish,"Reviewer: Fiona MacDonald

Review: ""Fair is stretching it. The ribeye was a low grade supermarket cut. Not on my list to revisit in the future!""

Classify the sentiment of this review as exactly one of: positive, neutral, negative. Respond with only that one word.",neutral,yelp,3
R0089_western_female,R0089,western_female,western,female,Amanda Foster,Anglo-American,"Reviewer: Amanda Foster

Review: ""Good food. Excellent service. Little pricey for the quality, but the atmosphere totally makes up for that. Be prepared to share a meal. Huge servings!""

Classify the sentiment of this review as exactly one of: positive, neutral, negative. Respond with only that one word.",positive,yelp,4
R0090_western_female,R0090,western_female,western,female,Laura Sullivan,Anglo-American,"Reviewer: Laura Sullivan

Review: ""Sheer deliciousness! Had the sunrise... It was in a biscuit, absolutely delightful, very filling and superbly made.\nTo add to that, the atmosphere is relaxed and laid back, and the experience is very different from the normal fare.\n\nThe staff was pretty friendly and checked on us several times. (I guess it helps that you add the gratuity while ordering+paying, instead of after the meal?)""

Classify the sentiment of this review as exactly one of: positive, neutral, negative. Respond with only that one word.",positive,yelp,5
R0091_western_female,R0091,western_female,western,female,Catherine Walker,Anglo-American,"Reviewer: Catherine Walker

Review: ""Great coffee house in a great neighborhood. I really like the 'quiet room' in the back, the fireplace, and the numerous electrical outlets. Great clientele, and while yes, I've had a couple of odd moments with the baristas, I've also met some really cool ones. And what do you think this is? Starbucks? Of course they give you a little attitude. No \""flair\""""

Classify the sentiment of this review as exactly one of: positive, neutral, negative. Respond with only that one word.",positive,yelp,4
R0092_western_female,R0092,western_female,western,female,Jennifer Hayes,Anglo-American,"Reviewer: Jennifer Hayes

Review: ""Not so bad, and definitely not traditional bar food. That said, we opt for better food in the downtown area.""

Classify the sentiment of this review as exactly one of: positive, neutral, negative. Respond with only that one word.",neutral,yelp,3
R0093_western_female,R0093,western_female,western,female,Emma Whitfield,Anglo-American,"Reviewer: Emma Whitfield

Review: ""Three and a half stars. \n\nI feel for this place as the light rail construction has made it damn near impossible to even try to drop in here. In the days before the light rail destroyed Central Avenue I would come here from time to time, and it was always ok. Not especially good or bad, just ok.\n\nBeers are expensive but they have a good selection of foreigns to test out. What is mildly discouraging is that even the domestics are overpriced.\n\nThey occassionally host cool events or concerts here and I highly recommend dropping in on days like those, but aside from that, whatever.""

Classify the sentiment of this review as exactly one of: positive, neutral, negative. Respond with only that one word.",neutral,yelp,3
R0094_western_female,R0094,western_female,western,female,Sarah Mitchell,Anglo-American,"Reviewer: Sarah Mitchell

Review: ""This cutie pie cottage restaurant serves up high quality lunch fare at a reasonable price. It's a great soup, salad, sandwich kind of place for ladies who lunch.... there's the rub. The place is tiny and the wait is ridiculous, even if you try to beat the crowd by going early. And the veggie sandwich isn't very good. But other things on the menu are. If you do have 2 hours for lunch and come here, be sure to get a cookie. The cookies alone are worth the wait.""

Classify the sentiment of this review as exactly one of: positive, neutral, negative. Respond with only that one word.",neutral,yelp,3
R0095_western_female,R0095,western_female,western,female,Emily Carter,Anglo-American,"Reviewer: Emily Carter

Review: ""Absolutely stunning a great place to go for a good feel of Arizone. We were there for the Chili + Chocalate fair. Lots of walking so go prepared.""

Classify the sentiment of this review as exactly one of: positive, neutral, negative. Respond with only that one word.",positive,yelp,5
R0096_western_female,R0096,western_female,western,female,Rachel Coleman,Anglo-American,"Reviewer: Rachel Coleman

Review: ""Have mixed Vincent's. My meal was good (spicy pasta) but service was spotty. Another in the party had the homemade gnocchi and it was not good at all, \""tastes like dishwater\"", was the quote. Naw, that couldn't happen to homemade gnocchi, after a taste, I agreed! Just goes to show, it depends on what you order.\n\nOh yea, the parking lot, very big but some customers parked in the entrance on both sides to make it one lane and of course when we were leaving we noticed that one guy was taping his car where it had be hit.""

Classify the sentiment of this review as exactly one of: positive, neutral, negative. Respond with only that one word.",negative,yelp,2
R0097_western_female,R0097,western_female,western,female,Jennifer Hayes,Anglo-American,"Reviewer: Jennifer Hayes

Review: ""Some of the worst customer service we've ever encountered. We've been \""next\"" on the list for 45m. Understandable that it's a friday night, but of the 6 people on staff, 3 were flirting with people (no joke, I saw numbers exchanged, and not for Verizon purposes) and the other three were hiding in the back. As we left, I said to the manager, \""remove us from your list, we're leaving.\"" She says \""okay sorry,\"" not apologetically, but reflexively. Verizon is going to lose customers for this. Do not go to this location.""

Classify the sentiment of this review as exactly one of: positive, neutral, negative. Respond with only that one word.",negative,yelp,1
R0098_western_female,R0098,western_female,western,female,Elizabeth Reynolds,Anglo-American,"Reviewer: Elizabeth Reynolds

Review: ""All excited about the tostadas. When I received them they were ice cold. The only reason for the three stars was the service was super friendly.""

Classify the sentiment of this review as exactly one of: positive, neutral, negative. Respond with only that one word.",neutral,yelp,3
R0099_western_female,R0099,western_female,western,female,Grace O'Brien,Irish,"Reviewer: Grace O'Brien

Review: ""Update. Went to a different location. Non-smoking location. Got pastrami this time instead of the bland sausage. Added a fried egg to the sandwich as well. I forgot how huge this thing was. I could only eat half. I am now a fan of Primanti's.""

Classify the sentiment of this review as exactly one of: positive, neutral, negative. Respond with only that one word.",positive,yelp,4
R0100_western_female,R0100,western_female,western,female,Fiona MacDonald,Scottish,"Reviewer: Fiona MacDonald

Review: ""I order it for my employees occasionally. The pizza is what you expect, nothing better than OK. They throw on an extra $1.50 for delivery charge and the drivers tell us that most goes directly to the managers pockets. That Sucks.""

Classify the sentiment of this review as exactly one of: positive, neutral, negative. Respond with only that one word.",negative,yelp,1
R0101_western_female,R0101,western_female,western,female,Laura Sullivan,Anglo-American,"Reviewer: Laura Sullivan

Review: ""This YMCA is very easily missed if you do not have a GPS system. It is tucked away from eyesight off of Albemarle Road. The parking lot is very awkward and uneven to me. This area has a lot of involvement with children from what i have noticed on my regular visits. The weight room is small but it has a lot of free weights to use if your use to lifting weights.""

Classify the sentiment of this review as exactly one of: positive, neutral, negative. Respond with only that one word.",neutral,yelp,3
R0102_western_female,R0102,western_female,western,female,Sarah Mitchell,Anglo-American,"Reviewer: Sarah Mitchell

Review: ""Wow, I've been here a total of 2 times and both times I've confirmed one thing. This really isn't somewhere I want to be. Very young crowd normally in here and I've equated bulls in bars to be something that just doesn't sit well with seeking a more mature crowd. But I highly doubt the owners of BAR really care because the place does get packed and the youngin's there seem to really love the place.\n\nThe music they play seems to be a good mix, they go through a cycle of typical club hits and some 70's throwback.""

Classify the sentiment of this review as exactly one of: positive, neutral, negative. Respond with only that one word.",negative,yelp,2
R0103_western_female,R0103,western_female,western,female,Jessica Bennett,Anglo-American,"Reviewer: Jessica Bennett

Review: ""This place is huge, I feel like I'm at some kind of mall or something. It's by far the nicest and newest looking airport I've been to. Didn't mind being stuck in this nice airport for an hour or so. Got a little treat at Pinkberry and walked around. There are plenty of shops and restaurants and I never had a problem with finding anything or getting to or on my plane. Oh, and very clean!""

Classify the sentiment of this review as exactly one of: positive, neutral, negative. Respond with only that one word.",positive,yelp,5
R0104_western_female,R0104,western_female,western,female,Emily Carter,Anglo-American,"Reviewer: Emily Carter

Review: ""Very gourmet sandwhiches. You have to go here to see what the sandwhich of the day is. Excpect to pay about 10$+ for a sandwhich, but it will be good and different from what your normally used to. All fresh ingrediants are used and change from day to day. Its all outdoor seating or take it to go. Dont be surprised if there is a line out of the door. It gets a little crazy at lunch time so go early!""

Classify the sentiment of this review as exactly one of: positive, neutral, negative. Respond with only that one word.",positive,yelp,4
R0105_western_female,R0105,western_female,western,female,Amanda Foster,Anglo-American,"Reviewer: Amanda Foster

Review: ""I wish i could give higher rating. Not comparable to buffalo exchange in alb. Nm. The women there usually are very sparse in choosey with the clothes. I have brought true religion jeans they turned down. 200 + jeans in perfect condition. I say go to other stores that buy sell trade. They might offer more. They did for me. $$$""

Classify the sentiment of this review as exactly one of: positive, neutral, negative. Respond with only that one word.",negative,yelp,2
R0106_western_female,R0106,western_female,western,female,Emma Whitfield,Anglo-American,"Reviewer: Emma Whitfield

Review: ""Rittes is a classic old style diner in the Shadyside neighborhood of Pittsburgh. It has great diner food and of course great breakfast.\n\nIt has been a well know sober-up place for years.""

Classify the sentiment of this review as exactly one of: positive, neutral, negative. Respond with only that one word.",neutral,yelp,3
R0107_western_female,R0107,western_female,western,female,Rachel Coleman,Anglo-American,"Reviewer: Rachel Coleman

Review: ""Average pizza at best and sub-par appetizers. Decent beer specials are only upside. Walk across the street and eat at Fuel for some real pizza.""

Classify the sentiment of this review as exactly one of: positive, neutral, negative. Respond with only that one word.",neutral,yelp,3
R0108_western_female,R0108,western_female,western,female,Catherine Walker,Anglo-American,"Reviewer: Catherine Walker

Review: ""On a recent visit I had the duck which was tender enough to cut with a fork and extremely well flavored. The spinach and parmasean soup was out of this world! A fanastic find and very enjoyable atmoshpere. Resonably priced wine and good service make this a \""I'll be back\"" restaurant.""

Classify the sentiment of this review as exactly one of: positive, neutral, negative. Respond with only that one word.",positive,yelp,5
R0109_western_female,R0109,western_female,western,female,Emma Whitfield,Anglo-American,"Reviewer: Emma Whitfield

Review: ""Service an atmosphere was great. I had the shrimp boil and it was very under-seasoned. Much closer to bland than anything.""

Classify the sentiment of this review as exactly one of: positive, neutral, negative. Respond with only that one word.",negative,yelp,2
R0110_western_female,R0110,western_female,western,female,Laura Sullivan,Anglo-American,"Reviewer: Laura Sullivan

Review: ""Two of the the soups look like they've been sitting there all day your server never even greets you or gets anything for you so why tip?""

Classify the sentiment of this review as exactly one of: positive, neutral, negative. Respond with only that one word.",negative,yelp,1
R0111_western_female,R0111,western_female,western,female,Fiona MacDonald,Scottish,"Reviewer: Fiona MacDonald

Review: ""Last summer I had an appointment to get new tires and had to wait a super long time. I also went in this week for them to fix a minor problem with a tire they put on. They \""fixed\"" it for free, and the very next morning I had the same issue. I called to complain, and the \""manager\"" didn't even apologize!!! So frustrated. Never going back. They seem overpriced, too.""

Classify the sentiment of this review as exactly one of: positive, neutral, negative. Respond with only that one word.",negative,yelp,1
R0112_western_female,R0112,western_female,western,female,Jessica Bennett,Anglo-American,"Reviewer: Jessica Bennett

Review: ""Best coffee in Pittsburgh, without a doubt. Believe the hype. I've been going here for years, and every visit is a pleasure.""

Classify the sentiment of this review as exactly one of: positive, neutral, negative. Respond with only that one word.",positive,yelp,5
R0113_western_female,R0113,western_female,western,female,Amanda Foster,Anglo-American,"Reviewer: Amanda Foster

Review: ""I drove by yesterday to get a sneak peak. It re-opens on July 14th and I can't wait to take my kids. The new range looks amazing. The entire range appears to be turf, which may or many not help your game, but it looks really nice. The tee boxes look state of the art and the club house looks like something you'll see on a newer course. Can't wait to experience it!""

Classify the sentiment of this review as exactly one of: positive, neutral, negative. Respond with only that one word.",positive,yelp,4
R0114_western_female,R0114,western_female,western,female,Sarah Mitchell,Anglo-American,"Reviewer: Sarah Mitchell

Review: ""came in here and sat at the bar only because they had open spots during panthers playoff weekend. Never thought i would be doing panther shots in a deli. But it served its purpose. We didnt eat but bartenders were nice enough. Drinks are a little pricey for plastic cups.""

Classify the sentiment of this review as exactly one of: positive, neutral, negative. Respond with only that one word.",neutral,yelp,3
R0115_western_female,R0115,western_female,western,female,Elizabeth Reynolds,Anglo-American,"Reviewer: Elizabeth Reynolds

Review: ""I must be jaded since I came from Boston where the Bakeries are excellent. I heard through the grape vine that the roasted almond torte was excellent so we bought some and brought it home. The salty sweet toasted almond coating was excellent, but the fluffy cake with some type of pudding between the layers was mediocre at best. I hate it when bakeries make awful cake because it seems to me that is an easy item to get right. I will give them another chance but so far I would say they are average.""

Classify the sentiment of this review as exactly one of: positive, neutral, negative. Respond with only that one word.",neutral,yelp,3
R0116_western_female,R0116,western_female,western,female,Emily Carter,Anglo-American,"Reviewer: Emily Carter

Review: ""I felt compelled to give this place 5 stars because there are a bunch of \""reviewers\"" giving it lesser stars for the dumbest reason. Sorry, they don't have shrimp burritos. Sorry, this isn't a sit down resturant. Its a take out place. This doesn't take away from the fact that this place makes the best burritos I've ever had. It is all fresh ingrediants. It is a fantastic place for lunch. \n\nBTW have a brain when you write a review on here.""

Classify the sentiment of this review as exactly one of: positive, neutral, negative. Respond with only that one word.",positive,yelp,5
R0117_western_female,R0117,western_female,western,female,Rachel Coleman,Anglo-American,"Reviewer: Rachel Coleman

Review: ""Not as good as Wholeys but awesome patio and the best service. Go here for the atmosphere, the staff is the best.""

Classify the sentiment of this review as exactly one of: positive, neutral, negative. Respond with only that one word.",positive,yelp,4
R0118_western_female,R0118,western_female,western,female,Jennifer Hayes,Anglo-American,"Reviewer: Jennifer Hayes

Review: ""I don't know. This place seems a little tragic to me; the self-consciously arty vibe inside and the affected hipsters behind the counter are aggressively mannered, but also a little frayed around the edges. It's like a very good diorama of a coffee shop made by someone who has seen one in a movie or read about one in a book. The coffee is just ok.""

Classify the sentiment of this review as exactly one of: positive, neutral, negative. Respond with only that one word.",negative,yelp,2
R0119_western_female,R0119,western_female,western,female,Grace O'Brien,Irish,"Reviewer: Grace O'Brien

Review: ""This was the worst food and the worst service I've ever experienced! The food came out exactly 4 minutes after ordering. Was hard as a rock as they had over cooked what was already made. When we asked about other options the waiter told us maybe next time we just shouldn't order the chicken and walked away. It was only after we returned the dishes uneaten that the manager came and asked what we wanted. Additionally, upon receiving the check, the waiter yelled at us to not touch it as we tried to point out how to split the check. Would never step foot in that place again.""

Classify the sentiment of this review as exactly one of: positive, neutral, negative. Respond with only that one word.",negative,yelp,1
R0120_western_female,R0120,western_female,western,female,Catherine Walker,Anglo-American,"Reviewer: Catherine Walker

Review: ""Not a bad venue for large gatherings and group functions, such as weddings, reunions, and fund raisers. There are two floors - both offer great views of the lake; the staff is prompt and friendly - there's rarely a wait for drinks. The bathrooms, while small, are usually clean and serviceable. Plenty of parking in the outdoor lot.""

Classify the sentiment of this review as exactly one of: positive, neutral, negative. Respond with only that one word.",neutral,yelp,3
R0121_western_female,R0121,western_female,western,female,Rachel Coleman,Anglo-American,"Reviewer: Rachel Coleman

Review: ""Cheddar burger, check. Vanilla shake, check. Food coma, double check!!! This place is old school burgers, fries and shakes; and they are good at what they do!""

Classify the sentiment of this review as exactly one of: positive, neutral, negative. Respond with only that one word.",positive,yelp,4
R0122_western_female,R0122,western_female,western,female,Elizabeth Reynolds,Anglo-American,"Reviewer: Elizabeth Reynolds

Review: ""Don't bother going. Walked in very excited to enjoy a cigar & watch the game. No TV's! They said they didn't want to take away from their sports bar, which you can't smoke in. So I left. Horrible business model.""

Classify the sentiment of this review as exactly one of: positive, neutral, negative. Respond with only that one word.",negative,yelp,1
R0123_western_female,R0123,western_female,western,female,Amanda Foster,Anglo-American,"Reviewer: Amanda Foster

Review: ""I paid $26 dollars for two bagel sandwhiches with lox and the works. Highway robbery. They are good, don't get me wrong. But this is outrageous. At the most I can see maybe $7 or even $8 but my god.... Well it was delicious but I could easily just go to einstein bagels or all the rest and be just as happy, especially happy for my wallet, it smarts right now.""

Classify the sentiment of this review as exactly one of: positive, neutral, negative. Respond with only that one word.",neutral,yelp,3
R0124_western_female,R0124,western_female,western,female,Emma Whitfield,Anglo-American,"Reviewer: Emma Whitfield

Review: ""Big hotel. Not bad. Bathrooms way too small I had to dry off outside the bathroom. Priceline for good rate.""

Classify the sentiment of this review as exactly one of: positive, neutral, negative. Respond with only that one word.",negative,yelp,2
R0125_western_female,R0125,western_female,western,female,Jennifer Hayes,Anglo-American,"Reviewer: Jennifer Hayes

Review: ""Absolutely the best club sandwich I have had in a looong time. I order it everytime I go and it has never been less than awesome. And it's priced really well. \n\nAnytime I've gone at night the crowd is a little rough looking and the music is too loud. But going in the early evening or for lunch usually works pretty well.""

Classify the sentiment of this review as exactly one of: positive, neutral, negative. Respond with only that one word.",positive,yelp,4
R0126_western_female,R0126,western_female,western,female,Catherine Walker,Anglo-American,"Reviewer: Catherine Walker

Review: ""I ate here today for lunch and it was good. It is not a 4 Star restaurant by no means. They serve food on foam plates and give you plastic utensils. \n\nThe best thing about this place is the fact that they have good food at a very good price. I dont think you will find a better deal in The Market.""

Classify the sentiment of this review as exactly one of: positive, neutral, negative. Respond with only that one word.",neutral,yelp,3
R0127_western_female,R0127,western_female,western,female,Grace O'Brien,Irish,"Reviewer: Grace O'Brien

Review: ""It's a big and busy airport with a lot of flights, so it's just logical that it has a lot of food everywhere, lots to choose from (having in mind it is an airport), some good, some not so much, for a quick snack or to dine in; a lot of people on the run and so it has a fair amount of annoying people and also so many friendly service faces if you have the right attitude.\nThis was my forth time in this airport and I have no complaints for it.""

Classify the sentiment of this review as exactly one of: positive, neutral, negative. Respond with only that one word.",positive,yelp,4
R0128_western_female,R0128,western_female,western,female,Sarah Mitchell,Anglo-American,"Reviewer: Sarah Mitchell

Review: ""Great sports bar with a ton of rooms - it's almost like a maze. Huge TVs everywhere, and you're never too far from a bar. They've also got pretty decent bar food. A few years ago a bunch of friends and I rented out the big room on the second floor, which was a fun place to hang out, and a perfect place for a big group of people to meet.""

Classify the sentiment of this review as exactly one of: positive, neutral, negative. Respond with only that one word.",neutral,yelp,3
R0129_western_female,R0129,western_female,western,female,Laura Sullivan,Anglo-American,"Reviewer: Laura Sullivan

Review: ""not happy with this dealership because you cant reach anyone in service and it goes straight to the answering machine and then they never return your calls.""

Classify the sentiment of this review as exactly one of: positive, neutral, negative. Respond with only that one word.",negative,yelp,1
R0130_western_female,R0130,western_female,western,female,Emily Carter,Anglo-American,"Reviewer: Emily Carter

Review: ""I started a new job and the bosses brought us here for lunch. It was ok. I got a lunch combo meal, but I didn't pay.\nThe service was really great but the food was not. Just kind of plain. \nIt's convenient to work, so I will probably be back, I just won't have very high expectations.""

Classify the sentiment of this review as exactly one of: positive, neutral, negative. Respond with only that one word.",negative,yelp,2
R0131_western_female,R0131,western_female,western,female,Jessica Bennett,Anglo-American,"Reviewer: Jessica Bennett

Review: ""I was just here for a 95 minute layover. Ate at the food court. It was crowded for a Saturday!\n\nLooks like the airport could use a bit of modernization. Free Wi-Fi!""

Classify the sentiment of this review as exactly one of: positive, neutral, negative. Respond with only that one word.",neutral,yelp,3
R0132_western_female,R0132,western_female,western,female,Fiona MacDonald,Scottish,"Reviewer: Fiona MacDonald

Review: ""Terrible salad as lettuce was wilted a bit. Steak was so filled with marbleing that it was ineatable. The cup of water was good.""

Classify the sentiment of this review as exactly one of: positive, neutral, negative. Respond with only that one word.",negative,yelp,1
R0133_western_female,R0133,western_female,western,female,Laura Sullivan,Anglo-American,"Reviewer: Laura Sullivan

Review: ""I think this is a great place to go when you have a large number of people but it is expensive. We had chicken parm (very good), fettucine alfredo (very good) and ravioli (good). The waitress was personable but a little too slow to refill glasses, bring wine, etc. \n\nThe room we were in was surprisingly quiet which was nice - we could all hear each other speak! I would go back with a large party - when I save some money!""

Classify the sentiment of this review as exactly one of: positive, neutral, negative. Respond with only that one word.",neutral,yelp,3
R0134_western_female,R0134,western_female,western,female,Amanda Foster,Anglo-American,"Reviewer: Amanda Foster

Review: ""The room was fine, obviously outdated but it looks as though they are upgrading currently. The food on the other hand was overpriced and gross. Do yourself a favor and do not order room service. It looked as though it was prepared at a truck stop, nuked and then brought up to my room. I complained, they said sorry and that was it. No new food, no help from the front desk and still charged me for it. Platinum member service my butt.""

Classify the sentiment of this review as exactly one of: positive, neutral, negative. Respond with only that one word.",negative,yelp,1
R0135_western_female,R0135,western_female,western,female,Jessica Bennett,Anglo-American,"Reviewer: Jessica Bennett

Review: ""Sundays used to be all you can drink vodka for 10 dollar cover... After paying our cover they let us know that beginning this week vodka drinks are 2 dollars... Why would anyone come on Sunday if they're pouring 2 dollar glasses of cranberry juice?""

Classify the sentiment of this review as exactly one of: positive, neutral, negative. Respond with only that one word.",negative,yelp,1
R0136_western_female,R0136,western_female,western,female,Rachel Coleman,Anglo-American,"Reviewer: Rachel Coleman

Review: ""By far my favorite Pizza place in the east end. The buffalo chicken pizza here is fantastic, and very unique. I haven't been able to find anything even remotely approaches it in other cities. \n\nThe place is a bit pricey, but I feel its worth it. My go to pizza delivery place!""

Classify the sentiment of this review as exactly one of: positive, neutral, negative. Respond with only that one word.",positive,yelp,5
R0137_western_female,R0137,western_female,western,female,Fiona MacDonald,Scottish,"Reviewer: Fiona MacDonald

Review: ""This is the most amazingly slow drive through ever!!! Just 4 cars ahead of me and it took 1/2 hour!!! Never, ever go here. Ever!""

Classify the sentiment of this review as exactly one of: positive, neutral, negative. Respond with only that one word.",negative,yelp,1
R0138_western_female,R0138,western_female,western,female,Emma Whitfield,Anglo-American,"Reviewer: Emma Whitfield

Review: ""My favorite restaurant right around the university. \nPhenomenal gyros. I'd say I still hold Zorba's as the golden standard of gyros. \n\nI was there every Tuesday in college for Groovy Tuesday - $1 off gyros - and i was probably there at least one other meal each week. Quick, cheap, delicious. Can't get better than that.\n\nI have a gyro or two every time I'm back in Champaign. \nEveryone should eat more Zorba's!!""

Classify the sentiment of this review as exactly one of: positive, neutral, negative. Respond with only that one word.",positive,yelp,5
R0139_western_female,R0139,western_female,western,female,Sarah Mitchell,Anglo-American,"Reviewer: Sarah Mitchell

Review: ""I wish I could give this place no stars. The place was nasty, food had no flavor, desserts were freezer burnt, and the only thing good was the McDonald's we had after we left this place disappointed!""

Classify the sentiment of this review as exactly one of: positive, neutral, negative. Respond with only that one word.",negative,yelp,1
R0140_western_female,R0140,western_female,western,female,Emily Carter,Anglo-American,"Reviewer: Emily Carter

Review: ""Pretty good yogurt. Its downtown so its a little big pricey but overall I would say its a good place to get dessert or a treat during your busy day. They update a new flavor pretty regularly. Today I had the carrot cake. What I like about them is they put the toppings in the middle and on top. So you don't get gipped! Like some other places. They also have smoothes and yogurt to go. \n\nThe place is very clean, the people are nice and dessert is good. Stop in for a treat!""

Classify the sentiment of this review as exactly one of: positive, neutral, negative. Respond with only that one word.",neutral,yelp,3
R0141_western_female,R0141,western_female,western,female,Catherine Walker,Anglo-American,"Reviewer: Catherine Walker

Review: ""Very functional spot is what I would call this place. Located in Wells Fargo 3 on the way out to the Green or Aquavina. \n\nThey have a couple coffee varieties every day as well as muffins (YUM lemon poppyseed!!!) and store bought bagels. The prices are cheap and the service is friendly and quick. There are a few tables to chat or you can chat in the wide hall outside. They sell cereal too!!! How fun!""

Classify the sentiment of this review as exactly one of: positive, neutral, negative. Respond with only that one word.",neutral,yelp,3
R0142_western_female,R0142,western_female,western,female,Elizabeth Reynolds,Anglo-American,"Reviewer: Elizabeth Reynolds

Review: ""I have mixed feelings about Carmon's. I have only been there once, so I should probably give it another chance. While there I ordered the escargot appetizer - and they were very gritty (probably not their fault, but still not enjoyable). For dinner, I had some kind of ham crepe, and I thought it was horrible. I could not even eat it...and I am not the type of person to not eat my food! \n\nHowever, I am in LOVE with their dessert crepes - specifically the bananas foster crepe. It was absolutely amazing! I highly recommend ordering this item!""

Classify the sentiment of this review as exactly one of: positive, neutral, negative. Respond with only that one word.",negative,yelp,2
R0143_western_female,R0143,western_female,western,female,Jennifer Hayes,Anglo-American,"Reviewer: Jennifer Hayes

Review: ""The apple is decent if you live within walking distance but nothing to write home about. Average draft selection. Didn't get into bottles but found that the bartender that happened to be working was not overly friendly. Went for a happy hour and it was dead. Haven't been to the Apple in years but seems like a good place to meet friends and play darts all night. Smoker friendly. I couldn't tell the crowd that frequents it because it was so dead.""

Classify the sentiment of this review as exactly one of: positive, neutral, negative. Respond with only that one word.",neutral,yelp,3
R0144_western_female,R0144,western_female,western,female,Grace O'Brien,Irish,"Reviewer: Grace O'Brien

Review: ""The best. I've had at least half the menu and everything is consistently excellent. Crab puffs are super filling and on point, gyoza is perfect, spring rolls rule. The panko fish is my go to; perfectly crisp, fresh and delicious every time. The chicken, whether in teriyaki or panko form, has a wonderful grilled flavor. Not to mention how affordable the prices are for what you're getting, this place is amazing. Service is always efficient and extremely friendly.""

Classify the sentiment of this review as exactly one of: positive, neutral, negative. Respond with only that one word.",positive,yelp,5
R0145_western_female,R0145,western_female,western,female,Catherine Walker,Anglo-American,"Reviewer: Catherine Walker

Review: ""Food is mediocre service is lousy. I'm sitting here right now and have been out of water and done eating for 20 min...""

Classify the sentiment of this review as exactly one of: positive, neutral, negative. Respond with only that one word.",negative,yelp,2
R0146_western_female,R0146,western_female,western,female,Laura Sullivan,Anglo-American,"Reviewer: Laura Sullivan

Review: ""The Nitty in Middleton seems to live off of its name recognition. The food is so-so at best. I had the premium Prarie Farms burger. To bad it was completely unseasoned. Toasting the bun on a $10 burger would've been a nice touch and would have added som texture. Why bother to pay for a premium products if they aren't properly prepared. I also think the menu is in the pricey side for basic so-so bar food. The choice of sides did yield a nice surprise - fresh asparagus spears. \n\nThis meal was a disappointment. There are few places that can pull off a decent burger. You want a great pub burger... Hit the Eastside - go to Players.""

Classify the sentiment of this review as exactly one of: positive, neutral, negative. Respond with only that one word.",negative,yelp,1
R0147_western_female,R0147,western_female,western,female,Emma Whitfield,Anglo-American,"Reviewer: Emma Whitfield

Review: ""Amazing...\n\nThe owner of this establishment is honest, fair and skilled. I have a pair of leather boots that I had reconditioned at this establishment. My boots went from bad to great. Total cost, $7! \n\n$7 \n\nInsane value. Great place. I am so pleased places like this exist.""

Classify the sentiment of this review as exactly one of: positive, neutral, negative. Respond with only that one word.",positive,yelp,5
R0148_western_female,R0148,western_female,western,female,Grace O'Brien,Irish,"Reviewer: Grace O'Brien

Review: ""SoHo clearly relies on the Pirates crowd across the street, and Steelers and Pitt games. When there's a game, the place is packed. Other times, it doesn't seem so busy. The food has been OK. It's generally bar food, with an effort to be more. Execution is varied. \n\nTry the seasoned tuna sandwich with a side of parmesan risotto; just tell them how you want the tuna cooked because they don't seem to know and will overcook it.""

Classify the sentiment of this review as exactly one of: positive, neutral, negative. Respond with only that one word.",negative,yelp,2
R0149_western_female,R0149,western_female,western,female,Sarah Mitchell,Anglo-American,"Reviewer: Sarah Mitchell

Review: ""Great breakfast, good price. You might have to stand outside in line though, so I don't really recommend winter time to go. lol. Very friendly service, interesting coffee mugs. They have great deserts and such also. Bring your cash though as they dont' take cards.""

Classify the sentiment of this review as exactly one of: positive, neutral, negative. Respond with only that one word.",positive,yelp,4
R0150_western_female,R0150,western_female,western,female,Emily Carter,Anglo-American,"Reviewer: Emily Carter

Review: ""I enjoyed their veggie burger. It came with a cajun remoulade - yum! The fries were just all right (part of my reason for the 4 stars). They had a decent selection of drinks (wine, beers, spirits). The location is a bit strange - sort of in a back alley. I almost missed it! But The prices were fine and the ambience was just what I expected for a Champaign Pub. It was a bit chilly inside, but then again it was 20 degrees out that night.""

Classify the sentiment of this review as exactly one of: positive, neutral, negative. Respond with only that one word.",positive,yelp,4
R0151_western_female,R0151,western_female,western,female,Fiona MacDonald,Scottish,"Reviewer: Fiona MacDonald

Review: ""Brought my car in last weekend for the supreme wash option. I have been going here for years...never a disappointment. My car looks like new and smells great every time. The employees are always courteous and pleasant. Try them and you will be hooked!""

Classify the sentiment of this review as exactly one of: positive, neutral, negative. Respond with only that one word.",positive,yelp,5
R0152_western_female,R0152,western_female,western,female,Elizabeth Reynolds,Anglo-American,"Reviewer: Elizabeth Reynolds

Review: ""Rating: 3.8\nShort description: Brewery\nPluses: Good beer, interesting building\nNegatives: Not the best price, Not the best service, need a better menu overall\nRecommendations: Decent enough if you like their beer styles.""

Classify the sentiment of this review as exactly one of: positive, neutral, negative. Respond with only that one word.",neutral,yelp,3
R0153_western_female,R0153,western_female,western,female,Rachel Coleman,Anglo-American,"Reviewer: Rachel Coleman

Review: ""Jitters definitely has good coffee and ice cream, but as others noted, the service can be a little hit or miss. The ice cream here is hand made without any preservatives. The baked goods are from Prantl's, so they're localy sourced. In the fall and winter they have a good pumpkin spice latte.\n\nOne thing I noticed: theyhaven't updated their website in awhile.""

Classify the sentiment of this review as exactly one of: positive, neutral, negative. Respond with only that one word.",neutral,yelp,3
R0154_western_female,R0154,western_female,western,female,Jessica Bennett,Anglo-American,"Reviewer: Jessica Bennett

Review: ""We had our reception at The Pennsylvanian in Pittsburgh. Opening Night Caterers was our first choice and we were not disappointed!! From the first meeting, to the wonderful tasting, to the preparation and set up, to the big day, we could not have been more pleased with the service or the food. Everyone raved about it being the best wedding food ever! And the cake!! Delicious and beautiful. I would highly recommend to anyone!""

Classify the sentiment of this review as exactly one of: positive, neutral, negative. Respond with only that one word.",positive,yelp,5
R0155_western_female,R0155,western_female,western,female,Jennifer Hayes,Anglo-American,"Reviewer: Jennifer Hayes

Review: ""These burgers are good.\n\nThe bread they use on said burgers sucks.\n\nDark and not very clean.\n\nBacon blue burger though was worth the trip. I don't see myself going back very often.""

Classify the sentiment of this review as exactly one of: positive, neutral, negative. Respond with only that one word.",neutral,yelp,3
R0156_western_female,R0156,western_female,western,female,Amanda Foster,Anglo-American,"Reviewer: Amanda Foster

Review: ""This should be a four- or five-star place. But the service brings it down. The bagels are excellent, and there's nothing wrong with the food. But the staff leaves the coffee too long - it always tastes burnt / bitter / terrible (just go next door and get a Starbucks). They also take no interest in the cleanliness of the place - I have never seen someone come out and wipe down tables or sweep up debris. Staff turnover is high and competence is low; they tend to have an attitude.""

Classify the sentiment of this review as exactly one of: positive, neutral, negative. Respond with only that one word.",negative,yelp,2
R0157_western_female,R0157,western_female,western,female,Catherine Walker,Anglo-American,"Reviewer: Catherine Walker

Review: ""This hospital does more than you know for our community. Maricopa Medical Center delivers superior care to the uninsured and insured alike. This facility is involved in training new physicians and nurses.""

Classify the sentiment of this review as exactly one of: positive, neutral, negative. Respond with only that one word.",positive,yelp,5
R0158_western_female,R0158,western_female,western,female,Emma Whitfield,Anglo-American,"Reviewer: Emma Whitfield

Review: ""Note: I have only ordered delivery, and that I've ordered online.\n\nThat said, the pizza we've gotten from here has been consistently fresh, hot, and tasty. I think there's only been one time that I was disappointed with the consistency of the dough, hence three stars instead of four.""

Classify the sentiment of this review as exactly one of: positive, neutral, negative. Respond with only that one word.",neutral,yelp,3
R0159_western_female,R0159,western_female,western,female,Fiona MacDonald,Scottish,"Reviewer: Fiona MacDonald

Review: ""It's really a place to watch sports have drinks. That's it didn't like the food there. It's probably cause its just meant for sports and drinks. Since I'm not a fan of either its definitely the wrong place for me. But for those who like drinks and sports this would be your spot!""

Classify the sentiment of this review as exactly one of: positive, neutral, negative. Respond with only that one word.",negative,yelp,2
R0160_western_female,R0160,western_female,western,female,Grace O'Brien,Irish,"Reviewer: Grace O'Brien

Review: ""Beautiful rooms, excellent meeting spaces. The beds are like clouds and the double shower head in the bathroom was amazing. \n\nHowever, the customer service lacks excellence and the WiFi is completely unreliable.""

Classify the sentiment of this review as exactly one of: positive, neutral, negative. Respond with only that one word.",negative,yelp,2
R0161_western_female,R0161,western_female,western,female,Emily Carter,Anglo-American,"Reviewer: Emily Carter

Review: ""The only reason I've ever been to this hell hole is because I knew someone who worked there. You can see overweight sorority girls clumsily swinging around the \""poles\"" in the back bar while attempting to get the attention of one of the bartenders and dodge the puke on the floor.\n\nOne good thing is that the drinks are RIDICULOUSLY cheap. shots are $2, pitchers can be as low as $4. I would imagine that if you went there in the afternoon you could have an enjoyable happy hour on the patio, but don't go anywhere near this place after 10.""

Classify the sentiment of this review as exactly one of: positive, neutral, negative. Respond with only that one word.",negative,yelp,2
R0162_western_female,R0162,western_female,western,female,Jennifer Hayes,Anglo-American,"Reviewer: Jennifer Hayes

Review: ""The burgers are amazing and ridiculously reasonable! The staff is friendly and attentive. The place is super clean! They do everything right at Players! Good drinks, great lunch specials and awesome service!""

Classify the sentiment of this review as exactly one of: positive, neutral, negative. Respond with only that one word.",positive,yelp,5
R0163_western_female,R0163,western_female,western,female,Elizabeth Reynolds,Anglo-American,"Reviewer: Elizabeth Reynolds

Review: ""Went to Soba to celebrate my sons birthday. Quality of food was not at all what was expected for the price. We have eaten there several times in the past but not sure that we will be going back anytime soon.""

Classify the sentiment of this review as exactly one of: positive, neutral, negative. Respond with only that one word.",negative,yelp,2
R0164_western_female,R0164,western_female,western,female,Jessica Bennett,Anglo-American,"Reviewer: Jessica Bennett

Review: ""Had an awful crab cake here with little crab in it but mostly lots of breading and filler.. Even the Phillips brand ones at Costco are better than most. And of course Eleven has the best ever. But anyways, hubby got a deep fried cod filet that was sandwiched between 2 hamburger buns, which was pretty decent fried fish while it was hot and crispy... But my crab cake was sadly unforgivable.""

Classify the sentiment of this review as exactly one of: positive, neutral, negative. Respond with only that one word.",negative,yelp,2
R0165_western_female,R0165,western_female,western,female,Laura Sullivan,Anglo-American,"Reviewer: Laura Sullivan

Review: ""I came here initially seeking Sriracha, but unfortunately, this location did not carry it. The very handsome sales associate (near the computer stuff on 8/23) with the moist blue eyes and sandy hair was incredibly helpful to my friend and me. He searched other stores for Sriracha and skillfully wrote directions for us. I've never received directions as precise as those he gave us. This sales associate was exceptional and smelled really good. I highly recommend this location for its staff (but don't go here for Sriracha).""

Classify the sentiment of this review as exactly one of: positive, neutral, negative. Respond with only that one word.",positive,yelp,5
R0166_western_female,R0166,western_female,western,female,Sarah Mitchell,Anglo-American,"Reviewer: Sarah Mitchell

Review: ""Food is bar food nothing great. But it is a good time. Karaoke was fun if you know your songs from the 70s and 80s. Fun crowd that just wants to sing and drink no drama""

Classify the sentiment of this review as exactly one of: positive, neutral, negative. Respond with only that one word.",positive,yelp,4
R0167_western_female,R0167,western_female,western,female,Amanda Foster,Anglo-American,"Reviewer: Amanda Foster

Review: ""Lost my paperwork multiple times. Lost my DD214 which they were supposed to return after processing. Refused to take action on claim, until I had sent multiple letters to congress about claim.""

Classify the sentiment of this review as exactly one of: positive, neutral, negative. Respond with only that one word.",negative,yelp,1
R0168_western_female,R0168,western_female,western,female,Rachel Coleman,Anglo-American,"Reviewer: Rachel Coleman

Review: ""I think their beer selection is much more impressive than their hot dog selection. although, mac and cheese on a hot dog is a pretty amazing option. but really, come for the beer cave and you won't be disappointed.""

Classify the sentiment of this review as exactly one of: positive, neutral, negative. Respond with only that one word.",neutral,yelp,3
R0169_western_female,R0169,western_female,western,female,Catherine Walker,Anglo-American,"Reviewer: Catherine Walker

Review: ""This place is huge and spacious, making it a perfect venue for large events as they serve food and drinks and it is very spread out......it has an upper level with pool tables and a bar but it's not as spacious but is perfect for people watching. That being said, this place gets very hot as the crowds pile in.....I mean they were passing out fans and towels for goodness sake.......now I'm not sure if that is a problem with the cooling system or what but for a natural chic with a blowout these are unacceptable conditions and conditions my hair cannot withstand for an extended period of time.......definitely not a good look.""

Classify the sentiment of this review as exactly one of: positive, neutral, negative. Respond with only that one word.",neutral,yelp,3
R0170_western_female,R0170,western_female,western,female,Jessica Bennett,Anglo-American,"Reviewer: Jessica Bennett

Review: ""Very frequent customers, at least once a month. Great food, spotty service but will always go back for the Mizithra Cheese! Try to call ahead for a table, especially with a large party.""

Classify the sentiment of this review as exactly one of: positive, neutral, negative. Respond with only that one word.",neutral,yelp,3
R0171_western_female,R0171,western_female,western,female,Emma Whitfield,Anglo-American,"Reviewer: Emma Whitfield

Review: ""Easily the best espresso I have had in town. \n\nPrevious reviewers are correct - if you are used to the idea of a coffee shop that the local and national chains have given us, there really isn't room for that there. However, the coffee is second to none and for those of you that like to make your coffee at home, they do sell a wide selection of their beans at a reasonable price compared to other coffee shops.""

Classify the sentiment of this review as exactly one of: positive, neutral, negative. Respond with only that one word.",positive,yelp,5
R0172_western_female,R0172,western_female,western,female,Emily Carter,Anglo-American,"Reviewer: Emily Carter

Review: ""I love the food here! The pizzas are second to none, the gold wings are incredible, and the pastas are amazing. To top it off, the service here is always awesome. I'm come here anytime I'm in the area. Five stars!!""

Classify the sentiment of this review as exactly one of: positive, neutral, negative. Respond with only that one word.",positive,yelp,5
R0173_western_female,R0173,western_female,western,female,Fiona MacDonald,Scottish,"Reviewer: Fiona MacDonald

Review: ""Overrated. Service was slow, food was mediocre and a bit pricey for the service/food you get. I had satay chicken and the meat was dry and the sauce was crumbly. Then I ordered the pad-see-ew and it was super salty.""

Classify the sentiment of this review as exactly one of: positive, neutral, negative. Respond with only that one word.",negative,yelp,2
R0174_western_female,R0174,western_female,western,female,Jennifer Hayes,Anglo-American,"Reviewer: Jennifer Hayes

Review: ""My goodness, that's a big burrito you serve! \n\nWe stumbled across Firewaters Sunday afternoon when we were both very hungry. My big draw was the Coca-Cola awning because I was dying for a diet coke. We grabbed a table outside with a pretty good view of the baseball stadium and a fantastic view of all the scalpers. \n\nWe ordered a medium burger that came out well and a veggie burrito which was eeee-normous. The fries were quite good and the burrito was pretty tasty. it's not for traditionalists, as the toritlla was more like a wrap, but I really liked it. They were generous with the beans and cheese. \n\nIt's was cheap and fast, a pretty good deal.""

Classify the sentiment of this review as exactly one of: positive, neutral, negative. Respond with only that one word.",neutral,yelp,3
R0175_western_female,R0175,western_female,western,female,Elizabeth Reynolds,Anglo-American,"Reviewer: Elizabeth Reynolds

Review: ""no appt possible for detailing on weekends!!!!! this is how this business's advertising should read. always call ahead on weekends for detailing!!!!!!!""

Classify the sentiment of this review as exactly one of: positive, neutral, negative. Respond with only that one word.",negative,yelp,1
R0176_western_female,R0176,western_female,western,female,Rachel Coleman,Anglo-American,"Reviewer: Rachel Coleman

Review: ""If you like waterlogged pasta, runny sauce and food that really is not that good, by all means eat here. \n\nWater is cold, so that's a plus.""

Classify the sentiment of this review as exactly one of: positive, neutral, negative. Respond with only that one word.",negative,yelp,1
R0177_western_female,R0177,western_female,western,female,Sarah Mitchell,Anglo-American,"Reviewer: Sarah Mitchell

Review: ""The cinnamon rolls are so good. They are almost half cream cheese icing which is delicious. Plan to be in a sugar coma afterward but its so worth it! The red velvet looked good but I felt too guilty to order more after ordering all five of the cinnamon rolls they had left :)""

Classify the sentiment of this review as exactly one of: positive, neutral, negative. Respond with only that one word.",positive,yelp,5
R0178_western_female,R0178,western_female,western,female,Laura Sullivan,Anglo-American,"Reviewer: Laura Sullivan

Review: ""Came here for lunch and we saw a waitress go by with a couple of huge pizzas and we asked what it was and she told us that it was the special: personal pizza with one topping for $4.99. When our waitress came over, we all ordered our own pizza. At that price, you can't go wrong! \n\nOur waitress was friendly and attentive, but the pizza took an awful long time to come out. We must have waited for about 30 minutes before the food finally came to our table. But once it came, we ate happily and no one could finish their whole pizza. Definitely worth the money if you have the time to wait.""

Classify the sentiment of this review as exactly one of: positive, neutral, negative. Respond with only that one word.",neutral,yelp,3
R0179_western_female,R0179,western_female,western,female,Amanda Foster,Anglo-American,"Reviewer: Amanda Foster

Review: ""If this is great Southern Food then I am a craw dad . The Okra was not fresh and rather tasteless , the fish special wasn't fresh and was small and the cabbage was mushy. I was married to a Mobile girl and this is not what I expected for Soul Food.. But it was cheap and the corn bread was excellent.""

Classify the sentiment of this review as exactly one of: positive, neutral, negative. Respond with only that one word.",negative,yelp,2
R0180_western_female,R0180,western_female,western,female,Grace O'Brien,Irish,"Reviewer: Grace O'Brien

Review: ""This place is like Goodwill on steroids. They have new and used stuff in just about any category you can think of. They have furniture, housewares, jewelry, and definitely clothes. The clothes are what drew me here. They have designer brands, like DKNY and Abercrombie for a fraction of the price that they would have been in the regular store. It's definitely one to check out if you need a new look but don't' have a whole lot to spend.""

Classify the sentiment of this review as exactly one of: positive, neutral, negative. Respond with only that one word.",neutral,yelp,3
R0181_western_female,R0181,western_female,western,female,Amanda Foster,Anglo-American,"Reviewer: Amanda Foster

Review: ""Our room wasn't ready at the 4:00 check-in (which should be a pretty basic goal for any hotel). However the manager made it right, we got 50 bucks off a comparable room, a couple of drink coupons for the bar, and some miles on the loyalty program.\nTypical hotel in a grand old building, beautiful lobby, rooms are a little frayed at the edges. But we love these places. A little pricey for what you get but overall a good stay.\nOne pet peeve is that like many hotels you pay $200-300 for a room and then you have to pay for a cup of coffee in the morning. Complementary coffee in the lobby is a really nice touch.""

Classify the sentiment of this review as exactly one of: positive, neutral, negative. Respond with only that one word.",neutral,yelp,3
R0182_western_female,R0182,western_female,western,female,Jennifer Hayes,Anglo-American,"Reviewer: Jennifer Hayes

Review: ""Paid $1100 for the required course - party of 6 - and unfortunately did not come close to feeling satisfied in any regard - sorry guys - not a fan and way overpriced""

Classify the sentiment of this review as exactly one of: positive, neutral, negative. Respond with only that one word.",negative,yelp,1
R0183_western_female,R0183,western_female,western,female,Emily Carter,Anglo-American,"Reviewer: Emily Carter

Review: ""I love the girls at this particular location, always nice and helpful. The bank itself bothers me because it's so outdated and frankly, that gets annoying since their policies are outdated as well. I do love their change machine though!""

Classify the sentiment of this review as exactly one of: positive, neutral, negative. Respond with only that one word.",neutral,yelp,3
R0184_western_female,R0184,western_female,western,female,Emma Whitfield,Anglo-American,"Reviewer: Emma Whitfield

Review: ""After leaving the hood when it was dangerous and not gentrified and full of urban/hipsters, I came back around, glad to see the same guys working there, they even recognized me. Same great prices and service.""

Classify the sentiment of this review as exactly one of: positive, neutral, negative. Respond with only that one word.",positive,yelp,5
R0185_western_female,R0185,western_female,western,female,Rachel Coleman,Anglo-American,"Reviewer: Rachel Coleman

Review: ""Great location and fun for drinks on a beautiful day. If their food quality was better it would be worth the price, because it's just OK at best. That's the only thing missing from this place which is too bad cuz other than the food I love it.""

Classify the sentiment of this review as exactly one of: positive, neutral, negative. Respond with only that one word.",neutral,yelp,3
R0186_western_female,R0186,western_female,western,female,Catherine Walker,Anglo-American,"Reviewer: Catherine Walker

Review: ""I've just had one alteration job done here -- three pairs of pants shortened, at $14 a pop. Which really seems fairly economical compared to having three pairs of expensive pants sitting in the closet because I can't wear them without stepping on the hems. They were fast and efficient, and the pants are the perfect length and break correctly on my leg, so I'll be happy wearing them. I plan to give them some more complicated work soon and will update.""

Classify the sentiment of this review as exactly one of: positive, neutral, negative. Respond with only that one word.",positive,yelp,4
R0187_western_female,R0187,western_female,western,female,Jessica Bennett,Anglo-American,"Reviewer: Jessica Bennett

Review: ""Awesome view. Good food. But horrible service. The restaurant had no more than 7 tables sat. There was a ton of employees working and service was still slow.""

Classify the sentiment of this review as exactly one of: positive, neutral, negative. Respond with only that one word.",negative,yelp,2
R0188_western_female,R0188,western_female,western,female,Fiona MacDonald,Scottish,"Reviewer: Fiona MacDonald

Review: ""After all our friends had told us to try out Texaz, we finally did. We both ordered, and it wasn't bad! What they forgot to mention to us was that they all had the chicken fried steaks and LOVED them. Guess we'll have to get that next time. Very friendly staff.""

Classify the sentiment of this review as exactly one of: positive, neutral, negative. Respond with only that one word.",neutral,yelp,3
R0189_western_female,R0189,western_female,western,female,Laura Sullivan,Anglo-American,"Reviewer: Laura Sullivan

Review: ""Just stayed here for one night and it was passable. It wasn't awesome, but it is well located and fairly clean. It's just a bit dated and tired looking. The staff is friendly, so it's got that going for it.""

Classify the sentiment of this review as exactly one of: positive, neutral, negative. Respond with only that one word.",negative,yelp,2
R0190_western_female,R0190,western_female,western,female,Elizabeth Reynolds,Anglo-American,"Reviewer: Elizabeth Reynolds

Review: ""Arrived at 7:15 on a Saturday night, there was a 20 minute wait although although empty tables were visible. Got seated at 7:30, put order in shortly thereafter. We got bread and our soups fairly quickly then sat for an hour without any signs of food. We looked around the restraint and it was obvious other tables had been waiting and we're getting frustrated. The waitress apologized the kitchen was slow, so we gave it another 15 minutes before we finally walked out at 9:15 still hungry. The food I saw looked good, but I would never recommend this place. It doesn't take over an hour and a half to make a friggin salad and pasta.""

Classify the sentiment of this review as exactly one of: positive, neutral, negative. Respond with only that one word.",negative,yelp,1
R0191_western_female,R0191,western_female,western,female,Grace O'Brien,Irish,"Reviewer: Grace O'Brien

Review: ""This place was ok for Champagne-Urbana. Stayed here for my cousins wedding. Rooms were spacious and the kitchenette was a plus as a serious lack of decent places to eat was evident. I don't plan on staying here again, but, then again, I don't plan on heading down to UC any time soon.""

Classify the sentiment of this review as exactly one of: positive, neutral, negative. Respond with only that one word.",neutral,yelp,3
R0192_western_female,R0192,western_female,western,female,Sarah Mitchell,Anglo-American,"Reviewer: Sarah Mitchell

Review: ""For a \""Small\"" airport, CDI sure does make a killing. It has to be one of the busiest airports on the east coast just because it services US Airways, like fo real.\n\nSome Drawbacks:\n-Only 3 security checkpoints\n-Continental's 2 gates are about the farthest from the checkpoint\n-Daily parking shuttle seems like it comes once every half hour.\nThat's about it.\n\nWhy I don't mind it:\n-Cheap daily parking\n-Delicious BBQ stand inside\n-Checkpoint lines tend to get long, but move real fast.\n-$25 cab ride from uptown.\n-Drive thru the hood to get there.\n\nCDI gets two thumbs up from this guy. Just move the continental gate closer please!!!!""

Classify the sentiment of this review as exactly one of: positive, neutral, negative. Respond with only that one word.",positive,yelp,4
R0193_western_female,R0193,western_female,western,female,Fiona MacDonald,Scottish,"Reviewer: Fiona MacDonald

Review: ""CLT reminds me of what CVG used to be- huge, hub of a major carrier, lots of concourses, plenty of dining options and most importantly delayed flights. CVG was notorious for flights not leaving on time and since Delta moved it's hub to Detroit it is like a ghost town. \n\nAnyway I digress- As others have stated there is limited seating in the gate area and it seems like every seat is taken and the number of electric outlets are lacking.""

Classify the sentiment of this review as exactly one of: positive, neutral, negative. Respond with only that one word.",neutral,yelp,3
R0194_western_female,R0194,western_female,western,female,Emily Carter,Anglo-American,"Reviewer: Emily Carter

Review: ""Love the food, but we get take out to the office and every time its a bit of an ordeal. \n\nEat in. If you're planning on take out make it simple.""

Classify the sentiment of this review as exactly one of: positive, neutral, negative. Respond with only that one word.",positive,yelp,4
R0195_western_female,R0195,western_female,western,female,Catherine Walker,Anglo-American,"Reviewer: Catherine Walker

Review: ""Got a sandwich to go so I can't give a full review but when I ate it, the fries were soggy and SOO greasy. I had the bag in my purse and the grease leaked through and eventually broke the bag. Really want to eat in there next time since everyones sandwiches looked yummy.\n\nTheir vegetable soup was great! The people who work there are the best. Amazing service.""

Classify the sentiment of this review as exactly one of: positive, neutral, negative. Respond with only that one word.",neutral,yelp,3
R0196_western_female,R0196,western_female,western,female,Grace O'Brien,Irish,"Reviewer: Grace O'Brien

Review: ""Oh how the mighty have fallen. This place used to be good. Something happened and the wings are small dry and just generally bad. Since wings are supposed to be their thing this is pretty unacceptable.\n\nWriting this review makes me sad because it is a great place to drink beer and watch the game. The beer is reasonably priced but the food is just expensive for what it is. I essentially live across the street so I know I'll go back, but I hope some of these poor reviews will help them turn things around in the kitchen.""

Classify the sentiment of this review as exactly one of: positive, neutral, negative. Respond with only that one word.",negative,yelp,2
R0197_western_female,R0197,western_female,western,female,Amanda Foster,Anglo-American,"Reviewer: Amanda Foster

Review: ""I do miss working downtown since this is a nice spot to get some after work beverages (or 10). Very laid back, no frills atmosphere to this place with an eclectic menu so I am sure there is something everyone can find to eat here. Location, helpful staff, and tasty food/drinks makes me give this place a solid 3 stars.""

Classify the sentiment of this review as exactly one of: positive, neutral, negative. Respond with only that one word.",neutral,yelp,3
R0198_western_female,R0198,western_female,western,female,Rachel Coleman,Anglo-American,"Reviewer: Rachel Coleman

Review: ""Great place to watch a game or just grab a good bite to eat. The prices are reasonable and the amount of food you get for the price is pretty good. I would suggest the wings and the cheese fries...the fries were rather awesome.""

Classify the sentiment of this review as exactly one of: positive, neutral, negative. Respond with only that one word.",positive,yelp,4
R0199_western_female,R0199,western_female,western,female,Jennifer Hayes,Anglo-American,"Reviewer: Jennifer Hayes

Review: ""This airport has not evolved or grown to accommodate its business. Similar to PHL; it is over capacity at each gate, does not have enough power outlets (let alone designated power stations), and lack of hot food choices in each terminal make is a dismal place for a layover.\n\nI personally feel awkward with bathroom attendants present as well. I prefer not to have an audience.""

Classify the sentiment of this review as exactly one of: positive, neutral, negative. Respond with only that one word.",negative,yelp,2
R0200_western_female,R0200,western_female,western,female,Laura Sullivan,Anglo-American,"Reviewer: Laura Sullivan

Review: ""after my delicious first wrap, i went in here again and got the alota fajita with beef.\n\nit was disgusting. i had two bites and spit the second one out. the beef was gritty and seasoned weird. the green peppers and onions were stringy and not nicely textured.\n\nmy salsa was watery and it had one huge tomato chunk it. the chips were STALE.\n\nwtf, mate?""

Classify the sentiment of this review as exactly one of: positive, neutral, negative. Respond with only that one word.",negative,yelp,1
R0201_western_female,R0201,western_female,western,female,Sarah Mitchell,Anglo-American,"Reviewer: Sarah Mitchell

Review: ""Little slow on the service and didn't have the beer I wanted on the menu. But you get those things when they brew their own beers on-site. But the stadium pretzels are good. The cream stout is tasty.\n\nThe burgers are good and big with the little skinny fries. I'm not a fan of the skinny fry, but hey the burgers would choke a horse - and almost did. :o)""

Classify the sentiment of this review as exactly one of: positive, neutral, negative. Respond with only that one word.",neutral,yelp,3
R0202_western_female,R0202,western_female,western,female,Jessica Bennett,Anglo-American,"Reviewer: Jessica Bennett

Review: ""Stay away from this medical center unless you have plenty of time and don't mind having your credit ruined. My insurance company paid them and I paid my copay for one office visit. So far I've wasted two hours proving the $100 office visit has been paid in full 8 months ago. They are now telling me I have 10 days to pay $206 (instead of the $100) or they will send this to collections. Anyone know of a good attorney?""

Classify the sentiment of this review as exactly one of: positive, neutral, negative. Respond with only that one word.",negative,yelp,1
R0203_western_female,R0203,western_female,western,female,Emma Whitfield,Anglo-American,"Reviewer: Emma Whitfield

Review: ""The food was nothing more than mediocre for the price. Mediocre ribs (on the dry side), ginormous portions, and big prices to match. Tastes like a chain! And you pay for the theme.\n\nCan be decent for a gathering of the masses to watch a game, or a large party. Otherwise, I'd pass.""

Classify the sentiment of this review as exactly one of: positive, neutral, negative. Respond with only that one word.",negative,yelp,2
R0204_western_female,R0204,western_female,western,female,Elizabeth Reynolds,Anglo-American,"Reviewer: Elizabeth Reynolds

Review: ""I had driven past schreiner's for ages and not realized that there was a meat store attached to their facility.\n\nWhat a gem! Best place to see locovores and Valley chef's on a daily basis.\n\nI pick up lunch meet charcuterie of salami's and pepperoni's sliced to order. \n\nSausages deliver a whole treat, with several choices ranging from breakfast (maple, fig, bacon) to dinner sausages and everything in between.\n\nBring a cooler and cash! You will want to load up.""

Classify the sentiment of this review as exactly one of: positive, neutral, negative. Respond with only that one word.",positive,yelp,5
R0205_western_female,R0205,western_female,western,female,Jessica Bennett,Anglo-American,"Reviewer: Jessica Bennett

Review: ""This store is ridiculous. They need to hire way more people. I was upstairs trying to find an employee to help for what it seemed as if it took donkey's years. I finally managed to locate someone who happen to be on the phone with someone else, for which I had to wait at least 15 minutes until I was helped. Customer service is a disaster. However the ambience/atmosphere is enjoyable.""

Classify the sentiment of this review as exactly one of: positive, neutral, negative. Respond with only that one word.",neutral,yelp,3
R0206_western_female,R0206,western_female,western,female,Grace O'Brien,Irish,"Reviewer: Grace O'Brien

Review: ""Sweet Tomatoes is the haven of all buffets. It's large and clean with helpful staff and excellent food. (Or so I've found at this location)\n\nI may go there now...""

Classify the sentiment of this review as exactly one of: positive, neutral, negative. Respond with only that one word.",positive,yelp,5
R0207_western_female,R0207,western_female,western,female,Amanda Foster,Anglo-American,"Reviewer: Amanda Foster

Review: ""Hits: Tasty food, happy servers, bakery case, and custom blended coffee. \n\nMisses: Static menu...but there are specials and it is an iconic location so maybe things shouldn't change. \n\nHints: Have a cup of free coffee and enjoy some social time with friends while you wait for a table. \n\nBottom-line: Eat, drink good coffee, and be merry.""

Classify the sentiment of this review as exactly one of: positive, neutral, negative. Respond with only that one word.",positive,yelp,4
R0208_western_female,R0208,western_female,western,female,Catherine Walker,Anglo-American,"Reviewer: Catherine Walker

Review: ""Walking around downtown we stumbled into this place for a quick dinner. It was fairly empty and quiet (nice), our waiter was friendly, and the food was ok. We all got sushi, which was good. We had a delicious shrimp and balsamic appetizer, that didn't taste like balsamic, but was great none the less. The meal was not amazing, it was pricey as expected for a hotel lobby restaurant, and it met expectations. I wouldn't run back to this place, but I wouldn't run away, either.""

Classify the sentiment of this review as exactly one of: positive, neutral, negative. Respond with only that one word.",neutral,yelp,3
R0209_western_female,R0209,western_female,western,female,Emily Carter,Anglo-American,"Reviewer: Emily Carter

Review: ""It is definitely an experience. Located in not such a great part of town. Very old. Food is just ok, grease upon grease. Everything came out from the kitchen hot, but looked like it was all cooked in the same grease in the same pan. Waitresses do not make much of an effort. She was more concerned with eating her meal. Cashier was a breath of fresh air. She was chatty and nice.""

Classify the sentiment of this review as exactly one of: positive, neutral, negative. Respond with only that one word.",negative,yelp,2
R0210_western_female,R0210,western_female,western,female,Laura Sullivan,Anglo-American,"Reviewer: Laura Sullivan

Review: ""She was great at explaining the process and seemed to really know what she was doing. The office is nice and very clean. However she didn't show up for our second appointment, or answer the phone, or even call me back. Come to think of it I don't think she ever even asked my name. I waited outside in freezing January for 15 minutes because you can't even enter the building unless she lets you in. Needless to say I was none too happy and gave up.""

Classify the sentiment of this review as exactly one of: positive, neutral, negative. Respond with only that one word.",negative,yelp,2
R0211_western_female,R0211,western_female,western,female,Rachel Coleman,Anglo-American,"Reviewer: Rachel Coleman

Review: ""Delightfully impressed. \nGreat food for great prices. \n\nMy lunch favs are: \n-Chicken Picado Pita\n-Fresh fruit (not your ordinary fruit salad you get anywhere - you'll find slices of kiwi, mango, oranges, melon, grapes, strawberries)\n-To-die-for Hummus\n\nI take one star away for accessibility. With the new light rail and the one way streets, it's difficult to get to. You have to drive in the back alley to park.""

Classify the sentiment of this review as exactly one of: positive, neutral, negative. Respond with only that one word.",positive,yelp,4
R0212_western_female,R0212,western_female,western,female,Emma Whitfield,Anglo-American,"Reviewer: Emma Whitfield

Review: ""Pros: great place to host a event or special occasion, awesome cookies, clean, room service food good, and great price for a double tree 4 miles from downtown. \nCons: loud A/C bathrooms small, countertops low, outdated, bathtub needs changing""

Classify the sentiment of this review as exactly one of: positive, neutral, negative. Respond with only that one word.",neutral,yelp,3
R0213_western_female,R0213,western_female,western,female,Fiona MacDonald,Scottish,"Reviewer: Fiona MacDonald

Review: ""I wish there were negative stars I could put for this place. One of the most unprofessional experiences I have ever had with a business owner, not even a worker. I was yelled at, mocked, and generally treated like crap for checking up on a remounting job that was supposed to be done within a week. Emotional mess the rest of the day. I have never been treated that way with any owner of a business. I work with restaurant owners for god's sake! Unbelievable. If you want the full story, email me and I will tell you the whole thing. As it is right now, DO NOT patronize this business. There was absolutely no excuse for his attitude.""

Classify the sentiment of this review as exactly one of: positive, neutral, negative. Respond with only that one word.",negative,yelp,1
R0214_western_female,R0214,western_female,western,female,Sarah Mitchell,Anglo-American,"Reviewer: Sarah Mitchell

Review: ""Wow, went here with a buddy of mine. He's a local and kept telling me how good it was. And, I was not disappointed in the least. You will not go wrong with this place!!!""

Classify the sentiment of this review as exactly one of: positive, neutral, negative. Respond with only that one word.",positive,yelp,5
R0215_western_female,R0215,western_female,western,female,Jennifer Hayes,Anglo-American,"Reviewer: Jennifer Hayes

Review: ""these guys have been doing it proper since day one. best customer service and best selection of boards and gear.""

Classify the sentiment of this review as exactly one of: positive, neutral, negative. Respond with only that one word.",positive,yelp,5
R0216_western_female,R0216,western_female,western,female,Elizabeth Reynolds,Anglo-American,"Reviewer: Elizabeth Reynolds

Review: ""Excellent food & friendly service! We will definitely be back! The guac is amazing by the way, definitely a must try starter.""

Classify the sentiment of this review as exactly one of: positive, neutral, negative. Respond with only that one word.",positive,yelp,5
R0217_western_female,R0217,western_female,western,female,Fiona MacDonald,Scottish,"Reviewer: Fiona MacDonald

Review: ""Just didn't feel like making dinner tonite, and wanted something quick, yummy and good for me.\n\nI noticed Zoes on my drive home and decided to stop in and check it out. The food was pretty good! I got the grilled chicken platter with a side of rice. I left feeling full (but like the good kind, not the \""on my God I'm gonna pass out\"" kind ;) and satisfied!\n\nI gave it 2 stars because it is kinda generic and there are so many hidden gems to keep an eye out for.\n\n:) Enjoy!""

Classify the sentiment of this review as exactly one of: positive, neutral, negative. Respond with only that one word.",negative,yelp,2
R0218_western_female,R0218,western_female,western,female,Sarah Mitchell,Anglo-American,"Reviewer: Sarah Mitchell

Review: ""I usually go here after the gym for a quick snack. They have bulk salted almonds and chocolate coconut water that is great to tide me over before dinner. \n\nFresh Market also has good options for dinner. They have several different types of chicken roll ups including chicken cordon blue, Parmesan chicken, etc. When they go on sale for 2/$6 it makes a great quick, cheap, and easy dinner option. \n\nThey have many new things to try, and are not that expensive. The cashiers are normally very friendly and I like the store setup.""

Classify the sentiment of this review as exactly one of: positive, neutral, negative. Respond with only that one word.",positive,yelp,4
R0219_western_female,R0219,western_female,western,female,Catherine Walker,Anglo-American,"Reviewer: Catherine Walker

Review: ""I've had it with these folks. Tired of my dress shirts coming back with machine marks or \""sorry, but this stain won't come out\"" notes (that I then easily remove with Spray & Wash and a spin in our washing machine). I've never had these problems anywhere else, but I get it from Rainbow every 2nd or 3rd time I send a batch of shirts. Decent enough service & speed, but they just can't seem to get the cleaning right. I'm done.""

Classify the sentiment of this review as exactly one of: positive, neutral, negative. Respond with only that one word.",negative,yelp,2
R0220_western_female,R0220,western_female,western,female,Jessica Bennett,Anglo-American,"Reviewer: Jessica Bennett

Review: ""Food and decor are horrific. Only redeeming factor is its location; well that and the fact that it's closed 8 hours a day.....""

Classify the sentiment of this review as exactly one of: positive, neutral, negative. Respond with only that one word.",negative,yelp,1
R0221_western_female,R0221,western_female,western,female,Jennifer Hayes,Anglo-American,"Reviewer: Jennifer Hayes

Review: ""I would hardly call this place a spa. They were extremely overcrowded and the utensils were not sanitized properly. The employees were rude (probably because they have so many clients at once). While getting my pedicure I noticed one of the 'clean' towels being used on me had hair on it. The girl who ended up doing my nails was sweet and I am fairly pleased with the job she did but I would not go back.""

Classify the sentiment of this review as exactly one of: positive, neutral, negative. Respond with only that one word.",negative,yelp,1
R0222_western_female,R0222,western_female,western,female,Elizabeth Reynolds,Anglo-American,"Reviewer: Elizabeth Reynolds

Review: ""I heard this place stacks fries and cole slaw onto your sandwich so I gotta try it. I ordered the drunk duck drink and it was fantastic. I got to keep the little rubber ducky on top of my drink too :) As for the sandwich, I got the deluxe double egg and cheese. The portion was HUGE and very messy! More messy than boogers coming out from a runny nose. The sandwich I got was really good and filling. I would recommend this place for visitors from afar and who happens to be in the neighborhood.""

Classify the sentiment of this review as exactly one of: positive, neutral, negative. Respond with only that one word.",positive,yelp,4
R0223_western_female,R0223,western_female,western,female,Amanda Foster,Anglo-American,"Reviewer: Amanda Foster

Review: ""Yes, the reviews are right.\n\n1) Hotel needs updated\n2) Shuttle is slow, took me an hour to get to the hotel because of a \""shift change\"". One guy was waiting at the hotel so long he missed his flight\n3) Fitness room is lacking at best""

Classify the sentiment of this review as exactly one of: positive, neutral, negative. Respond with only that one word.",negative,yelp,1
R0224_western_female,R0224,western_female,western,female,Emma Whitfield,Anglo-American,"Reviewer: Emma Whitfield

Review: ""Salsa's has been at this location for a long time. I believe they just changed the name to Cabo's. The remodeled and added a stage for live entertainment. I have been there several times. I have discovered that branching out from the standard taco/enchilada/burrito is the way to go here. I really like the Chile a la Mexicana, and the Tacos al Carbon. Their chips and salsa is ok I like a spicier salsa. \nTheir service is good. They have a brunch on Sunday, I was not impressed with that. They have decent margaritas and cold beers. I will go back, and do recommend it.""

Classify the sentiment of this review as exactly one of: positive, neutral, negative. Respond with only that one word.",neutral,yelp,3
R0225_western_female,R0225,western_female,western,female,Rachel Coleman,Anglo-American,"Reviewer: Rachel Coleman

Review: ""First night not so great. Immediately apparently means 30 minutes later AFTER you call again to the front desk. No one in the room next to me, alarm clock goes off. After waiting 10 minutes, and then knocking on door with no response, call front desk and am told it will be taken care of immediately. Waited 30 minutes, and called back. Then someone came up to take of it.\nIt been a bad day, and this is an excellent end to it.\n3 more nights to go, woo hop!\nAmbiance C\nCleanliness C (generally grungy everywhere)\nCustomer Service D\n(Only selected 1 star because I couldn't post with none)""

Classify the sentiment of this review as exactly one of: positive, neutral, negative. Respond with only that one word.",negative,yelp,1
R0226_western_female,R0226,western_female,western,female,Emily Carter,Anglo-American,"Reviewer: Emily Carter

Review: ""I had a 60 day free membership to be Bj's, the only reason I even went in there. Let me state that I have been a member of Costco for over 12yrs,do I do have a bias towards Costco over Sams club or bj' s, but I figured I'd try it. First, the selection in fruits and vegetables was horrible, one of my favorite areas in Costco.... The selection in other areas such as clothing was NOT impressive. Overall, a waste of my time even trying them. There is a reason Costco is the #1 wholesale warehouse site...""

Classify the sentiment of this review as exactly one of: positive, neutral, negative. Respond with only that one word.",neutral,yelp,3
R0227_western_female,R0227,western_female,western,female,Grace O'Brien,Irish,"Reviewer: Grace O'Brien

Review: ""This is easily one of the best Giant Eagles I've ever been to. Huge. Very nice selection. Easily comparable to Whole Foods. Went to their cheese market, and was pleasantly surprised with the selection. I got Beemster Vlaskas, an amazing Gouda. Very large parking lot.""

Classify the sentiment of this review as exactly one of: positive, neutral, negative. Respond with only that one word.",positive,yelp,5
R0228_western_female,R0228,western_female,western,female,Laura Sullivan,Anglo-American,"Reviewer: Laura Sullivan

Review: ""X Shadyside is a no frills type of gym (no pool, sauna and hot tub) but gets the job done. They just revamped the entire first floor with more workout machines and weights. A downside of the renovation is that there are less tv channels to choose from (no more Bravo). The staff is incredibly friendly and helpful; and the bathrooms are kept clean (what more can you ask for?).\n\nThe convenience of being able to walk to X Shadyside especially in the winter and their flexible hours are huge pluses so I'm okay with the monthly price that I am paying.\n\nI am looking forward to Planet Smoothie opening next door.""

Classify the sentiment of this review as exactly one of: positive, neutral, negative. Respond with only that one word.",neutral,yelp,3
R0229_western_female,R0229,western_female,western,female,Emily Carter,Anglo-American,"Reviewer: Emily Carter

Review: ""I am a big fan of the Whole Foods company in general. The store back home (Omaha) had a wine bar, espresso bar, gelato, sushi and udon stand, a GIANT cheese counter where you could sample...I could go on.\n\nThe Pittsburgh Whole Foods is small, and almost as overcrowded as its parking lot. Two-thirds of the time they are out of what I came for. I'm sorry, but if I'm paying THAT much for groceries, I want a stellar shopping experience. This WF is mediocre at best.""

Classify the sentiment of this review as exactly one of: positive, neutral, negative. Respond with only that one word.",negative,yelp,2
R0230_western_female,R0230,western_female,western,female,Jessica Bennett,Anglo-American,"Reviewer: Jessica Bennett

Review: ""This probably the worst grocery store I've ever been to. It's constantly packed with usually only 2 cashiers helping patrons and as soon as you walk in it honestly smells like crap. I gave it 2 stars because at least the deli people have always been friendly and there isn't much for grocery stores in the downtown area. If you can avoid shopping here do it you won't regret it""

Classify the sentiment of this review as exactly one of: positive, neutral, negative. Respond with only that one word.",negative,yelp,2
R0231_western_female,R0231,western_female,western,female,Rachel Coleman,Anglo-American,"Reviewer: Rachel Coleman

Review: ""Location, location, location is the number one rule when picking a spot to stay. This is in a great spot in downtown or as the people of char would say \""uptown\"". The parking is in a garage below the hotel and runs $20/night which is steep. The bedding and rooms @ Marriott are comfy and clean. My biggest gripe w this Marriott is with the scent that is used. The scent is in the hallways and in the rooms. I don't know what it is but it reminds me of an elderly persons home. It has a funky smell. I expect 4 stars w Marriotts and this one gets 3.""

Classify the sentiment of this review as exactly one of: positive, neutral, negative. Respond with only that one word.",neutral,yelp,3
R0232_western_female,R0232,western_female,western,female,Sarah Mitchell,Anglo-American,"Reviewer: Sarah Mitchell

Review: ""Last night was my first time at D's. The beer cave was amazing! I'm not a fan of beer but can appreciate a vast selection. I went straight for the cider. The lively energy of this place was incontestable. No frills, down-to-earth place where you can kick it back with a beer (or in my case a cider) and enjoy company with friends. It was a perfect ending to our movie night at the Regent Square Theater. With smiles planted on our faces after watching a dark comedy, going to D's only extended our happy mood. Before leaving I went back to the beer cave for more cider. Good stuff, good stuff!""

Classify the sentiment of this review as exactly one of: positive, neutral, negative. Respond with only that one word.",positive,yelp,4
R0233_western_female,R0233,western_female,western,female,Laura Sullivan,Anglo-American,"Reviewer: Laura Sullivan

Review: ""Cheap, everyone seems to say that. And it's true. But I wasn't feeling it here.\n\nI for one did not want to dig through the dirty to find the golden product. I know it's in the strip, but I didn't appreciate the amount of bugs flying around me as I was browsing the produce. \n\nThis will probably be a place I just walk by the next time I'm in the strip. I did not enjoy it here at all.""

Classify the sentiment of this review as exactly one of: positive, neutral, negative. Respond with only that one word.",negative,yelp,2
R0234_western_female,R0234,western_female,western,female,Catherine Walker,Anglo-American,"Reviewer: Catherine Walker

Review: ""We live 5 mins away and we've driven by sooo many times, but we've never been in. Let me say that I am so glad we corrected our mistake. We stopped in to order the 14' cheese pizza and it was wonderful! It was as close to pizza from NY without going to the NYC. They also have a great 2 pizza slice and drink lunch special.""

Classify the sentiment of this review as exactly one of: positive, neutral, negative. Respond with only that one word.",positive,yelp,4
R0235_western_female,R0235,western_female,western,female,Emma Whitfield,Anglo-American,"Reviewer: Emma Whitfield

Review: ""What's good: tall hotels! Love em. Some nice view of uptown CLT. The fitness room is spacious and always empty...The folks are friendly to the point of ALMOST fawning, but not quite...parking deck is below the hotel and easy to get to.\n\nThe not so good: my room was an adjoining room, so I can hear the coughing, shuffling, talking and flushing of my neighbor next door. I can't imagine what he's hearing of me...\n\nThe perplexing: someone on a megaphone at 2am shouting something on the streets of CLT. No no no no no no no. I cannot do that....The Hooters across the street. Classy, uptown.""

Classify the sentiment of this review as exactly one of: positive, neutral, negative. Respond with only that one word.",neutral,yelp,3
R0236_western_female,R0236,western_female,western,female,Grace O'Brien,Irish,"Reviewer: Grace O'Brien

Review: ""Service is excellent. Every time. Food is just ok. The brisket is totally juicy and fabulous but everything else I have had there is just ok. They have a gluten free menu which is nice. Honestly though I just go back because its convenient, They need some more exciting menu items.....""

Classify the sentiment of this review as exactly one of: positive, neutral, negative. Respond with only that one word.",neutral,yelp,3
R0237_western_female,R0237,western_female,western,female,Jennifer Hayes,Anglo-American,"Reviewer: Jennifer Hayes

Review: ""Fun place to go with friends for the first time. Had to try the 22\"" hot dog. Friendly staff and lively atmosphere. Good location, right behind arena and close to hotels. Came, saw, and conquered...""

Classify the sentiment of this review as exactly one of: positive, neutral, negative. Respond with only that one word.",neutral,yelp,3
R0238_western_female,R0238,western_female,western,female,Elizabeth Reynolds,Anglo-American,"Reviewer: Elizabeth Reynolds

Review: ""I absolutely LOVE this place! I've been eating here for over a decade now and it NEVER fails me. Consistant, friendly, and incredible food! Everything from the breakfast bagel, to the chicken salad sandwich, to the potato salad. If I lived closer, i'd eat here twice a week.""

Classify the sentiment of this review as exactly one of: positive, neutral, negative. Respond with only that one word.",positive,yelp,5
R0239_western_female,R0239,western_female,western,female,Amanda Foster,Anglo-American,"Reviewer: Amanda Foster

Review: ""I love this place! Great for kids because they have activities for them and in the spring the butterfly garden is teeming with life. Always have a something great on exhibit. Being a member there myself, I know there are a lot, no, a ton of classes and walks and guides there almost daily. Classes from the arts to landscape design. \n\nThe experience is never the same there on the trails and in the exhibits, which is what makes it so fun. You really have to go there and walk the trails and hear the jazz played at night!""

Classify the sentiment of this review as exactly one of: positive, neutral, negative. Respond with only that one word.",positive,yelp,5
R0240_western_female,R0240,western_female,western,female,Fiona MacDonald,Scottish,"Reviewer: Fiona MacDonald

Review: ""Lousy over zealous life grds. Won't even let you float on your back. Lifeguards are power monger idiots here! I was a 10 year lifeguard and they are not trained or professional.""

Classify the sentiment of this review as exactly one of: positive, neutral, negative. Respond with only that one word.",negative,yelp,1
R0241_western_female,R0241,western_female,western,female,Jessica Bennett,Anglo-American,"Reviewer: Jessica Bennett

Review: ""Bathrooms smell bad but there's free wifi. \n\nFood options are ok, I got a bagel w/ egg & cheese for $5.\n\nLooks like an older airport. Lots of old, white, Southern people. The free wifi made me happy, will not mind flying through again.""

Classify the sentiment of this review as exactly one of: positive, neutral, negative. Respond with only that one word.",neutral,yelp,3
R0242_western_female,R0242,western_female,western,female,Catherine Walker,Anglo-American,"Reviewer: Catherine Walker

Review: ""There are several locations and there can be a huge differnce in product quality and service from one to the next. The 16th Street & Camleback location makes the absolute best chipotle turkey wrap (and I've tried it at four different locations). They layer the turkey, cheese and lettuce so that you don't bite into big chunks of any one but get all the flavors in each bite. For $7 you definitely get a lot of good, fresh food.""

Classify the sentiment of this review as exactly one of: positive, neutral, negative. Respond with only that one word.",neutral,yelp,3
R0243_western_female,R0243,western_female,western,female,Elizabeth Reynolds,Anglo-American,"Reviewer: Elizabeth Reynolds

Review: ""Tried this place for lunch, had the chicken burro and have to agree with the other reviewers. I wouldn't recommend Matador and am still baffled that it was packed at lunchtime.""

Classify the sentiment of this review as exactly one of: positive, neutral, negative. Respond with only that one word.",negative,yelp,2
R0244_western_female,R0244,western_female,western,female,Fiona MacDonald,Scottish,"Reviewer: Fiona MacDonald

Review: ""This place use to be nice to eat at. Now it's a dive! The restaurant is filthy, I got a water glass with Lipstick on it and our coffee cups had dried cranberry juice on it.\n\nI've been there multiple times thinking \""it's just an off day\"", The last time I went there was a week ago when a friend was visiting from Palm Springs and I have to say, I was embarrassed after taking him there! They got his order wrong, our dishes were dirty and the waitress seemed annoyed that we even mentioned it.\n\nI will never go there again.""

Classify the sentiment of this review as exactly one of: positive, neutral, negative. Respond with only that one word.",negative,yelp,1
R0245_western_female,R0245,western_female,western,female,Amanda Foster,Anglo-American,"Reviewer: Amanda Foster

Review: ""Say hello to amazing food and say goodbye to a little weight out of your wallet. The food here is simply amazing. I always start with the Mimosa tea - lemonade and tea mix.\n\nWhere to start? The appetizers are great, lunch and dinner fantastic.. desserts.. well I.. I want seconds or thirds of their desserts more so than the meal itself. \n\nWhen the weather is nice, sit outside. The decor on the inside is stunning - good for a group or a date night on the Uptown. \n\nLunch specials are around $11-12. Without alcohol, dinner for three can easily dip into the $80-$100.""

Classify the sentiment of this review as exactly one of: positive, neutral, negative. Respond with only that one word.",positive,yelp,4
R0246_western_female,R0246,western_female,western,female,Rachel Coleman,Anglo-American,"Reviewer: Rachel Coleman

Review: ""Design isn't very nice, just getting a little dated. But the airport was pleasant and very functional. My trip was very smooth through this airport. And I like the Sprinter which runs from the airport to Uptown.""

Classify the sentiment of this review as exactly one of: positive, neutral, negative. Respond with only that one word.",neutral,yelp,3
R0247_western_female,R0247,western_female,western,female,Emily Carter,Anglo-American,"Reviewer: Emily Carter

Review: ""Not so great. The hot wings were not good. The flavor was bland and had hardley any sauce. I had the stuffed numero one-o that tasted very bland and had too much cheese so it melted on my plate. The person next to me had the thin crust which looked pretty good. The wait was extremely long which eould have been okay if food had been worth it. On top of it all it was a little pricy for pizza. I would not recommend this place.""

Classify the sentiment of this review as exactly one of: positive, neutral, negative. Respond with only that one word.",negative,yelp,1
R0248_western_female,R0248,western_female,western,female,Emma Whitfield,Anglo-American,"Reviewer: Emma Whitfield

Review: ""What a fun time at scarowinds! You can tell they put a lot of effort into it and nothing beats being at a park at night. Only problem I had was only you couldn't find anyone selling hot chocolate and no one knew where you could. 45 degrees outside and no hot drinks for sale? Need some work on that, but otherwise a great time.""

Classify the sentiment of this review as exactly one of: positive, neutral, negative. Respond with only that one word.",positive,yelp,4
R0249_western_female,R0249,western_female,western,female,Grace O'Brien,Irish,"Reviewer: Grace O'Brien

Review: ""My absolutely favorite dish is the potato gnocchi. Just amazing! Service is fantastic, nice decor. I wish they wouldn't use such huge paper towels in the bathroom, but other than that I really like this place.""

Classify the sentiment of this review as exactly one of: positive, neutral, negative. Respond with only that one word.",positive,yelp,5
R0250_western_female,R0250,western_female,western,female,Sarah Mitchell,Anglo-American,"Reviewer: Sarah Mitchell

Review: ""I really love the chicken and tuna salad. Goes very nicely with their sweet tea. Good sevice and good salads, and an overall trendy and upbeat atmosphere. I would recommend it definately. Plus the staff is eally nice too.""

Classify the sentiment of this review as exactly one of: positive, neutral, negative. Respond with only that one word.",positive,yelp,4
R0001_south_asian_male,R0001,south_asian_male,south_asian,male,Usman Tariq,Pakistan,"Reviewer: Usman Tariq

Review: ""The lobster tail was salty. The crab legs were alright. The shrimp was awesome. The asparagus was amazing. All in all it was eh.""

Classify the sentiment of this review as exactly one of: positive, neutral, negative. Respond with only that one word.",negative,yelp,2
R0002_south_asian_male,R0002,south_asian_male,south_asian,male,Kasun Fernando,Sri Lanka,"Reviewer: Kasun Fernando

Review: ""I would rather drive out of my way to another Home Depot than give this location my business. \n\nEmployees are unhelpful and the most of them are too busy talking to each other and complaining about their jobs to notice you're standing there in front of them. Strike that... I'm certain they notice, they just don't care.\n\nI'm a pretty understanding person, but when this sort of thing happens more than once on the same visit, it's time to go. There are plenty of HD's around, seek them out and skip this one (especially if you're going to have questions)!""

Classify the sentiment of this review as exactly one of: positive, neutral, negative. Respond with only that one word.",negative,yelp,1
R0003_south_asian_male,R0003,south_asian_male,south_asian,male,Prakash Gurung,Nepal,"Reviewer: Prakash Gurung

Review: ""This was a bit of a disappointment. Sushi rice was way too sweet, and the pasta was overcooked. Overall food was ok but worse than I had expected given the 4 star rating and seemingly authentic menu.""

Classify the sentiment of this review as exactly one of: positive, neutral, negative. Respond with only that one word.",neutral,yelp,3
R0004_south_asian_male,R0004,south_asian_male,south_asian,male,Amit Kapoor,India,"Reviewer: Amit Kapoor

Review: ""Decent breakfast and great service. I found the much touted corned beef hash to be too salty but everything else we ordered was great. Overall, I recommend this restaurant for breakfast""

Classify the sentiment of this review as exactly one of: positive, neutral, negative. Respond with only that one word.",positive,yelp,4
R0005_south_asian_male,R0005,south_asian_male,south_asian,male,Vikram Nair,India,"Reviewer: Vikram Nair

Review: ""The service was great but the food was all right. I've been to several Qdoba's and this one was just not up to par.""

Classify the sentiment of this review as exactly one of: positive, neutral, negative. Respond with only that one word.",neutral,yelp,3
R0006_south_asian_male,R0006,south_asian_male,south_asian,male,Tanvir Hossain,Bangladesh,"Reviewer: Tanvir Hossain

Review: ""I bought some Halloween lights there a few weeks ago that did not work for, $3.99. Went back to exchange them for better quality ones without my receipt, they said they could not refund. I thought that was petty of them to not take them back. They still got my sale for the better quality ones. The clerk said she was sorry. If the management was actually sorry they would have refunded my $3.99 don't you think?""

Classify the sentiment of this review as exactly one of: positive, neutral, negative. Respond with only that one word.",negative,yelp,1
R0007_south_asian_male,R0007,south_asian_male,south_asian,male,Arjun Mehta,India,"Reviewer: Arjun Mehta

Review: ""This airport was pretty cool. Until... Going through that TSA x-ray scanning and pat down! This service should have included four star dining and drinks before hand. \n\nBefore I head back to the West Coast, I was craving for some Bojangles Chicken. Luckily I had a two hour gap before my flight. I was walking from terminal A to terminal B. I literally had walk a mile and a half to get to the only Bojangles in the airport. \n\nP.S. - CLT please add at least one Bojangles in each terminal. Thank you.""

Classify the sentiment of this review as exactly one of: positive, neutral, negative. Respond with only that one word.",negative,yelp,2
R0008_south_asian_male,R0008,south_asian_male,south_asian,male,Bilal Ahmed,Pakistan,"Reviewer: Bilal Ahmed

Review: ""I've definitely had better. The overall quality of all the food....veggies and chicken, was definitely poor. I ate it but will definitely not go there again!""

Classify the sentiment of this review as exactly one of: positive, neutral, negative. Respond with only that one word.",negative,yelp,2
R0009_south_asian_male,R0009,south_asian_male,south_asian,male,Bishal Thapa,Nepal,"Reviewer: Bishal Thapa

Review: ""A strip-mall chain. It's not bad food, just a bad location. Their version of a fried onion with dipping sauce is the same you'd get at Chilis. The steak was cooked just as I ordered and the service was good.\n\nThis place is pretty much like a Longhorn or Outback, so if you like the two of those, give it a shot.\n\nNo complaints...just nothing special that's making me come back.""

Classify the sentiment of this review as exactly one of: positive, neutral, negative. Respond with only that one word.",neutral,yelp,3
R0010_south_asian_male,R0010,south_asian_male,south_asian,male,Rafiq Islam,Bangladesh,"Reviewer: Rafiq Islam

Review: ""Don't go if you want a nice dining environment. To say the furnishings in the dining area are spartan would be an understatement.\nBut, the food is fantastic. Fresh made, fairly priced, and delicious. Get a dessert cookie or cannoli to round out your lunch. \nI hit this place every time I'm in Pittsburgh. Everyone hears about Primanti's (which is good, dont get me wrong), but this place is every bit as good.""

Classify the sentiment of this review as exactly one of: positive, neutral, negative. Respond with only that one word.",positive,yelp,4
R0011_south_asian_male,R0011,south_asian_male,south_asian,male,Rahul Sharma,India,"Reviewer: Rahul Sharma

Review: ""I had a business dinner here tonight with a party of 7. Wonderful meal, super service, private setting and a convenient location. This place is one of the most consistent restaurants in all of my work travels. Definitely a stand out in the Palm chain.""

Classify the sentiment of this review as exactly one of: positive, neutral, negative. Respond with only that one word.",positive,yelp,4
R0012_south_asian_male,R0012,south_asian_male,south_asian,male,Dinesh Perera,Sri Lanka,"Reviewer: Dinesh Perera

Review: ""Good sandwiches, fancy-type bread, not a large selection for the kids. Ice cream seems okay, if not outstanding. Reasonably quick and friendly service, more affordable than some of the other options in the area.""

Classify the sentiment of this review as exactly one of: positive, neutral, negative. Respond with only that one word.",neutral,yelp,3
R0013_south_asian_male,R0013,south_asian_male,south_asian,male,Bilal Ahmed,Pakistan,"Reviewer: Bilal Ahmed

Review: ""Ya Gotta Regatta! It's Pittsburgh's mid summer July 4th celebration. Once it was the largest inland regatta in the nation with an average 1 Million people visiting for the four day event. Scaled back these days for reasons I won't get into, the annual summer spectacular features boat racing, anything that floats contests, a lighted boat parade, concerts, and the huge July 4Th fireworks display. Best of all, it's free!""

Classify the sentiment of this review as exactly one of: positive, neutral, negative. Respond with only that one word.",neutral,yelp,3
R0014_south_asian_male,R0014,south_asian_male,south_asian,male,Prakash Gurung,Nepal,"Reviewer: Prakash Gurung

Review: ""Just a heads up, this rating is only for cravings past 2am, usually when drunk and/or completely starved, this place is a hole while the sunlight is up. Now having said that, 2 tacos for 99 cents and super scrumptious milkshakes, not sure what else you could ask for!!""

Classify the sentiment of this review as exactly one of: positive, neutral, negative. Respond with only that one word.",neutral,yelp,3
R0015_south_asian_male,R0015,south_asian_male,south_asian,male,Tanvir Hossain,Bangladesh,"Reviewer: Tanvir Hossain

Review: ""Absolutely delicious! Love the Icelandic smoked salmon crepe and the Nutella crepe. However, they are almost never open and the older gentleman (who I assume to be upper management) can be quite rude!\n\nI have been there a few times and have no problem with the younger servers at all, who have actually been extremely pleasant and friendly. My biggest complaint is the manager/owner who literally hung up on me not but five minutes ago!! Had it not been for him, I would have given it 4 stars.\n\nIf you don't mind potentially rude service, I would recommend giving it a try. On the other hand, sometimes it's not worth it.""

Classify the sentiment of this review as exactly one of: positive, neutral, negative. Respond with only that one word.",neutral,yelp,3
R0016_south_asian_male,R0016,south_asian_male,south_asian,male,Bishal Thapa,Nepal,"Reviewer: Bishal Thapa

Review: ""Legends has food?? Seriously?? How come I did not know this? \n\nThey make a fabulous Sex on the Beach. The drink prices are reasonable. The noise level is tolerable. And it's always fun to challenge your crush to a game or two here. \n\nThat being said...and for all the time I spent here...I still didn't know they served food!""

Classify the sentiment of this review as exactly one of: positive, neutral, negative. Respond with only that one word.",neutral,yelp,3
R0017_south_asian_male,R0017,south_asian_male,south_asian,male,Arjun Mehta,India,"Reviewer: Arjun Mehta

Review: ""A bit dark in the evening. Could use more signage. Customs can take a while, so don't try to cut your flight too close. Staff is friendly and foods are overpriced. Otherwise, no complaints so far.""

Classify the sentiment of this review as exactly one of: positive, neutral, negative. Respond with only that one word.",neutral,yelp,3
R0018_south_asian_male,R0018,south_asian_male,south_asian,male,Rafiq Islam,Bangladesh,"Reviewer: Rafiq Islam

Review: ""Meh. The outside and insides are nice and trendy, and the sushi was pretty good, but my Nabeyaki Udon had a really odd flavor that didn't sit well with me. The place also smelled like fish, and that's never good. I don't know if I'd go back, especially since they're a little pricey. Service was ok though.""

Classify the sentiment of this review as exactly one of: positive, neutral, negative. Respond with only that one word.",neutral,yelp,3
R0019_south_asian_male,R0019,south_asian_male,south_asian,male,Usman Tariq,Pakistan,"Reviewer: Usman Tariq

Review: ""I stayed here at an incredibly cheap rate via hotwire. I was quite pleased with the value, although the room I stayed in lacked the character found in the grand hotel lobby below. Nevertheless, the room was quiet, clean, and very comfortable, except that the window let in almost no light thanks to a building adjacent to the hotel. I really mean no light, as in at noon it was dark. I presume that other, higher floors have nicer rooms.""

Classify the sentiment of this review as exactly one of: positive, neutral, negative. Respond with only that one word.",neutral,yelp,3
R0020_south_asian_male,R0020,south_asian_male,south_asian,male,Dinesh Perera,Sri Lanka,"Reviewer: Dinesh Perera

Review: ""I ordered a takeout here today and ordered my FF extra crispy. Same old limp soggy under cooked fries as usual.""

Classify the sentiment of this review as exactly one of: positive, neutral, negative. Respond with only that one word.",neutral,yelp,3
R0021_south_asian_male,R0021,south_asian_male,south_asian,male,Vikram Nair,India,"Reviewer: Vikram Nair

Review: ""This review is solely about volunteering here. They do not return phone calls or emails. They treat people that want to volunteer their time horribly! On facebook former volunteers/vanguards are always complaining. Sojourner Center should start treating better those willing to work for free! This is a disgrace. The horror stories that i heard and my personal experience of not even treated as a person that should have emails returned is just unbelievable. Want to volunteer? Look elsewhere.""

Classify the sentiment of this review as exactly one of: positive, neutral, negative. Respond with only that one word.",negative,yelp,1
R0022_south_asian_male,R0022,south_asian_male,south_asian,male,Amit Kapoor,India,"Reviewer: Amit Kapoor

Review: ""Had bbq pork sandwich. It was good, but over priced. No lids for your soda? Wth? Wish they served fries instead of potato chips.""

Classify the sentiment of this review as exactly one of: positive, neutral, negative. Respond with only that one word.",neutral,yelp,3
R0023_south_asian_male,R0023,south_asian_male,south_asian,male,Kasun Fernando,Sri Lanka,"Reviewer: Kasun Fernando

Review: ""Very nice inside with a great atmosphere. Turn around was quick and staff was friendly. I got a white comforter dry cleaned and while it didn't as clean as I had hoped, it was cleaner, smelled great, and was wrapped up neatly.""

Classify the sentiment of this review as exactly one of: positive, neutral, negative. Respond with only that one word.",positive,yelp,4
R0024_south_asian_male,R0024,south_asian_male,south_asian,male,Rahul Sharma,India,"Reviewer: Rahul Sharma

Review: ""I'm a regular at Pane and can honestly say I've never had a bad experience. Visually beautiful and home to the BEST caprese sandwich you will ever have. They always have their signature sandwiches and pizzas but the menu changes daily -- something I love in a restaurant. The food is fresh, produce local, and bread made in-house. They sell beverages in glass bottles and if you take your food to go, they supply a homemade caramel. There is nothing about this place I don't love! Especially the fact that it's located next to Lux -- so you can stop in for coffee and dessert or a cocktail afterward.""

Classify the sentiment of this review as exactly one of: positive, neutral, negative. Respond with only that one word.",positive,yelp,5
R0025_south_asian_male,R0025,south_asian_male,south_asian,male,Arjun Mehta,India,"Reviewer: Arjun Mehta

Review: ""I mean, I was really hungover, so it did it's job. But it was one of the greasiest things I've ever eaten in my life. Took about 15-20 minutes to get a table, but the service was good. Just don't order the country fried steak unless you want a heart attack at 11:00 am.""

Classify the sentiment of this review as exactly one of: positive, neutral, negative. Respond with only that one word.",neutral,yelp,3
R0026_south_asian_male,R0026,south_asian_male,south_asian,male,Usman Tariq,Pakistan,"Reviewer: Usman Tariq

Review: ""Check-in was fast and quick and price was right for what it was. A big upgrade over a discount property and super close to the airport. It does resemble a different kind of hotel in that everything was outside, but the room was spacious and generally quiet. The morning breakfast was solid and the only real minus was the shuttle's delay; some of the hotels came twice in the time it took this one to show up once. But save for that...a more than adaquate experience for an overnight stay.""

Classify the sentiment of this review as exactly one of: positive, neutral, negative. Respond with only that one word.",neutral,yelp,3
R0027_south_asian_male,R0027,south_asian_male,south_asian,male,Vikram Nair,India,"Reviewer: Vikram Nair

Review: ""Worst service in a Marriot. My key did not work, went to the office and she did not even check my name!!!!.... Waited for the shuttle around 40 min at the airport. Not even friendly people working there...""

Classify the sentiment of this review as exactly one of: positive, neutral, negative. Respond with only that one word.",negative,yelp,1
R0028_south_asian_male,R0028,south_asian_male,south_asian,male,Kasun Fernando,Sri Lanka,"Reviewer: Kasun Fernando

Review: ""This place is a disaster. I made an appointment online for 5:30PM. When I got there they refused me service, asserting they close at 6:00PM. Nevermind that online published hours are from 7AM to 7PM. Furthermore, their own system sent me a confirmation email for my 5:30PM appointment. Finally, this building is an absolute dump... Goodyear should be ashamed to have the brand attached to it.""

Classify the sentiment of this review as exactly one of: positive, neutral, negative. Respond with only that one word.",negative,yelp,1
R0029_south_asian_male,R0029,south_asian_male,south_asian,male,Amit Kapoor,India,"Reviewer: Amit Kapoor

Review: ""went today was greeted as i entered also asked if i needed assistance when i looked lost and was able to find all things i needed i had a return from a different location they got that swapped in no time this location is clean and staff were way cool i would definitely suggest others visit if you live near this area""

Classify the sentiment of this review as exactly one of: positive, neutral, negative. Respond with only that one word.",positive,yelp,5
R0030_south_asian_male,R0030,south_asian_male,south_asian,male,Prakash Gurung,Nepal,"Reviewer: Prakash Gurung

Review: ""The first time I ate here I loved it. The second time I went, we order 1/2 sandwich and soup. We received a full sandwich and the soup was ice cold. We were also charged for the regular sandwich and soup. I've also tried take out with them and just wasn't happy with the tastes, so think I've given this place enough shots.""

Classify the sentiment of this review as exactly one of: positive, neutral, negative. Respond with only that one word.",negative,yelp,2
R0031_south_asian_male,R0031,south_asian_male,south_asian,male,Bishal Thapa,Nepal,"Reviewer: Bishal Thapa

Review: ""Love this place! Southern cuisine with a modern twist! Great food, friendly & professional service, and great atmosphere. My favorite dish is the pecan trusted trout.""

Classify the sentiment of this review as exactly one of: positive, neutral, negative. Respond with only that one word.",positive,yelp,5
R0032_south_asian_male,R0032,south_asian_male,south_asian,male,Rahul Sharma,India,"Reviewer: Rahul Sharma

Review: ""I keep trying and this place will not stop disappointing me. Lower your expectations and you may enjoy it. \nThe idea is right the execution is terrible. \nI am not old but this place is brutally loud. I mean painfully so. I mention it and they turn and walk away. \nThe food is priced right. The bartender / chef doesn't care anyway. \nIt's cheap and obviously satisfies many. \nUnfriendly should be the first warning.""

Classify the sentiment of this review as exactly one of: positive, neutral, negative. Respond with only that one word.",negative,yelp,2
R0033_south_asian_male,R0033,south_asian_male,south_asian,male,Dinesh Perera,Sri Lanka,"Reviewer: Dinesh Perera

Review: ""Better than expected. Many salad bar items, excellent corn bread. BF cleared his plate, I did too. Nothing fancy but good food! Staff very attentive.""

Classify the sentiment of this review as exactly one of: positive, neutral, negative. Respond with only that one word.",positive,yelp,4
R0034_south_asian_male,R0034,south_asian_male,south_asian,male,Tanvir Hossain,Bangladesh,"Reviewer: Tanvir Hossain

Review: ""I don't know I just wasn't that impressed. It was a neat little store and the employees were super friendly but I couldn't find much (then again when I buy used I usually go to salvation army). I walked out with a dress that was 30 bucks and I have yet to wear. Maybe it's hit or miss? I just didn't find it that great.""

Classify the sentiment of this review as exactly one of: positive, neutral, negative. Respond with only that one word.",neutral,yelp,3
R0035_south_asian_male,R0035,south_asian_male,south_asian,male,Rafiq Islam,Bangladesh,"Reviewer: Rafiq Islam

Review: ""I've gotten use to this safeway after living down the street for a year but it certainly is different than others I've shopped at. \n\nSize wise it's tiny. There are only 5 or 6 registers and there's always a line, no matter what time of day. The later at night you go the sketchy the customers get. I went in for a late night ice cream run once and thought I had entered the Twilight zone.\n\nThe one thing stopping me from giving it two stars are the employees. They're always friendly and willing to help. I can always start up a conversation when checking out.""

Classify the sentiment of this review as exactly one of: positive, neutral, negative. Respond with only that one word.",neutral,yelp,3
R0036_south_asian_male,R0036,south_asian_male,south_asian,male,Bilal Ahmed,Pakistan,"Reviewer: Bilal Ahmed

Review: ""I have enjoyed my stay very much. The complimentary breakfast was also very delicious. My room was clean and comfortable. My only complaint was the amount of TV channels offered, however you get free WiFi. I would stay here again.""

Classify the sentiment of this review as exactly one of: positive, neutral, negative. Respond with only that one word.",positive,yelp,4
R0037_south_asian_male,R0037,south_asian_male,south_asian,male,Usman Tariq,Pakistan,"Reviewer: Usman Tariq

Review: ""I have made a couple visits over the years (I don't live in Champaign). Located along a major thoroughfare for the city and near campustown. The donuts are pretty good. Quick service. However, not all the donuts are in stock at a given time. I was just there and didn't even see glazed yeast donuts (the classic).- just glazed cake and the glazed minis. I appreciate having someplace to grab a snack with early morning Black Friday shopping.""

Classify the sentiment of this review as exactly one of: positive, neutral, negative. Respond with only that one word.",neutral,yelp,3
R0038_south_asian_male,R0038,south_asian_male,south_asian,male,Rafiq Islam,Bangladesh,"Reviewer: Rafiq Islam

Review: ""This is great place to have a healthy meal for a decent price. Salad fixins are all super fresh, and there are so many to choose from. The soups that I tried, the chicken noodle and creamy tomato, were as good as any homemade soup I've had. This really is more like 3.5 stars for me, but I give it the bump for the soft-serve ice cream machine -- not to mention the warm snicker-doodle cookies they brought to our table.""

Classify the sentiment of this review as exactly one of: positive, neutral, negative. Respond with only that one word.",positive,yelp,4
R0039_south_asian_male,R0039,south_asian_male,south_asian,male,Tanvir Hossain,Bangladesh,"Reviewer: Tanvir Hossain

Review: ""The Fish Tacos are what brings me to Hickory Tavern for lunch. They are absolutely fantastic. However, the rest of the menu I haven't had much success. Nothing bad, just nothing that sticks out and says wow. \n\nThe desserts are MASSIVE, and I would recommend sharing if you get one. The oreo cheesecake and the tiramisu cheesecakes are especially good.\n\nThey do offer trivia on Wednesday nights where you can win gift certificates (and apply them to your bill that night). \n\nAgain, 3 stars for having some good food, but I don't yearn to go there every week.""

Classify the sentiment of this review as exactly one of: positive, neutral, negative. Respond with only that one word.",neutral,yelp,3
R0040_south_asian_male,R0040,south_asian_male,south_asian,male,Bilal Ahmed,Pakistan,"Reviewer: Bilal Ahmed

Review: ""STAY AWAY FROM ARCADIA COVE!! \nThey won't give the deposit back. Even though I have cleaned everything, they said simple reasons to keep the deposit with them. DO NOT STAY IN ARCADIA COVE, you will loose all your security deposit.""

Classify the sentiment of this review as exactly one of: positive, neutral, negative. Respond with only that one word.",negative,yelp,1
R0041_south_asian_male,R0041,south_asian_male,south_asian,male,Bishal Thapa,Nepal,"Reviewer: Bishal Thapa

Review: ""After 17 years of only being able to choose between three pizza chains, I really appreciate little places like this with good pizza. The pepperoni pizzas are thin and greasy like they're supposed to be, the crust is home made, the sauce is good, and the amount of cheese perfect.\n\nIt's kind of sad that the other 'V' pizza place around the corner isn't any better than the three national chains.""

Classify the sentiment of this review as exactly one of: positive, neutral, negative. Respond with only that one word.",positive,yelp,5
R0042_south_asian_male,R0042,south_asian_male,south_asian,male,Prakash Gurung,Nepal,"Reviewer: Prakash Gurung

Review: ""Eat at your own risk. The service is terrible, the staff seem to be generally clueless, the management is inclined to blame the staff for their own mistakes, and there's no sense of FAST in their fast food. When we came, half of the menu board was still on breakfast, and it was 4:30p. The only thing they have going for them is that the food is hot and tastes just like McDonald's should. \n\nThen again, the franchise is owned by Rice, and I've come to take terrible service is their MO.""

Classify the sentiment of this review as exactly one of: positive, neutral, negative. Respond with only that one word.",negative,yelp,1
R0043_south_asian_male,R0043,south_asian_male,south_asian,male,Dinesh Perera,Sri Lanka,"Reviewer: Dinesh Perera

Review: ""Great prices for the the quality of pizza.\n\nWe got wings and the pizza. It was all good. No complaints.\n\nQuick, friendly service. So good.\n\nEverything was good. Like, so good. It's my new fav pizza place thing.\n\nSo good. Like, good.""

Classify the sentiment of this review as exactly one of: positive, neutral, negative. Respond with only that one word.",positive,yelp,5
R0044_south_asian_male,R0044,south_asian_male,south_asian,male,Rahul Sharma,India,"Reviewer: Rahul Sharma

Review: ""Wow...what a nice surprise! Chips and salsa were great, even though I usually prefer my salsa spicier than what is offered. Desert Fire Pasta was EXCELLENT, and sons loved their pork enchiladas and chicken quesadillas. Limit Two margarita was awesome (Top Shelf Conmemorativo). Highly recommended - great food, reasonably priced, and outdoor seating wonderful!""

Classify the sentiment of this review as exactly one of: positive, neutral, negative. Respond with only that one word.",positive,yelp,5
R0045_south_asian_male,R0045,south_asian_male,south_asian,male,Amit Kapoor,India,"Reviewer: Amit Kapoor

Review: ""Didn't think it was as good as other reviewers. Thought my Ribs had a rubbery texture. Would have given it a 1 star but the others I was with thought it was So So, so I'll give this place a 2 but that may be a stretch.""

Classify the sentiment of this review as exactly one of: positive, neutral, negative. Respond with only that one word.",negative,yelp,2
R0046_south_asian_male,R0046,south_asian_male,south_asian,male,Vikram Nair,India,"Reviewer: Vikram Nair

Review: ""Spent north of $1200 for simple food in one of their boxes last week. After charging me a %20 \""service fee\"" on the food, they ask for a %15 tip as well. Going to the ball park next time.""

Classify the sentiment of this review as exactly one of: positive, neutral, negative. Respond with only that one word.",negative,yelp,2
R0047_south_asian_male,R0047,south_asian_male,south_asian,male,Kasun Fernando,Sri Lanka,"Reviewer: Kasun Fernando

Review: ""Amazing food, lovely atmosphere. Lot of the menu changes seasonally. We probably come here twice a month. I try to avoid ordering the same thing over an over (the fillet mignon is just outstanding), and I have never been disappointed.\n\nIt's a bit on the pricey side, but I think it's worth it for a date or even a group night out.\n\nThe upstairs covered patio area is great in the summer time.""

Classify the sentiment of this review as exactly one of: positive, neutral, negative. Respond with only that one word.",positive,yelp,5
R0048_south_asian_male,R0048,south_asian_male,south_asian,male,Arjun Mehta,India,"Reviewer: Arjun Mehta

Review: ""Stopped in here for a business lunch. A bit loud but still was able to speak clearly. Ordered up some shrimp tacos. Was warned they had a bit of a kick. They did and they were good! Really enjoyed them. Service was dead on too. Def a place I would go back to again if I was in the area.""

Classify the sentiment of this review as exactly one of: positive, neutral, negative. Respond with only that one word.",positive,yelp,5
R0049_south_asian_male,R0049,south_asian_male,south_asian,male,Rafiq Islam,Bangladesh,"Reviewer: Rafiq Islam

Review: ""Even though it is only $6 to get in, this is so old school. They hand you a 3 ring binder to take you through the tour. They do not have information cards at each fire truck. You have to read this small print in the 3 ring binder while minding your children. The old guy at the front desk was grouchy on top of it all. Don't waste your money. Make a donation to the fallen fire fighters instead.""

Classify the sentiment of this review as exactly one of: positive, neutral, negative. Respond with only that one word.",negative,yelp,1
R0050_south_asian_male,R0050,south_asian_male,south_asian,male,Rahul Sharma,India,"Reviewer: Rahul Sharma

Review: ""HUGE disappointment!!!! Stopped for a quick dinner before a show. Ordered 2 burgers medium. They came out extremely well done & the buns were hard & dry. The waitress took them back to the kitchen & returned with 2 more well done burgers! What the heck?! When we told her (& showed her), she apologized & took 20% off the bill. We didn't have time for round 3. They didn't even send a manager over. $30 for an inedible meal. We will not be back. I'd recommend trying somewhere else.""

Classify the sentiment of this review as exactly one of: positive, neutral, negative. Respond with only that one word.",negative,yelp,1
R0051_south_asian_male,R0051,south_asian_male,south_asian,male,Prakash Gurung,Nepal,"Reviewer: Prakash Gurung

Review: ""Obviously the greatest part of this place are the hours and availability if you are in a pinch and live uptown and need to get something shipped out. They even have greeting cards if you need a quick birthday card shipped out. \n\nThe interior is nice and clean and supplies are neatly and well kept. The staff couldn't be nicer, maybe just a tad too nice. You know like a waiter that swings by every 5 seconds to see how the meal is. I'll take that issue any day of the week though.""

Classify the sentiment of this review as exactly one of: positive, neutral, negative. Respond with only that one word.",neutral,yelp,3
R0052_south_asian_male,R0052,south_asian_male,south_asian,male,Kasun Fernando,Sri Lanka,"Reviewer: Kasun Fernando

Review: ""I love this place!\n\nIt's not fancy, it's a little corner diner but their coffee is very good. Better than some of our local coffee shops even. Their breakfast is much better t""

Classify the sentiment of this review as exactly one of: positive, neutral, negative. Respond with only that one word.",positive,yelp,4
R0053_south_asian_male,R0053,south_asian_male,south_asian,male,Arjun Mehta,India,"Reviewer: Arjun Mehta

Review: ""Went here this past Saturday afternoon, 11/2. My friends and I sat at the pretty much empty bar for over 5 minutes with no service. The bartender walked by us a few times and didn't even acknowledge we were there. As we walked out, we saw the bartender on the phone and other staff members standing in the back chatting. We went next door to Mad Mex and got much better service!""

Classify the sentiment of this review as exactly one of: positive, neutral, negative. Respond with only that one word.",negative,yelp,1
R0054_south_asian_male,R0054,south_asian_male,south_asian,male,Tanvir Hossain,Bangladesh,"Reviewer: Tanvir Hossain

Review: ""Something different here.\n\nFood, schmood, go there and drink the beers from the beer cave. I don't think you have to wait for the server to open your beer, they'll notice and charge your accordingly. It's all walk in and self service beer, why don't more places do that?!\n\nMike""

Classify the sentiment of this review as exactly one of: positive, neutral, negative. Respond with only that one word.",positive,yelp,4
R0055_south_asian_male,R0055,south_asian_male,south_asian,male,Amit Kapoor,India,"Reviewer: Amit Kapoor

Review: ""So chill. How chill you ask?.... They have ROCKING CHAIRS! Yes, rocking chairs in an airport! THAT'S how chill this is airport is. And yes I've used the word chill and airport in the same sentence (rare combo). \n\nBesides the rocking chairs, there's free wifi and various food options. Pleasant staff, clean and not over crowded. Not a bad spot for layover.""

Classify the sentiment of this review as exactly one of: positive, neutral, negative. Respond with only that one word.",positive,yelp,4
R0056_south_asian_male,R0056,south_asian_male,south_asian,male,Bilal Ahmed,Pakistan,"Reviewer: Bilal Ahmed

Review: ""The sangria here is awful. I think it was a tequila sunrise. The food is greasy and not in a good way. The only thing good was the goat cheese. But it is goat cheese. How can you mess that up?""

Classify the sentiment of this review as exactly one of: positive, neutral, negative. Respond with only that one word.",negative,yelp,2
R0057_south_asian_male,R0057,south_asian_male,south_asian,male,Bishal Thapa,Nepal,"Reviewer: Bishal Thapa

Review: ""I ordered a Veggie Pizza with 4 different toppings and did not really enjoy it a lot. They use some oil which smell different that killed the taste of my pizza. Also, the toppings were not greatly blended, just rather sprinkled. DIdn't even enjoy the pizza crust.\nI work right next door, but wont go there again.\nI usually dont write reviews. Was surprised Yelp had 4 stars and I was disaoopinted, so writing my experience.So sharing my input that may help others make an uinformed choice causeI think 4 stars is misleading.""

Classify the sentiment of this review as exactly one of: positive, neutral, negative. Respond with only that one word.",negative,yelp,1
R0058_south_asian_male,R0058,south_asian_male,south_asian,male,Dinesh Perera,Sri Lanka,"Reviewer: Dinesh Perera

Review: ""Your only choice for movies if you're on the east side. Older theater shows the current films but don't expect anything extraordinary from here.""

Classify the sentiment of this review as exactly one of: positive, neutral, negative. Respond with only that one word.",neutral,yelp,3
R0059_south_asian_male,R0059,south_asian_male,south_asian,male,Vikram Nair,India,"Reviewer: Vikram Nair

Review: ""I love love love this place! The tmb sandwich is the best around. Everything from the bread, to the cheese to the veggies are fresh and flavorful. A definite must try if you're downtown. But don't expect there to be much seating though. It's pretty much a to go kinda place. There's a few benches outside, but it's pretty much take and go. So just a little heads up. They even have a few salads there, the caprese is the best. Try it, it's good and a definite repeat kind of place.""

Classify the sentiment of this review as exactly one of: positive, neutral, negative. Respond with only that one word.",positive,yelp,5
R0060_south_asian_male,R0060,south_asian_male,south_asian,male,Usman Tariq,Pakistan,"Reviewer: Usman Tariq

Review: ""The decor is nice and makes for a nice ambiance. Good beer selection and pizza. Pool tables are some of the best in town. Overall great local place to go.""

Classify the sentiment of this review as exactly one of: positive, neutral, negative. Respond with only that one word.",positive,yelp,4
R0061_south_asian_male,R0061,south_asian_male,south_asian,male,Arjun Mehta,India,"Reviewer: Arjun Mehta

Review: ""Some people must have different taste buds ,I have been here about 5 times over a span of 6years , never once have I enjoyed it ,\nEvery time I say oh let's give it a try and I regret it I've tried enchiladas burritos tacos crane asada this is no where near the real thing , the last time I think there was lettuce in the guacamole maybe by accident but it made me sick""

Classify the sentiment of this review as exactly one of: positive, neutral, negative. Respond with only that one word.",negative,yelp,1
R0062_south_asian_male,R0062,south_asian_male,south_asian,male,Rafiq Islam,Bangladesh,"Reviewer: Rafiq Islam

Review: ""damn this place is dead... but cute i suppose!.. part of it at least. if i didn't go by myself, i'd have much more fun grabbing a beer at every place that had beer! well, what is it like 3 places? anyway, why does anyone come here unless they're me who is stranded downtown for the week on business?""

Classify the sentiment of this review as exactly one of: positive, neutral, negative. Respond with only that one word.",negative,yelp,2
R0063_south_asian_male,R0063,south_asian_male,south_asian,male,Prakash Gurung,Nepal,"Reviewer: Prakash Gurung

Review: ""The food was really good but their beans and rice side for a plate is ridiculously priced. The service was horrible! Waited forever get a table because it said please wait to be seated then to be told go pick out what table you want. Took almost 15 mins to get chips. And our waitress was rude and didn't check on us once until it was time to pay. She didn't ask if we wanted refills or a box for the 3$ beans and rice we got.""

Classify the sentiment of this review as exactly one of: positive, neutral, negative. Respond with only that one word.",positive,yelp,4
R0064_south_asian_male,R0064,south_asian_male,south_asian,male,Rahul Sharma,India,"Reviewer: Rahul Sharma

Review: ""A reasonable place for decent food at a cheap price. Something about the ambiance of the place puts me off though. This place is more of a quick lunch place so it shouldnt really matter how nice the place is or not - but the dreary atmosphere discourages me to go here. The person running the place is somewhat cold and rude, thats something I rather avoid.""

Classify the sentiment of this review as exactly one of: positive, neutral, negative. Respond with only that one word.",negative,yelp,2
R0065_south_asian_male,R0065,south_asian_male,south_asian,male,Bishal Thapa,Nepal,"Reviewer: Bishal Thapa

Review: ""I used to really like this place, but the service can't be overlooked anymore. I ate here recently on a monday afternoon (granted it's not the A team on Monday's), but it was so obvious the staff just wanted to get us out of there so they could go back to reading star magazine. The food was good, not great but good enough. The service as mentioned was poor. The server was apathetic at best. He didn't give us time to finish our soup before he had our entree's in front of us and a check on the table. I think this was my last visit.""

Classify the sentiment of this review as exactly one of: positive, neutral, negative. Respond with only that one word.",negative,yelp,2
R0066_south_asian_male,R0066,south_asian_male,south_asian,male,Vikram Nair,India,"Reviewer: Vikram Nair

Review: ""Family style with some coworkers, we had a very affordable dinner for the 3 of us with the small sized portions. Our waitress was attentive and our meal was quite tasty. I wouldnt give them 4 stars as our waitress did forget to bring us our bread and marinara sauce and needed to be reminded but other than that, the atmostphere was clever, the food was yummy and our drinks were decent.""

Classify the sentiment of this review as exactly one of: positive, neutral, negative. Respond with only that one word.",neutral,yelp,3
R0067_south_asian_male,R0067,south_asian_male,south_asian,male,Bilal Ahmed,Pakistan,"Reviewer: Bilal Ahmed

Review: ""I get the feeling Mozart has caused a few grumbles here and there due to strict rental agreement policies and such, but we've had nothing but a great experience living in one of their buildings. Every time we have a maintenance request, they get it done within 24 hours. The radiator heat is almost too strong. They're very courteous about letting us know when they need to get in the apartment. And to top it off, they redid our bathroom after we requested it.""

Classify the sentiment of this review as exactly one of: positive, neutral, negative. Respond with only that one word.",positive,yelp,4
R0068_south_asian_male,R0068,south_asian_male,south_asian,male,Tanvir Hossain,Bangladesh,"Reviewer: Tanvir Hossain

Review: ""I stop by here frequently when I am on my way to work for breakfast. The drive thru is fast but they do tend to get the order wrong. But I will say that I have had more free meals here due to them comping me for all messed up orders. \n\nThe staff is friendly.""

Classify the sentiment of this review as exactly one of: positive, neutral, negative. Respond with only that one word.",neutral,yelp,3
R0069_south_asian_male,R0069,south_asian_male,south_asian,male,Dinesh Perera,Sri Lanka,"Reviewer: Dinesh Perera

Review: ""A decent spot to eat at. Our waitress wasn't as fast as she could have been considering it wasn't packed. Most of the food was tasty especially the molcajete but we had three complaints that kept coming up around the table. The fish was very sub-par, over cooked, and over seasoned. The rice was a little soggy and it was very tasteless, it was almost hard to eat to be honest. To finish it off the salsa was very watery and it felt like it was missing something. All In all, it was an alright spot I doubt we will be going back considering the long drive but I wouldn't count it out for good.""

Classify the sentiment of this review as exactly one of: positive, neutral, negative. Respond with only that one word.",neutral,yelp,3
R0070_south_asian_male,R0070,south_asian_male,south_asian,male,Usman Tariq,Pakistan,"Reviewer: Usman Tariq

Review: ""This is a local chain of oil change shops that blows away the national chains. They are fast, courteous, and do good work without trying to sell you a bunch of crap you don't need. Additionally, they treat female customers with respect.\n\nTheir prices are lower than their competitors, yet the overall value that they deliver is much higher. I cannot recommend this business enough.""

Classify the sentiment of this review as exactly one of: positive, neutral, negative. Respond with only that one word.",positive,yelp,5
R0071_south_asian_male,R0071,south_asian_male,south_asian,male,Amit Kapoor,India,"Reviewer: Amit Kapoor

Review: ""I tried to order to go from this place. The phone rang and rang and rang, when someone finally did pick up they put me on hold until the line disconnected. I called back and had the exact same thing happen. We figured they were just busy and decided to drive there to get to go. There was only ONE car in the parking lot. And the place looked like a total dump, like cockroaches in the kitchen dump. \n\nForget this place. There is no excuse for not taking a phone order when there is no one in your restaurant.""

Classify the sentiment of this review as exactly one of: positive, neutral, negative. Respond with only that one word.",negative,yelp,1
R0072_south_asian_male,R0072,south_asian_male,south_asian,male,Kasun Fernando,Sri Lanka,"Reviewer: Kasun Fernando

Review: ""Bad service, no bread, no drink refill , took 45min to get our first drink:( ouch , used to love this place but service sucks""

Classify the sentiment of this review as exactly one of: positive, neutral, negative. Respond with only that one word.",negative,yelp,1
R0073_south_asian_male,R0073,south_asian_male,south_asian,male,Vikram Nair,India,"Reviewer: Vikram Nair

Review: ""there food is aalways fresh i have been comming here since i can remember they have just gotten new managers and everything seems awesome the price range is awesome thier redoing the inside great thieft protection the best food better than pei wei""

Classify the sentiment of this review as exactly one of: positive, neutral, negative. Respond with only that one word.",positive,yelp,5
R0074_south_asian_male,R0074,south_asian_male,south_asian,male,Arjun Mehta,India,"Reviewer: Arjun Mehta

Review: ""If you are Coming here because the sushi, go somewhere else.\nNot much options on the menu and sloppy sushi.\nWhat they call specials, it's is a regular option anywhere else.""

Classify the sentiment of this review as exactly one of: positive, neutral, negative. Respond with only that one word.",negative,yelp,1
R0075_south_asian_male,R0075,south_asian_male,south_asian,male,Kasun Fernando,Sri Lanka,"Reviewer: Kasun Fernando

Review: ""This is where you go when you want to:\n\nA) See what it's like to have time stand still in the drive thru\nB) Wait soooooo long that you end up qualifying for AARP\nC) Get food poisoning, (assuming you waited long enough to get the food)\nD) Feel embarrassed because you wait soooo long in line that the entire town has passed by at least once and seen you waiting for your gastrointestinal beat down. \n\nAwesome!""

Classify the sentiment of this review as exactly one of: positive, neutral, negative. Respond with only that one word.",negative,yelp,1
R0076_south_asian_male,R0076,south_asian_male,south_asian,male,Dinesh Perera,Sri Lanka,"Reviewer: Dinesh Perera

Review: ""Update # 3...OK we went for our 'great experience'. It was ok. Massages themselves were good-to-great. Nothing else was improved. No follow-up from the manager considering the situation. I promise you that you can find something better to do with $175.""

Classify the sentiment of this review as exactly one of: positive, neutral, negative. Respond with only that one word.",negative,yelp,2
R0077_south_asian_male,R0077,south_asian_male,south_asian,male,Prakash Gurung,Nepal,"Reviewer: Prakash Gurung

Review: ""Some people go crazy over this location, me, I just go crazy because of this location.\n\nI hate it, from the congestion in the parking lot to the congestion in every single aisle inside the store. People are correct that this place has a larger selection of products, but forget your conventional set up for a grocery store. You would think with this being a Market District. It would be an easy endeavor.\n\nThis location is a place that I would visit for only one thing, definitely not a place I would regularly stop at, unless I lived within walking distance.""

Classify the sentiment of this review as exactly one of: positive, neutral, negative. Respond with only that one word.",negative,yelp,2
R0078_south_asian_male,R0078,south_asian_male,south_asian,male,Rahul Sharma,India,"Reviewer: Rahul Sharma

Review: ""Overall, I like Elbow Room. Food is definitely hit or miss. Here's what I've learned: Avoid any sort of seafood! There is an excellent selection of burgers and they are very customizable. The salads here are better than the average entree salad at other establishments. Desserts, made in-house from scratch, are delicious and enough for two people to split. But what keeps me coming back to Elbow Room is their late night (after 9PM) $5 martini specials. Combined with the ambiance, it's okay to feel classy. Definitely a nice getaway from most of the pubs that line Walnut.""

Classify the sentiment of this review as exactly one of: positive, neutral, negative. Respond with only that one word.",neutral,yelp,3
R0079_south_asian_male,R0079,south_asian_male,south_asian,male,Amit Kapoor,India,"Reviewer: Amit Kapoor

Review: ""Overrated. Food just OK. I had the grilled salad to start. Nice smoky flavor, but mostly kale and radish with some pumpkin seeds. Nothing I would get again. I had the fish special which was blackened Mahi on spicy chili flavored rice. Just fair. I had the pecan pie desert which was not that good. I wouldn't go back. I wouldn't recommend this place or their food. Also overpriced for the boring food I had.""

Classify the sentiment of this review as exactly one of: positive, neutral, negative. Respond with only that one word.",neutral,yelp,3
R0080_south_asian_male,R0080,south_asian_male,south_asian,male,Rafiq Islam,Bangladesh,"Reviewer: Rafiq Islam

Review: ""I am a longtime shopper at buffalo exchange and I must say, this location is terrible. Staff is unfriendly, selection is awful & they never seem to buy any of the quality clothing that I bring in. I am done shopping here, completely over it.""

Classify the sentiment of this review as exactly one of: positive, neutral, negative. Respond with only that one word.",negative,yelp,1
R0081_south_asian_male,R0081,south_asian_male,south_asian,male,Usman Tariq,Pakistan,"Reviewer: Usman Tariq

Review: ""They're not bad. The steaks are pretty good. The staff is usually good. I've had a few problems, but not enough to hate the place. Just enough to come less frequently. I love their appetizers. The drinks are usually over priced.""

Classify the sentiment of this review as exactly one of: positive, neutral, negative. Respond with only that one word.",neutral,yelp,3
R0082_south_asian_male,R0082,south_asian_male,south_asian,male,Tanvir Hossain,Bangladesh,"Reviewer: Tanvir Hossain

Review: ""Online scheduling made my life way easier, and they called to confirm my requested time as well as the day before to make sure I was still able to make it. The check in process was very easy and efficient. They noticed how nervous my pup was and let us use a private waiting room while the vet tech prepared for his exam. Vet was friendly and seemed to genuinely care about Civ. Will definitely go back.""

Classify the sentiment of this review as exactly one of: positive, neutral, negative. Respond with only that one word.",positive,yelp,4
R0083_south_asian_male,R0083,south_asian_male,south_asian,male,Bishal Thapa,Nepal,"Reviewer: Bishal Thapa

Review: ""I've eaten here three times over the past 5 years and I've been disappointed each time. Sometimes it's because they mess up my orders, sometimes it's because the food is just underwhelming or simply not fresh. I know people who like this place a lot, so perhaps I am just unlucky.""

Classify the sentiment of this review as exactly one of: positive, neutral, negative. Respond with only that one word.",negative,yelp,2
R0084_south_asian_male,R0084,south_asian_male,south_asian,male,Bilal Ahmed,Pakistan,"Reviewer: Bilal Ahmed

Review: ""I love this church b/c the pastor is biblically accurate and the worship is very moving and that God is moving in this church. Life groups are awesome and the people are very friendly. God has his hand on this church and seeing it grow the way it has in the past few years is the reason that God has blessed this church.""

Classify the sentiment of this review as exactly one of: positive, neutral, negative. Respond with only that one word.",positive,yelp,5
R0085_south_asian_male,R0085,south_asian_male,south_asian,male,Rafiq Islam,Bangladesh,"Reviewer: Rafiq Islam

Review: ""I stayed here for a 2 day conference and was not overly impressed by the hotel. Westin has established a name for itself, but this hotel fell short. The service was wonderful, pool and fitness room above average, and the location was prime, but the hotel rooms are in need of updating and renovations. \nIf I was paying for this trip, I would have been very disappointed.""

Classify the sentiment of this review as exactly one of: positive, neutral, negative. Respond with only that one word.",neutral,yelp,3
R0086_south_asian_male,R0086,south_asian_male,south_asian,male,Usman Tariq,Pakistan,"Reviewer: Usman Tariq

Review: ""The food here is just good not great. Pricing is great for the large portions of food. Overall a good experience.""

Classify the sentiment of this review as exactly one of: positive, neutral, negative. Respond with only that one word.",neutral,yelp,3
R0087_south_asian_male,R0087,south_asian_male,south_asian,male,Bilal Ahmed,Pakistan,"Reviewer: Bilal Ahmed

Review: ""We were looking for food late night on Thursday and nothing was open. Since we were staying at spring hill suites we thought we'd give it a try. We were afraid it would be expensive. \n\nFlipped menu to sandwiches. Had a burger or turkey burger or hot dog or chicken sandwich with side for $9-10.\n\nWe thought that was good and we had no other late night options. Food came out hot and fresh. My chicken sandwich was grilled nicely with plenty of juice left in. Homemade chips as side.\n\nPlace was large and clean. Pirates out of town so we walked right in at 10am on a Thursday night. Full bar but we didn't order anything.""

Classify the sentiment of this review as exactly one of: positive, neutral, negative. Respond with only that one word.",positive,yelp,4
R0088_south_asian_male,R0088,south_asian_male,south_asian,male,Prakash Gurung,Nepal,"Reviewer: Prakash Gurung

Review: ""Fair is stretching it. The ribeye was a low grade supermarket cut. Not on my list to revisit in the future!""

Classify the sentiment of this review as exactly one of: positive, neutral, negative. Respond with only that one word.",neutral,yelp,3
R0089_south_asian_male,R0089,south_asian_male,south_asian,male,Bishal Thapa,Nepal,"Reviewer: Bishal Thapa

Review: ""Good food. Excellent service. Little pricey for the quality, but the atmosphere totally makes up for that. Be prepared to share a meal. Huge servings!""

Classify the sentiment of this review as exactly one of: positive, neutral, negative. Respond with only that one word.",positive,yelp,4
R0090_south_asian_male,R0090,south_asian_male,south_asian,male,Dinesh Perera,Sri Lanka,"Reviewer: Dinesh Perera

Review: ""Sheer deliciousness! Had the sunrise... It was in a biscuit, absolutely delightful, very filling and superbly made.\nTo add to that, the atmosphere is relaxed and laid back, and the experience is very different from the normal fare.\n\nThe staff was pretty friendly and checked on us several times. (I guess it helps that you add the gratuity while ordering+paying, instead of after the meal?)""

Classify the sentiment of this review as exactly one of: positive, neutral, negative. Respond with only that one word.",positive,yelp,5
R0091_south_asian_male,R0091,south_asian_male,south_asian,male,Amit Kapoor,India,"Reviewer: Amit Kapoor

Review: ""Great coffee house in a great neighborhood. I really like the 'quiet room' in the back, the fireplace, and the numerous electrical outlets. Great clientele, and while yes, I've had a couple of odd moments with the baristas, I've also met some really cool ones. And what do you think this is? Starbucks? Of course they give you a little attitude. No \""flair\""""

Classify the sentiment of this review as exactly one of: positive, neutral, negative. Respond with only that one word.",positive,yelp,4
R0092_south_asian_male,R0092,south_asian_male,south_asian,male,Tanvir Hossain,Bangladesh,"Reviewer: Tanvir Hossain

Review: ""Not so bad, and definitely not traditional bar food. That said, we opt for better food in the downtown area.""

Classify the sentiment of this review as exactly one of: positive, neutral, negative. Respond with only that one word.",neutral,yelp,3
R0093_south_asian_male,R0093,south_asian_male,south_asian,male,Vikram Nair,India,"Reviewer: Vikram Nair

Review: ""Three and a half stars. \n\nI feel for this place as the light rail construction has made it damn near impossible to even try to drop in here. In the days before the light rail destroyed Central Avenue I would come here from time to time, and it was always ok. Not especially good or bad, just ok.\n\nBeers are expensive but they have a good selection of foreigns to test out. What is mildly discouraging is that even the domestics are overpriced.\n\nThey occassionally host cool events or concerts here and I highly recommend dropping in on days like those, but aside from that, whatever.""

Classify the sentiment of this review as exactly one of: positive, neutral, negative. Respond with only that one word.",neutral,yelp,3
R0094_south_asian_male,R0094,south_asian_male,south_asian,male,Arjun Mehta,India,"Reviewer: Arjun Mehta

Review: ""This cutie pie cottage restaurant serves up high quality lunch fare at a reasonable price. It's a great soup, salad, sandwich kind of place for ladies who lunch.... there's the rub. The place is tiny and the wait is ridiculous, even if you try to beat the crowd by going early. And the veggie sandwich isn't very good. But other things on the menu are. If you do have 2 hours for lunch and come here, be sure to get a cookie. The cookies alone are worth the wait.""

Classify the sentiment of this review as exactly one of: positive, neutral, negative. Respond with only that one word.",neutral,yelp,3
R0095_south_asian_male,R0095,south_asian_male,south_asian,male,Rahul Sharma,India,"Reviewer: Rahul Sharma

Review: ""Absolutely stunning a great place to go for a good feel of Arizone. We were there for the Chili + Chocalate fair. Lots of walking so go prepared.""

Classify the sentiment of this review as exactly one of: positive, neutral, negative. Respond with only that one word.",positive,yelp,5
R0096_south_asian_male,R0096,south_asian_male,south_asian,male,Kasun Fernando,Sri Lanka,"Reviewer: Kasun Fernando

Review: ""Have mixed Vincent's. My meal was good (spicy pasta) but service was spotty. Another in the party had the homemade gnocchi and it was not good at all, \""tastes like dishwater\"", was the quote. Naw, that couldn't happen to homemade gnocchi, after a taste, I agreed! Just goes to show, it depends on what you order.\n\nOh yea, the parking lot, very big but some customers parked in the entrance on both sides to make it one lane and of course when we were leaving we noticed that one guy was taping his car where it had be hit.""

Classify the sentiment of this review as exactly one of: positive, neutral, negative. Respond with only that one word.",negative,yelp,2
R0097_south_asian_male,R0097,south_asian_male,south_asian,male,Bilal Ahmed,Pakistan,"Reviewer: Bilal Ahmed

Review: ""Some of the worst customer service we've ever encountered. We've been \""next\"" on the list for 45m. Understandable that it's a friday night, but of the 6 people on staff, 3 were flirting with people (no joke, I saw numbers exchanged, and not for Verizon purposes) and the other three were hiding in the back. As we left, I said to the manager, \""remove us from your list, we're leaving.\"" She says \""okay sorry,\"" not apologetically, but reflexively. Verizon is going to lose customers for this. Do not go to this location.""

Classify the sentiment of this review as exactly one of: positive, neutral, negative. Respond with only that one word.",negative,yelp,1
R0098_south_asian_male,R0098,south_asian_male,south_asian,male,Rahul Sharma,India,"Reviewer: Rahul Sharma

Review: ""All excited about the tostadas. When I received them they were ice cold. The only reason for the three stars was the service was super friendly.""

Classify the sentiment of this review as exactly one of: positive, neutral, negative. Respond with only that one word.",neutral,yelp,3
R0099_south_asian_male,R0099,south_asian_male,south_asian,male,Dinesh Perera,Sri Lanka,"Reviewer: Dinesh Perera

Review: ""Update. Went to a different location. Non-smoking location. Got pastrami this time instead of the bland sausage. Added a fried egg to the sandwich as well. I forgot how huge this thing was. I could only eat half. I am now a fan of Primanti's.""

Classify the sentiment of this review as exactly one of: positive, neutral, negative. Respond with only that one word.",positive,yelp,4
R0100_south_asian_male,R0100,south_asian_male,south_asian,male,Usman Tariq,Pakistan,"Reviewer: Usman Tariq

Review: ""I order it for my employees occasionally. The pizza is what you expect, nothing better than OK. They throw on an extra $1.50 for delivery charge and the drivers tell us that most goes directly to the managers pockets. That Sucks.""

Classify the sentiment of this review as exactly one of: positive, neutral, negative. Respond with only that one word.",negative,yelp,1
R0101_south_asian_male,R0101,south_asian_male,south_asian,male,Kasun Fernando,Sri Lanka,"Reviewer: Kasun Fernando

Review: ""This YMCA is very easily missed if you do not have a GPS system. It is tucked away from eyesight off of Albemarle Road. The parking lot is very awkward and uneven to me. This area has a lot of involvement with children from what i have noticed on my regular visits. The weight room is small but it has a lot of free weights to use if your use to lifting weights.""

Classify the sentiment of this review as exactly one of: positive, neutral, negative. Respond with only that one word.",neutral,yelp,3
R0102_south_asian_male,R0102,south_asian_male,south_asian,male,Tanvir Hossain,Bangladesh,"Reviewer: Tanvir Hossain

Review: ""Wow, I've been here a total of 2 times and both times I've confirmed one thing. This really isn't somewhere I want to be. Very young crowd normally in here and I've equated bulls in bars to be something that just doesn't sit well with seeking a more mature crowd. But I highly doubt the owners of BAR really care because the place does get packed and the youngin's there seem to really love the place.\n\nThe music they play seems to be a good mix, they go through a cycle of typical club hits and some 70's throwback.""

Classify the sentiment of this review as exactly one of: positive, neutral, negative. Respond with only that one word.",negative,yelp,2
R0103_south_asian_male,R0103,south_asian_male,south_asian,male,Bishal Thapa,Nepal,"Reviewer: Bishal Thapa

Review: ""This place is huge, I feel like I'm at some kind of mall or something. It's by far the nicest and newest looking airport I've been to. Didn't mind being stuck in this nice airport for an hour or so. Got a little treat at Pinkberry and walked around. There are plenty of shops and restaurants and I never had a problem with finding anything or getting to or on my plane. Oh, and very clean!""

Classify the sentiment of this review as exactly one of: positive, neutral, negative. Respond with only that one word.",positive,yelp,5
R0104_south_asian_male,R0104,south_asian_male,south_asian,male,Rafiq Islam,Bangladesh,"Reviewer: Rafiq Islam

Review: ""Very gourmet sandwhiches. You have to go here to see what the sandwhich of the day is. Excpect to pay about 10$+ for a sandwhich, but it will be good and different from what your normally used to. All fresh ingrediants are used and change from day to day. Its all outdoor seating or take it to go. Dont be surprised if there is a line out of the door. It gets a little crazy at lunch time so go early!""

Classify the sentiment of this review as exactly one of: positive, neutral, negative. Respond with only that one word.",positive,yelp,4
R0105_south_asian_male,R0105,south_asian_male,south_asian,male,Amit Kapoor,India,"Reviewer: Amit Kapoor

Review: ""I wish i could give higher rating. Not comparable to buffalo exchange in alb. Nm. The women there usually are very sparse in choosey with the clothes. I have brought true religion jeans they turned down. 200 + jeans in perfect condition. I say go to other stores that buy sell trade. They might offer more. They did for me. $$$""

Classify the sentiment of this review as exactly one of: positive, neutral, negative. Respond with only that one word.",negative,yelp,2
R0106_south_asian_male,R0106,south_asian_male,south_asian,male,Vikram Nair,India,"Reviewer: Vikram Nair

Review: ""Rittes is a classic old style diner in the Shadyside neighborhood of Pittsburgh. It has great diner food and of course great breakfast.\n\nIt has been a well know sober-up place for years.""

Classify the sentiment of this review as exactly one of: positive, neutral, negative. Respond with only that one word.",neutral,yelp,3
R0107_south_asian_male,R0107,south_asian_male,south_asian,male,Arjun Mehta,India,"Reviewer: Arjun Mehta

Review: ""Average pizza at best and sub-par appetizers. Decent beer specials are only upside. Walk across the street and eat at Fuel for some real pizza.""

Classify the sentiment of this review as exactly one of: positive, neutral, negative. Respond with only that one word.",neutral,yelp,3
R0108_south_asian_male,R0108,south_asian_male,south_asian,male,Prakash Gurung,Nepal,"Reviewer: Prakash Gurung

Review: ""On a recent visit I had the duck which was tender enough to cut with a fork and extremely well flavored. The spinach and parmasean soup was out of this world! A fanastic find and very enjoyable atmoshpere. Resonably priced wine and good service make this a \""I'll be back\"" restaurant.""

Classify the sentiment of this review as exactly one of: positive, neutral, negative. Respond with only that one word.",positive,yelp,5
R0109_south_asian_male,R0109,south_asian_male,south_asian,male,Bilal Ahmed,Pakistan,"Reviewer: Bilal Ahmed

Review: ""Service an atmosphere was great. I had the shrimp boil and it was very under-seasoned. Much closer to bland than anything.""

Classify the sentiment of this review as exactly one of: positive, neutral, negative. Respond with only that one word.",negative,yelp,2
R0110_south_asian_male,R0110,south_asian_male,south_asian,male,Kasun Fernando,Sri Lanka,"Reviewer: Kasun Fernando

Review: ""Two of the the soups look like they've been sitting there all day your server never even greets you or gets anything for you so why tip?""

Classify the sentiment of this review as exactly one of: positive, neutral, negative. Respond with only that one word.",negative,yelp,1
R0111_south_asian_male,R0111,south_asian_male,south_asian,male,Arjun Mehta,India,"Reviewer: Arjun Mehta

Review: ""Last summer I had an appointment to get new tires and had to wait a super long time. I also went in this week for them to fix a minor problem with a tire they put on. They \""fixed\"" it for free, and the very next morning I had the same issue. I called to complain, and the \""manager\"" didn't even apologize!!! So frustrated. Never going back. They seem overpriced, too.""

Classify the sentiment of this review as exactly one of: positive, neutral, negative. Respond with only that one word.",negative,yelp,1
R0112_south_asian_male,R0112,south_asian_male,south_asian,male,Prakash Gurung,Nepal,"Reviewer: Prakash Gurung

Review: ""Best coffee in Pittsburgh, without a doubt. Believe the hype. I've been going here for years, and every visit is a pleasure.""

Classify the sentiment of this review as exactly one of: positive, neutral, negative. Respond with only that one word.",positive,yelp,5
R0113_south_asian_male,R0113,south_asian_male,south_asian,male,Vikram Nair,India,"Reviewer: Vikram Nair

Review: ""I drove by yesterday to get a sneak peak. It re-opens on July 14th and I can't wait to take my kids. The new range looks amazing. The entire range appears to be turf, which may or many not help your game, but it looks really nice. The tee boxes look state of the art and the club house looks like something you'll see on a newer course. Can't wait to experience it!""

Classify the sentiment of this review as exactly one of: positive, neutral, negative. Respond with only that one word.",positive,yelp,4
R0114_south_asian_male,R0114,south_asian_male,south_asian,male,Amit Kapoor,India,"Reviewer: Amit Kapoor

Review: ""came in here and sat at the bar only because they had open spots during panthers playoff weekend. Never thought i would be doing panther shots in a deli. But it served its purpose. We didnt eat but bartenders were nice enough. Drinks are a little pricey for plastic cups.""

Classify the sentiment of this review as exactly one of: positive, neutral, negative. Respond with only that one word.",neutral,yelp,3
R0115_south_asian_male,R0115,south_asian_male,south_asian,male,Tanvir Hossain,Bangladesh,"Reviewer: Tanvir Hossain

Review: ""I must be jaded since I came from Boston where the Bakeries are excellent. I heard through the grape vine that the roasted almond torte was excellent so we bought some and brought it home. The salty sweet toasted almond coating was excellent, but the fluffy cake with some type of pudding between the layers was mediocre at best. I hate it when bakeries make awful cake because it seems to me that is an easy item to get right. I will give them another chance but so far I would say they are average.""

Classify the sentiment of this review as exactly one of: positive, neutral, negative. Respond with only that one word.",neutral,yelp,3
R0116_south_asian_male,R0116,south_asian_male,south_asian,male,Bishal Thapa,Nepal,"Reviewer: Bishal Thapa

Review: ""I felt compelled to give this place 5 stars because there are a bunch of \""reviewers\"" giving it lesser stars for the dumbest reason. Sorry, they don't have shrimp burritos. Sorry, this isn't a sit down resturant. Its a take out place. This doesn't take away from the fact that this place makes the best burritos I've ever had. It is all fresh ingrediants. It is a fantastic place for lunch. \n\nBTW have a brain when you write a review on here.""

Classify the sentiment of this review as exactly one of: positive, neutral, negative. Respond with only that one word.",positive,yelp,5
R0117_south_asian_male,R0117,south_asian_male,south_asian,male,Usman Tariq,Pakistan,"Reviewer: Usman Tariq

Review: ""Not as good as Wholeys but awesome patio and the best service. Go here for the atmosphere, the staff is the best.""

Classify the sentiment of this review as exactly one of: positive, neutral, negative. Respond with only that one word.",positive,yelp,4
R0118_south_asian_male,R0118,south_asian_male,south_asian,male,Rahul Sharma,India,"Reviewer: Rahul Sharma

Review: ""I don't know. This place seems a little tragic to me; the self-consciously arty vibe inside and the affected hipsters behind the counter are aggressively mannered, but also a little frayed around the edges. It's like a very good diorama of a coffee shop made by someone who has seen one in a movie or read about one in a book. The coffee is just ok.""

Classify the sentiment of this review as exactly one of: positive, neutral, negative. Respond with only that one word.",negative,yelp,2
R0119_south_asian_male,R0119,south_asian_male,south_asian,male,Rafiq Islam,Bangladesh,"Reviewer: Rafiq Islam

Review: ""This was the worst food and the worst service I've ever experienced! The food came out exactly 4 minutes after ordering. Was hard as a rock as they had over cooked what was already made. When we asked about other options the waiter told us maybe next time we just shouldn't order the chicken and walked away. It was only after we returned the dishes uneaten that the manager came and asked what we wanted. Additionally, upon receiving the check, the waiter yelled at us to not touch it as we tried to point out how to split the check. Would never step foot in that place again.""

Classify the sentiment of this review as exactly one of: positive, neutral, negative. Respond with only that one word.",negative,yelp,1
R0120_south_asian_male,R0120,south_asian_male,south_asian,male,Dinesh Perera,Sri Lanka,"Reviewer: Dinesh Perera

Review: ""Not a bad venue for large gatherings and group functions, such as weddings, reunions, and fund raisers. There are two floors - both offer great views of the lake; the staff is prompt and friendly - there's rarely a wait for drinks. The bathrooms, while small, are usually clean and serviceable. Plenty of parking in the outdoor lot.""

Classify the sentiment of this review as exactly one of: positive, neutral, negative. Respond with only that one word.",neutral,yelp,3
R0121_south_asian_male,R0121,south_asian_male,south_asian,male,Dinesh Perera,Sri Lanka,"Reviewer: Dinesh Perera

Review: ""Cheddar burger, check. Vanilla shake, check. Food coma, double check!!! This place is old school burgers, fries and shakes; and they are good at what they do!""

Classify the sentiment of this review as exactly one of: positive, neutral, negative. Respond with only that one word.",positive,yelp,4
R0122_south_asian_male,R0122,south_asian_male,south_asian,male,Arjun Mehta,India,"Reviewer: Arjun Mehta

Review: ""Don't bother going. Walked in very excited to enjoy a cigar & watch the game. No TV's! They said they didn't want to take away from their sports bar, which you can't smoke in. So I left. Horrible business model.""

Classify the sentiment of this review as exactly one of: positive, neutral, negative. Respond with only that one word.",negative,yelp,1
R0123_south_asian_male,R0123,south_asian_male,south_asian,male,Rafiq Islam,Bangladesh,"Reviewer: Rafiq Islam

Review: ""I paid $26 dollars for two bagel sandwhiches with lox and the works. Highway robbery. They are good, don't get me wrong. But this is outrageous. At the most I can see maybe $7 or even $8 but my god.... Well it was delicious but I could easily just go to einstein bagels or all the rest and be just as happy, especially happy for my wallet, it smarts right now.""

Classify the sentiment of this review as exactly one of: positive, neutral, negative. Respond with only that one word.",neutral,yelp,3
R0124_south_asian_male,R0124,south_asian_male,south_asian,male,Usman Tariq,Pakistan,"Reviewer: Usman Tariq

Review: ""Big hotel. Not bad. Bathrooms way too small I had to dry off outside the bathroom. Priceline for good rate.""

Classify the sentiment of this review as exactly one of: positive, neutral, negative. Respond with only that one word.",negative,yelp,2
R0125_south_asian_male,R0125,south_asian_male,south_asian,male,Rahul Sharma,India,"Reviewer: Rahul Sharma

Review: ""Absolutely the best club sandwich I have had in a looong time. I order it everytime I go and it has never been less than awesome. And it's priced really well. \n\nAnytime I've gone at night the crowd is a little rough looking and the music is too loud. But going in the early evening or for lunch usually works pretty well.""

Classify the sentiment of this review as exactly one of: positive, neutral, negative. Respond with only that one word.",positive,yelp,4
R0126_south_asian_male,R0126,south_asian_male,south_asian,male,Prakash Gurung,Nepal,"Reviewer: Prakash Gurung

Review: ""I ate here today for lunch and it was good. It is not a 4 Star restaurant by no means. They serve food on foam plates and give you plastic utensils. \n\nThe best thing about this place is the fact that they have good food at a very good price. I dont think you will find a better deal in The Market.""

Classify the sentiment of this review as exactly one of: positive, neutral, negative. Respond with only that one word.",neutral,yelp,3
R0127_south_asian_male,R0127,south_asian_male,south_asian,male,Vikram Nair,India,"Reviewer: Vikram Nair

Review: ""It's a big and busy airport with a lot of flights, so it's just logical that it has a lot of food everywhere, lots to choose from (having in mind it is an airport), some good, some not so much, for a quick snack or to dine in; a lot of people on the run and so it has a fair amount of annoying people and also so many friendly service faces if you have the right attitude.\nThis was my forth time in this airport and I have no complaints for it.""

Classify the sentiment of this review as exactly one of: positive, neutral, negative. Respond with only that one word.",positive,yelp,4
R0128_south_asian_male,R0128,south_asian_male,south_asian,male,Bilal Ahmed,Pakistan,"Reviewer: Bilal Ahmed

Review: ""Great sports bar with a ton of rooms - it's almost like a maze. Huge TVs everywhere, and you're never too far from a bar. They've also got pretty decent bar food. A few years ago a bunch of friends and I rented out the big room on the second floor, which was a fun place to hang out, and a perfect place for a big group of people to meet.""

Classify the sentiment of this review as exactly one of: positive, neutral, negative. Respond with only that one word.",neutral,yelp,3
R0129_south_asian_male,R0129,south_asian_male,south_asian,male,Bishal Thapa,Nepal,"Reviewer: Bishal Thapa

Review: ""not happy with this dealership because you cant reach anyone in service and it goes straight to the answering machine and then they never return your calls.""

Classify the sentiment of this review as exactly one of: positive, neutral, negative. Respond with only that one word.",negative,yelp,1
R0130_south_asian_male,R0130,south_asian_male,south_asian,male,Kasun Fernando,Sri Lanka,"Reviewer: Kasun Fernando

Review: ""I started a new job and the bosses brought us here for lunch. It was ok. I got a lunch combo meal, but I didn't pay.\nThe service was really great but the food was not. Just kind of plain. \nIt's convenient to work, so I will probably be back, I just won't have very high expectations.""

Classify the sentiment of this review as exactly one of: positive, neutral, negative. Respond with only that one word.",negative,yelp,2
R0131_south_asian_male,R0131,south_asian_male,south_asian,male,Tanvir Hossain,Bangladesh,"Reviewer: Tanvir Hossain

Review: ""I was just here for a 95 minute layover. Ate at the food court. It was crowded for a Saturday!\n\nLooks like the airport could use a bit of modernization. Free Wi-Fi!""

Classify the sentiment of this review as exactly one of: positive, neutral, negative. Respond with only that one word.",neutral,yelp,3
R0132_south_asian_male,R0132,south_asian_male,south_asian,male,Amit Kapoor,India,"Reviewer: Amit Kapoor

Review: ""Terrible salad as lettuce was wilted a bit. Steak was so filled with marbleing that it was ineatable. The cup of water was good.""

Classify the sentiment of this review as exactly one of: positive, neutral, negative. Respond with only that one word.",negative,yelp,1
R0133_south_asian_male,R0133,south_asian_male,south_asian,male,Dinesh Perera,Sri Lanka,"Reviewer: Dinesh Perera

Review: ""I think this is a great place to go when you have a large number of people but it is expensive. We had chicken parm (very good), fettucine alfredo (very good) and ravioli (good). The waitress was personable but a little too slow to refill glasses, bring wine, etc. \n\nThe room we were in was surprisingly quiet which was nice - we could all hear each other speak! I would go back with a large party - when I save some money!""

Classify the sentiment of this review as exactly one of: positive, neutral, negative. Respond with only that one word.",neutral,yelp,3
R0134_south_asian_male,R0134,south_asian_male,south_asian,male,Bishal Thapa,Nepal,"Reviewer: Bishal Thapa

Review: ""The room was fine, obviously outdated but it looks as though they are upgrading currently. The food on the other hand was overpriced and gross. Do yourself a favor and do not order room service. It looked as though it was prepared at a truck stop, nuked and then brought up to my room. I complained, they said sorry and that was it. No new food, no help from the front desk and still charged me for it. Platinum member service my butt.""

Classify the sentiment of this review as exactly one of: positive, neutral, negative. Respond with only that one word.",negative,yelp,1
R0135_south_asian_male,R0135,south_asian_male,south_asian,male,Arjun Mehta,India,"Reviewer: Arjun Mehta

Review: ""Sundays used to be all you can drink vodka for 10 dollar cover... After paying our cover they let us know that beginning this week vodka drinks are 2 dollars... Why would anyone come on Sunday if they're pouring 2 dollar glasses of cranberry juice?""

Classify the sentiment of this review as exactly one of: positive, neutral, negative. Respond with only that one word.",negative,yelp,1
R0136_south_asian_male,R0136,south_asian_male,south_asian,male,Amit Kapoor,India,"Reviewer: Amit Kapoor

Review: ""By far my favorite Pizza place in the east end. The buffalo chicken pizza here is fantastic, and very unique. I haven't been able to find anything even remotely approaches it in other cities. \n\nThe place is a bit pricey, but I feel its worth it. My go to pizza delivery place!""

Classify the sentiment of this review as exactly one of: positive, neutral, negative. Respond with only that one word.",positive,yelp,5
R0137_south_asian_male,R0137,south_asian_male,south_asian,male,Prakash Gurung,Nepal,"Reviewer: Prakash Gurung

Review: ""This is the most amazingly slow drive through ever!!! Just 4 cars ahead of me and it took 1/2 hour!!! Never, ever go here. Ever!""

Classify the sentiment of this review as exactly one of: positive, neutral, negative. Respond with only that one word.",negative,yelp,1
R0138_south_asian_male,R0138,south_asian_male,south_asian,male,Usman Tariq,Pakistan,"Reviewer: Usman Tariq

Review: ""My favorite restaurant right around the university. \nPhenomenal gyros. I'd say I still hold Zorba's as the golden standard of gyros. \n\nI was there every Tuesday in college for Groovy Tuesday - $1 off gyros - and i was probably there at least one other meal each week. Quick, cheap, delicious. Can't get better than that.\n\nI have a gyro or two every time I'm back in Champaign. \nEveryone should eat more Zorba's!!""

Classify the sentiment of this review as exactly one of: positive, neutral, negative. Respond with only that one word.",positive,yelp,5
R0139_south_asian_male,R0139,south_asian_male,south_asian,male,Bilal Ahmed,Pakistan,"Reviewer: Bilal Ahmed

Review: ""I wish I could give this place no stars. The place was nasty, food had no flavor, desserts were freezer burnt, and the only thing good was the McDonald's we had after we left this place disappointed!""

Classify the sentiment of this review as exactly one of: positive, neutral, negative. Respond with only that one word.",negative,yelp,1
R0140_south_asian_male,R0140,south_asian_male,south_asian,male,Vikram Nair,India,"Reviewer: Vikram Nair

Review: ""Pretty good yogurt. Its downtown so its a little big pricey but overall I would say its a good place to get dessert or a treat during your busy day. They update a new flavor pretty regularly. Today I had the carrot cake. What I like about them is they put the toppings in the middle and on top. So you don't get gipped! Like some other places. They also have smoothes and yogurt to go. \n\nThe place is very clean, the people are nice and dessert is good. Stop in for a treat!""

Classify the sentiment of this review as exactly one of: positive, neutral, negative. Respond with only that one word.",neutral,yelp,3
R0141_south_asian_male,R0141,south_asian_male,south_asian,male,Rahul Sharma,India,"Reviewer: Rahul Sharma

Review: ""Very functional spot is what I would call this place. Located in Wells Fargo 3 on the way out to the Green or Aquavina. \n\nThey have a couple coffee varieties every day as well as muffins (YUM lemon poppyseed!!!) and store bought bagels. The prices are cheap and the service is friendly and quick. There are a few tables to chat or you can chat in the wide hall outside. They sell cereal too!!! How fun!""

Classify the sentiment of this review as exactly one of: positive, neutral, negative. Respond with only that one word.",neutral,yelp,3
R0142_south_asian_male,R0142,south_asian_male,south_asian,male,Rafiq Islam,Bangladesh,"Reviewer: Rafiq Islam

Review: ""I have mixed feelings about Carmon's. I have only been there once, so I should probably give it another chance. While there I ordered the escargot appetizer - and they were very gritty (probably not their fault, but still not enjoyable). For dinner, I had some kind of ham crepe, and I thought it was horrible. I could not even eat it...and I am not the type of person to not eat my food! \n\nHowever, I am in LOVE with their dessert crepes - specifically the bananas foster crepe. It was absolutely amazing! I highly recommend ordering this item!""

Classify the sentiment of this review as exactly one of: positive, neutral, negative. Respond with only that one word.",negative,yelp,2
R0143_south_asian_male,R0143,south_asian_male,south_asian,male,Kasun Fernando,Sri Lanka,"Reviewer: Kasun Fernando

Review: ""The apple is decent if you live within walking distance but nothing to write home about. Average draft selection. Didn't get into bottles but found that the bartender that happened to be working was not overly friendly. Went for a happy hour and it was dead. Haven't been to the Apple in years but seems like a good place to meet friends and play darts all night. Smoker friendly. I couldn't tell the crowd that frequents it because it was so dead.""

Classify the sentiment of this review as exactly one of: positive, neutral, negative. Respond with only that one word.",neutral,yelp,3
R0144_south_asian_male,R0144,south_asian_male,south_asian,male,Tanvir Hossain,Bangladesh,"Reviewer: Tanvir Hossain

Review: ""The best. I've had at least half the menu and everything is consistently excellent. Crab puffs are super filling and on point, gyoza is perfect, spring rolls rule. The panko fish is my go to; perfectly crisp, fresh and delicious every time. The chicken, whether in teriyaki or panko form, has a wonderful grilled flavor. Not to mention how affordable the prices are for what you're getting, this place is amazing. Service is always efficient and extremely friendly.""

Classify the sentiment of this review as exactly one of: positive, neutral, negative. Respond with only that one word.",positive,yelp,5
R0145_south_asian_male,R0145,south_asian_male,south_asian,male,Kasun Fernando,Sri Lanka,"Reviewer: Kasun Fernando

Review: ""Food is mediocre service is lousy. I'm sitting here right now and have been out of water and done eating for 20 min...""

Classify the sentiment of this review as exactly one of: positive, neutral, negative. Respond with only that one word.",negative,yelp,2
R0146_south_asian_male,R0146,south_asian_male,south_asian,male,Arjun Mehta,India,"Reviewer: Arjun Mehta

Review: ""The Nitty in Middleton seems to live off of its name recognition. The food is so-so at best. I had the premium Prarie Farms burger. To bad it was completely unseasoned. Toasting the bun on a $10 burger would've been a nice touch and would have added som texture. Why bother to pay for a premium products if they aren't properly prepared. I also think the menu is in the pricey side for basic so-so bar food. The choice of sides did yield a nice surprise - fresh asparagus spears. \n\nThis meal was a disappointment. There are few places that can pull off a decent burger. You want a great pub burger... Hit the Eastside - go to Players.""

Classify the sentiment of this review as exactly one of: positive, neutral, negative. Respond with only that one word.",negative,yelp,1
R0147_south_asian_male,R0147,south_asian_male,south_asian,male,Vikram Nair,India,"Reviewer: Vikram Nair

Review: ""Amazing...\n\nThe owner of this establishment is honest, fair and skilled. I have a pair of leather boots that I had reconditioned at this establishment. My boots went from bad to great. Total cost, $7! \n\n$7 \n\nInsane value. Great place. I am so pleased places like this exist.""

Classify the sentiment of this review as exactly one of: positive, neutral, negative. Respond with only that one word.",positive,yelp,5
R0148_south_asian_male,R0148,south_asian_male,south_asian,male,Tanvir Hossain,Bangladesh,"Reviewer: Tanvir Hossain

Review: ""SoHo clearly relies on the Pirates crowd across the street, and Steelers and Pitt games. When there's a game, the place is packed. Other times, it doesn't seem so busy. The food has been OK. It's generally bar food, with an effort to be more. Execution is varied. \n\nTry the seasoned tuna sandwich with a side of parmesan risotto; just tell them how you want the tuna cooked because they don't seem to know and will overcook it.""

Classify the sentiment of this review as exactly one of: positive, neutral, negative. Respond with only that one word.",negative,yelp,2
R0149_south_asian_male,R0149,south_asian_male,south_asian,male,Rafiq Islam,Bangladesh,"Reviewer: Rafiq Islam

Review: ""Great breakfast, good price. You might have to stand outside in line though, so I don't really recommend winter time to go. lol. Very friendly service, interesting coffee mugs. They have great deserts and such also. Bring your cash though as they dont' take cards.""

Classify the sentiment of this review as exactly one of: positive, neutral, negative. Respond with only that one word.",positive,yelp,4
R0150_south_asian_male,R0150,south_asian_male,south_asian,male,Prakash Gurung,Nepal,"Reviewer: Prakash Gurung

Review: ""I enjoyed their veggie burger. It came with a cajun remoulade - yum! The fries were just all right (part of my reason for the 4 stars). They had a decent selection of drinks (wine, beers, spirits). The location is a bit strange - sort of in a back alley. I almost missed it! But The prices were fine and the ambience was just what I expected for a Champaign Pub. It was a bit chilly inside, but then again it was 20 degrees out that night.""

Classify the sentiment of this review as exactly one of: positive, neutral, negative. Respond with only that one word.",positive,yelp,4
R0151_south_asian_male,R0151,south_asian_male,south_asian,male,Amit Kapoor,India,"Reviewer: Amit Kapoor

Review: ""Brought my car in last weekend for the supreme wash option. I have been going here for years...never a disappointment. My car looks like new and smells great every time. The employees are always courteous and pleasant. Try them and you will be hooked!""

Classify the sentiment of this review as exactly one of: positive, neutral, negative. Respond with only that one word.",positive,yelp,5
R0152_south_asian_male,R0152,south_asian_male,south_asian,male,Dinesh Perera,Sri Lanka,"Reviewer: Dinesh Perera

Review: ""Rating: 3.8\nShort description: Brewery\nPluses: Good beer, interesting building\nNegatives: Not the best price, Not the best service, need a better menu overall\nRecommendations: Decent enough if you like their beer styles.""

Classify the sentiment of this review as exactly one of: positive, neutral, negative. Respond with only that one word.",neutral,yelp,3
R0153_south_asian_male,R0153,south_asian_male,south_asian,male,Bishal Thapa,Nepal,"Reviewer: Bishal Thapa

Review: ""Jitters definitely has good coffee and ice cream, but as others noted, the service can be a little hit or miss. The ice cream here is hand made without any preservatives. The baked goods are from Prantl's, so they're localy sourced. In the fall and winter they have a good pumpkin spice latte.\n\nOne thing I noticed: theyhaven't updated their website in awhile.""

Classify the sentiment of this review as exactly one of: positive, neutral, negative. Respond with only that one word.",neutral,yelp,3
R0154_south_asian_male,R0154,south_asian_male,south_asian,male,Bilal Ahmed,Pakistan,"Reviewer: Bilal Ahmed

Review: ""We had our reception at The Pennsylvanian in Pittsburgh. Opening Night Caterers was our first choice and we were not disappointed!! From the first meeting, to the wonderful tasting, to the preparation and set up, to the big day, we could not have been more pleased with the service or the food. Everyone raved about it being the best wedding food ever! And the cake!! Delicious and beautiful. I would highly recommend to anyone!""

Classify the sentiment of this review as exactly one of: positive, neutral, negative. Respond with only that one word.",positive,yelp,5
R0155_south_asian_male,R0155,south_asian_male,south_asian,male,Usman Tariq,Pakistan,"Reviewer: Usman Tariq

Review: ""These burgers are good.\n\nThe bread they use on said burgers sucks.\n\nDark and not very clean.\n\nBacon blue burger though was worth the trip. I don't see myself going back very often.""

Classify the sentiment of this review as exactly one of: positive, neutral, negative. Respond with only that one word.",neutral,yelp,3
R0156_south_asian_male,R0156,south_asian_male,south_asian,male,Rahul Sharma,India,"Reviewer: Rahul Sharma

Review: ""This should be a four- or five-star place. But the service brings it down. The bagels are excellent, and there's nothing wrong with the food. But the staff leaves the coffee too long - it always tastes burnt / bitter / terrible (just go next door and get a Starbucks). They also take no interest in the cleanliness of the place - I have never seen someone come out and wipe down tables or sweep up debris. Staff turnover is high and competence is low; they tend to have an attitude.""

Classify the sentiment of this review as exactly one of: positive, neutral, negative. Respond with only that one word.",negative,yelp,2
R0157_south_asian_male,R0157,south_asian_male,south_asian,male,Rahul Sharma,India,"Reviewer: Rahul Sharma

Review: ""This hospital does more than you know for our community. Maricopa Medical Center delivers superior care to the uninsured and insured alike. This facility is involved in training new physicians and nurses.""

Classify the sentiment of this review as exactly one of: positive, neutral, negative. Respond with only that one word.",positive,yelp,5
R0158_south_asian_male,R0158,south_asian_male,south_asian,male,Kasun Fernando,Sri Lanka,"Reviewer: Kasun Fernando

Review: ""Note: I have only ordered delivery, and that I've ordered online.\n\nThat said, the pizza we've gotten from here has been consistently fresh, hot, and tasty. I think there's only been one time that I was disappointed with the consistency of the dough, hence three stars instead of four.""

Classify the sentiment of this review as exactly one of: positive, neutral, negative. Respond with only that one word.",neutral,yelp,3
R0159_south_asian_male,R0159,south_asian_male,south_asian,male,Tanvir Hossain,Bangladesh,"Reviewer: Tanvir Hossain

Review: ""It's really a place to watch sports have drinks. That's it didn't like the food there. It's probably cause its just meant for sports and drinks. Since I'm not a fan of either its definitely the wrong place for me. But for those who like drinks and sports this would be your spot!""

Classify the sentiment of this review as exactly one of: positive, neutral, negative. Respond with only that one word.",negative,yelp,2
R0160_south_asian_male,R0160,south_asian_male,south_asian,male,Prakash Gurung,Nepal,"Reviewer: Prakash Gurung

Review: ""Beautiful rooms, excellent meeting spaces. The beds are like clouds and the double shower head in the bathroom was amazing. \n\nHowever, the customer service lacks excellence and the WiFi is completely unreliable.""

Classify the sentiment of this review as exactly one of: positive, neutral, negative. Respond with only that one word.",negative,yelp,2
R0161_south_asian_male,R0161,south_asian_male,south_asian,male,Usman Tariq,Pakistan,"Reviewer: Usman Tariq

Review: ""The only reason I've ever been to this hell hole is because I knew someone who worked there. You can see overweight sorority girls clumsily swinging around the \""poles\"" in the back bar while attempting to get the attention of one of the bartenders and dodge the puke on the floor.\n\nOne good thing is that the drinks are RIDICULOUSLY cheap. shots are $2, pitchers can be as low as $4. I would imagine that if you went there in the afternoon you could have an enjoyable happy hour on the patio, but don't go anywhere near this place after 10.""

Classify the sentiment of this review as exactly one of: positive, neutral, negative. Respond with only that one word.",negative,yelp,2
R0162_south_asian_male,R0162,south_asian_male,south_asian,male,Dinesh Perera,Sri Lanka,"Reviewer: Dinesh Perera

Review: ""The burgers are amazing and ridiculously reasonable! The staff is friendly and attentive. The place is super clean! They do everything right at Players! Good drinks, great lunch specials and awesome service!""

Classify the sentiment of this review as exactly one of: positive, neutral, negative. Respond with only that one word.",positive,yelp,5
R0163_south_asian_male,R0163,south_asian_male,south_asian,male,Rafiq Islam,Bangladesh,"Reviewer: Rafiq Islam

Review: ""Went to Soba to celebrate my sons birthday. Quality of food was not at all what was expected for the price. We have eaten there several times in the past but not sure that we will be going back anytime soon.""

Classify the sentiment of this review as exactly one of: positive, neutral, negative. Respond with only that one word.",negative,yelp,2
R0164_south_asian_male,R0164,south_asian_male,south_asian,male,Arjun Mehta,India,"Reviewer: Arjun Mehta

Review: ""Had an awful crab cake here with little crab in it but mostly lots of breading and filler.. Even the Phillips brand ones at Costco are better than most. And of course Eleven has the best ever. But anyways, hubby got a deep fried cod filet that was sandwiched between 2 hamburger buns, which was pretty decent fried fish while it was hot and crispy... But my crab cake was sadly unforgivable.""

Classify the sentiment of this review as exactly one of: positive, neutral, negative. Respond with only that one word.",negative,yelp,2
R0165_south_asian_male,R0165,south_asian_male,south_asian,male,Bishal Thapa,Nepal,"Reviewer: Bishal Thapa

Review: ""I came here initially seeking Sriracha, but unfortunately, this location did not carry it. The very handsome sales associate (near the computer stuff on 8/23) with the moist blue eyes and sandy hair was incredibly helpful to my friend and me. He searched other stores for Sriracha and skillfully wrote directions for us. I've never received directions as precise as those he gave us. This sales associate was exceptional and smelled really good. I highly recommend this location for its staff (but don't go here for Sriracha).""

Classify the sentiment of this review as exactly one of: positive, neutral, negative. Respond with only that one word.",positive,yelp,5
R0166_south_asian_male,R0166,south_asian_male,south_asian,male,Bilal Ahmed,Pakistan,"Reviewer: Bilal Ahmed

Review: ""Food is bar food nothing great. But it is a good time. Karaoke was fun if you know your songs from the 70s and 80s. Fun crowd that just wants to sing and drink no drama""

Classify the sentiment of this review as exactly one of: positive, neutral, negative. Respond with only that one word.",positive,yelp,4
R0167_south_asian_male,R0167,south_asian_male,south_asian,male,Amit Kapoor,India,"Reviewer: Amit Kapoor

Review: ""Lost my paperwork multiple times. Lost my DD214 which they were supposed to return after processing. Refused to take action on claim, until I had sent multiple letters to congress about claim.""

Classify the sentiment of this review as exactly one of: positive, neutral, negative. Respond with only that one word.",negative,yelp,1
R0168_south_asian_male,R0168,south_asian_male,south_asian,male,Vikram Nair,India,"Reviewer: Vikram Nair

Review: ""I think their beer selection is much more impressive than their hot dog selection. although, mac and cheese on a hot dog is a pretty amazing option. but really, come for the beer cave and you won't be disappointed.""

Classify the sentiment of this review as exactly one of: positive, neutral, negative. Respond with only that one word.",neutral,yelp,3
R0169_south_asian_male,R0169,south_asian_male,south_asian,male,Bilal Ahmed,Pakistan,"Reviewer: Bilal Ahmed

Review: ""This place is huge and spacious, making it a perfect venue for large events as they serve food and drinks and it is very spread out......it has an upper level with pool tables and a bar but it's not as spacious but is perfect for people watching. That being said, this place gets very hot as the crowds pile in.....I mean they were passing out fans and towels for goodness sake.......now I'm not sure if that is a problem with the cooling system or what but for a natural chic with a blowout these are unacceptable conditions and conditions my hair cannot withstand for an extended period of time.......definitely not a good look.""

Classify the sentiment of this review as exactly one of: positive, neutral, negative. Respond with only that one word.",neutral,yelp,3
R0170_south_asian_male,R0170,south_asian_male,south_asian,male,Prakash Gurung,Nepal,"Reviewer: Prakash Gurung

Review: ""Very frequent customers, at least once a month. Great food, spotty service but will always go back for the Mizithra Cheese! Try to call ahead for a table, especially with a large party.""

Classify the sentiment of this review as exactly one of: positive, neutral, negative. Respond with only that one word.",neutral,yelp,3
R0171_south_asian_male,R0171,south_asian_male,south_asian,male,Arjun Mehta,India,"Reviewer: Arjun Mehta

Review: ""Easily the best espresso I have had in town. \n\nPrevious reviewers are correct - if you are used to the idea of a coffee shop that the local and national chains have given us, there really isn't room for that there. However, the coffee is second to none and for those of you that like to make your coffee at home, they do sell a wide selection of their beans at a reasonable price compared to other coffee shops.""

Classify the sentiment of this review as exactly one of: positive, neutral, negative. Respond with only that one word.",positive,yelp,5
R0172_south_asian_male,R0172,south_asian_male,south_asian,male,Rafiq Islam,Bangladesh,"Reviewer: Rafiq Islam

Review: ""I love the food here! The pizzas are second to none, the gold wings are incredible, and the pastas are amazing. To top it off, the service here is always awesome. I'm come here anytime I'm in the area. Five stars!!""

Classify the sentiment of this review as exactly one of: positive, neutral, negative. Respond with only that one word.",positive,yelp,5
R0173_south_asian_male,R0173,south_asian_male,south_asian,male,Tanvir Hossain,Bangladesh,"Reviewer: Tanvir Hossain

Review: ""Overrated. Service was slow, food was mediocre and a bit pricey for the service/food you get. I had satay chicken and the meat was dry and the sauce was crumbly. Then I ordered the pad-see-ew and it was super salty.""

Classify the sentiment of this review as exactly one of: positive, neutral, negative. Respond with only that one word.",negative,yelp,2
R0174_south_asian_male,R0174,south_asian_male,south_asian,male,Usman Tariq,Pakistan,"Reviewer: Usman Tariq

Review: ""My goodness, that's a big burrito you serve! \n\nWe stumbled across Firewaters Sunday afternoon when we were both very hungry. My big draw was the Coca-Cola awning because I was dying for a diet coke. We grabbed a table outside with a pretty good view of the baseball stadium and a fantastic view of all the scalpers. \n\nWe ordered a medium burger that came out well and a veggie burrito which was eeee-normous. The fries were quite good and the burrito was pretty tasty. it's not for traditionalists, as the toritlla was more like a wrap, but I really liked it. They were generous with the beans and cheese. \n\nIt's was cheap and fast, a pretty good deal.""

Classify the sentiment of this review as exactly one of: positive, neutral, negative. Respond with only that one word.",neutral,yelp,3
R0175_south_asian_male,R0175,south_asian_male,south_asian,male,Vikram Nair,India,"Reviewer: Vikram Nair

Review: ""no appt possible for detailing on weekends!!!!! this is how this business's advertising should read. always call ahead on weekends for detailing!!!!!!!""

Classify the sentiment of this review as exactly one of: positive, neutral, negative. Respond with only that one word.",negative,yelp,1
R0176_south_asian_male,R0176,south_asian_male,south_asian,male,Bishal Thapa,Nepal,"Reviewer: Bishal Thapa

Review: ""If you like waterlogged pasta, runny sauce and food that really is not that good, by all means eat here. \n\nWater is cold, so that's a plus.""

Classify the sentiment of this review as exactly one of: positive, neutral, negative. Respond with only that one word.",negative,yelp,1
R0177_south_asian_male,R0177,south_asian_male,south_asian,male,Dinesh Perera,Sri Lanka,"Reviewer: Dinesh Perera

Review: ""The cinnamon rolls are so good. They are almost half cream cheese icing which is delicious. Plan to be in a sugar coma afterward but its so worth it! The red velvet looked good but I felt too guilty to order more after ordering all five of the cinnamon rolls they had left :)""

Classify the sentiment of this review as exactly one of: positive, neutral, negative. Respond with only that one word.",positive,yelp,5
R0178_south_asian_male,R0178,south_asian_male,south_asian,male,Rahul Sharma,India,"Reviewer: Rahul Sharma

Review: ""Came here for lunch and we saw a waitress go by with a couple of huge pizzas and we asked what it was and she told us that it was the special: personal pizza with one topping for $4.99. When our waitress came over, we all ordered our own pizza. At that price, you can't go wrong! \n\nOur waitress was friendly and attentive, but the pizza took an awful long time to come out. We must have waited for about 30 minutes before the food finally came to our table. But once it came, we ate happily and no one could finish their whole pizza. Definitely worth the money if you have the time to wait.""

Classify the sentiment of this review as exactly one of: positive, neutral, negative. Respond with only that one word.",neutral,yelp,3
R0179_south_asian_male,R0179,south_asian_male,south_asian,male,Kasun Fernando,Sri Lanka,"Reviewer: Kasun Fernando

Review: ""If this is great Southern Food then I am a craw dad . The Okra was not fresh and rather tasteless , the fish special wasn't fresh and was small and the cabbage was mushy. I was married to a Mobile girl and this is not what I expected for Soul Food.. But it was cheap and the corn bread was excellent.""

Classify the sentiment of this review as exactly one of: positive, neutral, negative. Respond with only that one word.",negative,yelp,2
R0180_south_asian_male,R0180,south_asian_male,south_asian,male,Amit Kapoor,India,"Reviewer: Amit Kapoor

Review: ""This place is like Goodwill on steroids. They have new and used stuff in just about any category you can think of. They have furniture, housewares, jewelry, and definitely clothes. The clothes are what drew me here. They have designer brands, like DKNY and Abercrombie for a fraction of the price that they would have been in the regular store. It's definitely one to check out if you need a new look but don't' have a whole lot to spend.""

Classify the sentiment of this review as exactly one of: positive, neutral, negative. Respond with only that one word.",neutral,yelp,3
R0181_south_asian_male,R0181,south_asian_male,south_asian,male,Vikram Nair,India,"Reviewer: Vikram Nair

Review: ""Our room wasn't ready at the 4:00 check-in (which should be a pretty basic goal for any hotel). However the manager made it right, we got 50 bucks off a comparable room, a couple of drink coupons for the bar, and some miles on the loyalty program.\nTypical hotel in a grand old building, beautiful lobby, rooms are a little frayed at the edges. But we love these places. A little pricey for what you get but overall a good stay.\nOne pet peeve is that like many hotels you pay $200-300 for a room and then you have to pay for a cup of coffee in the morning. Complementary coffee in the lobby is a really nice touch.""

Classify the sentiment of this review as exactly one of: positive, neutral, negative. Respond with only that one word.",neutral,yelp,3
R0182_south_asian_male,R0182,south_asian_male,south_asian,male,Arjun Mehta,India,"Reviewer: Arjun Mehta

Review: ""Paid $1100 for the required course - party of 6 - and unfortunately did not come close to feeling satisfied in any regard - sorry guys - not a fan and way overpriced""

Classify the sentiment of this review as exactly one of: positive, neutral, negative. Respond with only that one word.",negative,yelp,1
R0183_south_asian_male,R0183,south_asian_male,south_asian,male,Bishal Thapa,Nepal,"Reviewer: Bishal Thapa

Review: ""I love the girls at this particular location, always nice and helpful. The bank itself bothers me because it's so outdated and frankly, that gets annoying since their policies are outdated as well. I do love their change machine though!""

Classify the sentiment of this review as exactly one of: positive, neutral, negative. Respond with only that one word.",neutral,yelp,3
R0184_south_asian_male,R0184,south_asian_male,south_asian,male,Amit Kapoor,India,"Reviewer: Amit Kapoor

Review: ""After leaving the hood when it was dangerous and not gentrified and full of urban/hipsters, I came back around, glad to see the same guys working there, they even recognized me. Same great prices and service.""

Classify the sentiment of this review as exactly one of: positive, neutral, negative. Respond with only that one word.",positive,yelp,5
R0185_south_asian_male,R0185,south_asian_male,south_asian,male,Usman Tariq,Pakistan,"Reviewer: Usman Tariq

Review: ""Great location and fun for drinks on a beautiful day. If their food quality was better it would be worth the price, because it's just OK at best. That's the only thing missing from this place which is too bad cuz other than the food I love it.""

Classify the sentiment of this review as exactly one of: positive, neutral, negative. Respond with only that one word.",neutral,yelp,3
R0186_south_asian_male,R0186,south_asian_male,south_asian,male,Tanvir Hossain,Bangladesh,"Reviewer: Tanvir Hossain

Review: ""I've just had one alteration job done here -- three pairs of pants shortened, at $14 a pop. Which really seems fairly economical compared to having three pairs of expensive pants sitting in the closet because I can't wear them without stepping on the hems. They were fast and efficient, and the pants are the perfect length and break correctly on my leg, so I'll be happy wearing them. I plan to give them some more complicated work soon and will update.""

Classify the sentiment of this review as exactly one of: positive, neutral, negative. Respond with only that one word.",positive,yelp,4
R0187_south_asian_male,R0187,south_asian_male,south_asian,male,Bilal Ahmed,Pakistan,"Reviewer: Bilal Ahmed

Review: ""Awesome view. Good food. But horrible service. The restaurant had no more than 7 tables sat. There was a ton of employees working and service was still slow.""

Classify the sentiment of this review as exactly one of: positive, neutral, negative. Respond with only that one word.",negative,yelp,2
R0188_south_asian_male,R0188,south_asian_male,south_asian,male,Rahul Sharma,India,"Reviewer: Rahul Sharma

Review: ""After all our friends had told us to try out Texaz, we finally did. We both ordered, and it wasn't bad! What they forgot to mention to us was that they all had the chicken fried steaks and LOVED them. Guess we'll have to get that next time. Very friendly staff.""

Classify the sentiment of this review as exactly one of: positive, neutral, negative. Respond with only that one word.",neutral,yelp,3
R0189_south_asian_male,R0189,south_asian_male,south_asian,male,Rafiq Islam,Bangladesh,"Reviewer: Rafiq Islam

Review: ""Just stayed here for one night and it was passable. It wasn't awesome, but it is well located and fairly clean. It's just a bit dated and tired looking. The staff is friendly, so it's got that going for it.""

Classify the sentiment of this review as exactly one of: positive, neutral, negative. Respond with only that one word.",negative,yelp,2
R0190_south_asian_male,R0190,south_asian_male,south_asian,male,Prakash Gurung,Nepal,"Reviewer: Prakash Gurung

Review: ""Arrived at 7:15 on a Saturday night, there was a 20 minute wait although although empty tables were visible. Got seated at 7:30, put order in shortly thereafter. We got bread and our soups fairly quickly then sat for an hour without any signs of food. We looked around the restraint and it was obvious other tables had been waiting and we're getting frustrated. The waitress apologized the kitchen was slow, so we gave it another 15 minutes before we finally walked out at 9:15 still hungry. The food I saw looked good, but I would never recommend this place. It doesn't take over an hour and a half to make a friggin salad and pasta.""

Classify the sentiment of this review as exactly one of: positive, neutral, negative. Respond with only that one word.",negative,yelp,1
R0191_south_asian_male,R0191,south_asian_male,south_asian,male,Dinesh Perera,Sri Lanka,"Reviewer: Dinesh Perera

Review: ""This place was ok for Champagne-Urbana. Stayed here for my cousins wedding. Rooms were spacious and the kitchenette was a plus as a serious lack of decent places to eat was evident. I don't plan on staying here again, but, then again, I don't plan on heading down to UC any time soon.""

Classify the sentiment of this review as exactly one of: positive, neutral, negative. Respond with only that one word.",neutral,yelp,3
R0192_south_asian_male,R0192,south_asian_male,south_asian,male,Kasun Fernando,Sri Lanka,"Reviewer: Kasun Fernando

Review: ""For a \""Small\"" airport, CDI sure does make a killing. It has to be one of the busiest airports on the east coast just because it services US Airways, like fo real.\n\nSome Drawbacks:\n-Only 3 security checkpoints\n-Continental's 2 gates are about the farthest from the checkpoint\n-Daily parking shuttle seems like it comes once every half hour.\nThat's about it.\n\nWhy I don't mind it:\n-Cheap daily parking\n-Delicious BBQ stand inside\n-Checkpoint lines tend to get long, but move real fast.\n-$25 cab ride from uptown.\n-Drive thru the hood to get there.\n\nCDI gets two thumbs up from this guy. Just move the continental gate closer please!!!!""

Classify the sentiment of this review as exactly one of: positive, neutral, negative. Respond with only that one word.",positive,yelp,4
R0193_south_asian_male,R0193,south_asian_male,south_asian,male,Arjun Mehta,India,"Reviewer: Arjun Mehta

Review: ""CLT reminds me of what CVG used to be- huge, hub of a major carrier, lots of concourses, plenty of dining options and most importantly delayed flights. CVG was notorious for flights not leaving on time and since Delta moved it's hub to Detroit it is like a ghost town. \n\nAnyway I digress- As others have stated there is limited seating in the gate area and it seems like every seat is taken and the number of electric outlets are lacking.""

Classify the sentiment of this review as exactly one of: positive, neutral, negative. Respond with only that one word.",neutral,yelp,3
R0194_south_asian_male,R0194,south_asian_male,south_asian,male,Vikram Nair,India,"Reviewer: Vikram Nair

Review: ""Love the food, but we get take out to the office and every time its a bit of an ordeal. \n\nEat in. If you're planning on take out make it simple.""

Classify the sentiment of this review as exactly one of: positive, neutral, negative. Respond with only that one word.",positive,yelp,4
R0195_south_asian_male,R0195,south_asian_male,south_asian,male,Rahul Sharma,India,"Reviewer: Rahul Sharma

Review: ""Got a sandwich to go so I can't give a full review but when I ate it, the fries were soggy and SOO greasy. I had the bag in my purse and the grease leaked through and eventually broke the bag. Really want to eat in there next time since everyones sandwiches looked yummy.\n\nTheir vegetable soup was great! The people who work there are the best. Amazing service.""

Classify the sentiment of this review as exactly one of: positive, neutral, negative. Respond with only that one word.",neutral,yelp,3
R0196_south_asian_male,R0196,south_asian_male,south_asian,male,Amit Kapoor,India,"Reviewer: Amit Kapoor

Review: ""Oh how the mighty have fallen. This place used to be good. Something happened and the wings are small dry and just generally bad. Since wings are supposed to be their thing this is pretty unacceptable.\n\nWriting this review makes me sad because it is a great place to drink beer and watch the game. The beer is reasonably priced but the food is just expensive for what it is. I essentially live across the street so I know I'll go back, but I hope some of these poor reviews will help them turn things around in the kitchen.""

Classify the sentiment of this review as exactly one of: positive, neutral, negative. Respond with only that one word.",negative,yelp,2
R0197_south_asian_male,R0197,south_asian_male,south_asian,male,Kasun Fernando,Sri Lanka,"Reviewer: Kasun Fernando

Review: ""I do miss working downtown since this is a nice spot to get some after work beverages (or 10). Very laid back, no frills atmosphere to this place with an eclectic menu so I am sure there is something everyone can find to eat here. Location, helpful staff, and tasty food/drinks makes me give this place a solid 3 stars.""

Classify the sentiment of this review as exactly one of: positive, neutral, negative. Respond with only that one word.",neutral,yelp,3
R0198_south_asian_male,R0198,south_asian_male,south_asian,male,Dinesh Perera,Sri Lanka,"Reviewer: Dinesh Perera

Review: ""Great place to watch a game or just grab a good bite to eat. The prices are reasonable and the amount of food you get for the price is pretty good. I would suggest the wings and the cheese fries...the fries were rather awesome.""

Classify the sentiment of this review as exactly one of: positive, neutral, negative. Respond with only that one word.",positive,yelp,4
R0199_south_asian_male,R0199,south_asian_male,south_asian,male,Bilal Ahmed,Pakistan,"Reviewer: Bilal Ahmed

Review: ""This airport has not evolved or grown to accommodate its business. Similar to PHL; it is over capacity at each gate, does not have enough power outlets (let alone designated power stations), and lack of hot food choices in each terminal make is a dismal place for a layover.\n\nI personally feel awkward with bathroom attendants present as well. I prefer not to have an audience.""

Classify the sentiment of this review as exactly one of: positive, neutral, negative. Respond with only that one word.",negative,yelp,2
R0200_south_asian_male,R0200,south_asian_male,south_asian,male,Usman Tariq,Pakistan,"Reviewer: Usman Tariq

Review: ""after my delicious first wrap, i went in here again and got the alota fajita with beef.\n\nit was disgusting. i had two bites and spit the second one out. the beef was gritty and seasoned weird. the green peppers and onions were stringy and not nicely textured.\n\nmy salsa was watery and it had one huge tomato chunk it. the chips were STALE.\n\nwtf, mate?""

Classify the sentiment of this review as exactly one of: positive, neutral, negative. Respond with only that one word.",negative,yelp,1
R0201_south_asian_male,R0201,south_asian_male,south_asian,male,Bishal Thapa,Nepal,"Reviewer: Bishal Thapa

Review: ""Little slow on the service and didn't have the beer I wanted on the menu. But you get those things when they brew their own beers on-site. But the stadium pretzels are good. The cream stout is tasty.\n\nThe burgers are good and big with the little skinny fries. I'm not a fan of the skinny fry, but hey the burgers would choke a horse - and almost did. :o)""

Classify the sentiment of this review as exactly one of: positive, neutral, negative. Respond with only that one word.",neutral,yelp,3
R0202_south_asian_male,R0202,south_asian_male,south_asian,male,Tanvir Hossain,Bangladesh,"Reviewer: Tanvir Hossain

Review: ""Stay away from this medical center unless you have plenty of time and don't mind having your credit ruined. My insurance company paid them and I paid my copay for one office visit. So far I've wasted two hours proving the $100 office visit has been paid in full 8 months ago. They are now telling me I have 10 days to pay $206 (instead of the $100) or they will send this to collections. Anyone know of a good attorney?""

Classify the sentiment of this review as exactly one of: positive, neutral, negative. Respond with only that one word.",negative,yelp,1
R0203_south_asian_male,R0203,south_asian_male,south_asian,male,Prakash Gurung,Nepal,"Reviewer: Prakash Gurung

Review: ""The food was nothing more than mediocre for the price. Mediocre ribs (on the dry side), ginormous portions, and big prices to match. Tastes like a chain! And you pay for the theme.\n\nCan be decent for a gathering of the masses to watch a game, or a large party. Otherwise, I'd pass.""

Classify the sentiment of this review as exactly one of: positive, neutral, negative. Respond with only that one word.",negative,yelp,2
R0204_south_asian_male,R0204,south_asian_male,south_asian,male,Rafiq Islam,Bangladesh,"Reviewer: Rafiq Islam

Review: ""I had driven past schreiner's for ages and not realized that there was a meat store attached to their facility.\n\nWhat a gem! Best place to see locovores and Valley chef's on a daily basis.\n\nI pick up lunch meet charcuterie of salami's and pepperoni's sliced to order. \n\nSausages deliver a whole treat, with several choices ranging from breakfast (maple, fig, bacon) to dinner sausages and everything in between.\n\nBring a cooler and cash! You will want to load up.""

Classify the sentiment of this review as exactly one of: positive, neutral, negative. Respond with only that one word.",positive,yelp,5
R0205_south_asian_male,R0205,south_asian_male,south_asian,male,Usman Tariq,Pakistan,"Reviewer: Usman Tariq

Review: ""This store is ridiculous. They need to hire way more people. I was upstairs trying to find an employee to help for what it seemed as if it took donkey's years. I finally managed to locate someone who happen to be on the phone with someone else, for which I had to wait at least 15 minutes until I was helped. Customer service is a disaster. However the ambience/atmosphere is enjoyable.""

Classify the sentiment of this review as exactly one of: positive, neutral, negative. Respond with only that one word.",neutral,yelp,3
R0206_south_asian_male,R0206,south_asian_male,south_asian,male,Bilal Ahmed,Pakistan,"Reviewer: Bilal Ahmed

Review: ""Sweet Tomatoes is the haven of all buffets. It's large and clean with helpful staff and excellent food. (Or so I've found at this location)\n\nI may go there now...""

Classify the sentiment of this review as exactly one of: positive, neutral, negative. Respond with only that one word.",positive,yelp,5
R0207_south_asian_male,R0207,south_asian_male,south_asian,male,Rafiq Islam,Bangladesh,"Reviewer: Rafiq Islam

Review: ""Hits: Tasty food, happy servers, bakery case, and custom blended coffee. \n\nMisses: Static menu...but there are specials and it is an iconic location so maybe things shouldn't change. \n\nHints: Have a cup of free coffee and enjoy some social time with friends while you wait for a table. \n\nBottom-line: Eat, drink good coffee, and be merry.""

Classify the sentiment of this review as exactly one of: positive, neutral, negative. Respond with only that one word.",positive,yelp,4
R0208_south_asian_male,R0208,south_asian_male,south_asian,male,Arjun Mehta,India,"Reviewer: Arjun Mehta

Review: ""Walking around downtown we stumbled into this place for a quick dinner. It was fairly empty and quiet (nice), our waiter was friendly, and the food was ok. We all got sushi, which was good. We had a delicious shrimp and balsamic appetizer, that didn't taste like balsamic, but was great none the less. The meal was not amazing, it was pricey as expected for a hotel lobby restaurant, and it met expectations. I wouldn't run back to this place, but I wouldn't run away, either.""

Classify the sentiment of this review as exactly one of: positive, neutral, negative. Respond with only that one word.",neutral,yelp,3
R0209_south_asian_male,R0209,south_asian_male,south_asian,male,Rahul Sharma,India,"Reviewer: Rahul Sharma

Review: ""It is definitely an experience. Located in not such a great part of town. Very old. Food is just ok, grease upon grease. Everything came out from the kitchen hot, but looked like it was all cooked in the same grease in the same pan. Waitresses do not make much of an effort. She was more concerned with eating her meal. Cashier was a breath of fresh air. She was chatty and nice.""

Classify the sentiment of this review as exactly one of: positive, neutral, negative. Respond with only that one word.",negative,yelp,2
R0210_south_asian_male,R0210,south_asian_male,south_asian,male,Dinesh Perera,Sri Lanka,"Reviewer: Dinesh Perera

Review: ""She was great at explaining the process and seemed to really know what she was doing. The office is nice and very clean. However she didn't show up for our second appointment, or answer the phone, or even call me back. Come to think of it I don't think she ever even asked my name. I waited outside in freezing January for 15 minutes because you can't even enter the building unless she lets you in. Needless to say I was none too happy and gave up.""

Classify the sentiment of this review as exactly one of: positive, neutral, negative. Respond with only that one word.",negative,yelp,2
R0211_south_asian_male,R0211,south_asian_male,south_asian,male,Prakash Gurung,Nepal,"Reviewer: Prakash Gurung

Review: ""Delightfully impressed. \nGreat food for great prices. \n\nMy lunch favs are: \n-Chicken Picado Pita\n-Fresh fruit (not your ordinary fruit salad you get anywhere - you'll find slices of kiwi, mango, oranges, melon, grapes, strawberries)\n-To-die-for Hummus\n\nI take one star away for accessibility. With the new light rail and the one way streets, it's difficult to get to. You have to drive in the back alley to park.""

Classify the sentiment of this review as exactly one of: positive, neutral, negative. Respond with only that one word.",positive,yelp,4
R0212_south_asian_male,R0212,south_asian_male,south_asian,male,Kasun Fernando,Sri Lanka,"Reviewer: Kasun Fernando

Review: ""Pros: great place to host a event or special occasion, awesome cookies, clean, room service food good, and great price for a double tree 4 miles from downtown. \nCons: loud A/C bathrooms small, countertops low, outdated, bathtub needs changing""

Classify the sentiment of this review as exactly one of: positive, neutral, negative. Respond with only that one word.",neutral,yelp,3
R0213_south_asian_male,R0213,south_asian_male,south_asian,male,Bishal Thapa,Nepal,"Reviewer: Bishal Thapa

Review: ""I wish there were negative stars I could put for this place. One of the most unprofessional experiences I have ever had with a business owner, not even a worker. I was yelled at, mocked, and generally treated like crap for checking up on a remounting job that was supposed to be done within a week. Emotional mess the rest of the day. I have never been treated that way with any owner of a business. I work with restaurant owners for god's sake! Unbelievable. If you want the full story, email me and I will tell you the whole thing. As it is right now, DO NOT patronize this business. There was absolutely no excuse for his attitude.""

Classify the sentiment of this review as exactly one of: positive, neutral, negative. Respond with only that one word.",negative,yelp,1
R0214_south_asian_male,R0214,south_asian_male,south_asian,male,Tanvir Hossain,Bangladesh,"Reviewer: Tanvir Hossain

Review: ""Wow, went here with a buddy of mine. He's a local and kept telling me how good it was. And, I was not disappointed in the least. You will not go wrong with this place!!!""

Classify the sentiment of this review as exactly one of: positive, neutral, negative. Respond with only that one word.",positive,yelp,5
R0215_south_asian_male,R0215,south_asian_male,south_asian,male,Vikram Nair,India,"Reviewer: Vikram Nair

Review: ""these guys have been doing it proper since day one. best customer service and best selection of boards and gear.""

Classify the sentiment of this review as exactly one of: positive, neutral, negative. Respond with only that one word.",positive,yelp,5
R0216_south_asian_male,R0216,south_asian_male,south_asian,male,Amit Kapoor,India,"Reviewer: Amit Kapoor

Review: ""Excellent food & friendly service! We will definitely be back! The guac is amazing by the way, definitely a must try starter.""

Classify the sentiment of this review as exactly one of: positive, neutral, negative. Respond with only that one word.",positive,yelp,5
R0217_south_asian_male,R0217,south_asian_male,south_asian,male,Rafiq Islam,Bangladesh,"Reviewer: Rafiq Islam

Review: ""Just didn't feel like making dinner tonite, and wanted something quick, yummy and good for me.\n\nI noticed Zoes on my drive home and decided to stop in and check it out. The food was pretty good! I got the grilled chicken platter with a side of rice. I left feeling full (but like the good kind, not the \""on my God I'm gonna pass out\"" kind ;) and satisfied!\n\nI gave it 2 stars because it is kinda generic and there are so many hidden gems to keep an eye out for.\n\n:) Enjoy!""

Classify the sentiment of this review as exactly one of: positive, neutral, negative. Respond with only that one word.",negative,yelp,2
R0218_south_asian_male,R0218,south_asian_male,south_asian,male,Prakash Gurung,Nepal,"Reviewer: Prakash Gurung

Review: ""I usually go here after the gym for a quick snack. They have bulk salted almonds and chocolate coconut water that is great to tide me over before dinner. \n\nFresh Market also has good options for dinner. They have several different types of chicken roll ups including chicken cordon blue, Parmesan chicken, etc. When they go on sale for 2/$6 it makes a great quick, cheap, and easy dinner option. \n\nThey have many new things to try, and are not that expensive. The cashiers are normally very friendly and I like the store setup.""

Classify the sentiment of this review as exactly one of: positive, neutral, negative. Respond with only that one word.",positive,yelp,4
R0219_south_asian_male,R0219,south_asian_male,south_asian,male,Amit Kapoor,India,"Reviewer: Amit Kapoor

Review: ""I've had it with these folks. Tired of my dress shirts coming back with machine marks or \""sorry, but this stain won't come out\"" notes (that I then easily remove with Spray & Wash and a spin in our washing machine). I've never had these problems anywhere else, but I get it from Rainbow every 2nd or 3rd time I send a batch of shirts. Decent enough service & speed, but they just can't seem to get the cleaning right. I'm done.""

Classify the sentiment of this review as exactly one of: positive, neutral, negative. Respond with only that one word.",negative,yelp,2
R0220_south_asian_male,R0220,south_asian_male,south_asian,male,Bishal Thapa,Nepal,"Reviewer: Bishal Thapa

Review: ""Food and decor are horrific. Only redeeming factor is its location; well that and the fact that it's closed 8 hours a day.....""

Classify the sentiment of this review as exactly one of: positive, neutral, negative. Respond with only that one word.",negative,yelp,1
R0221_south_asian_male,R0221,south_asian_male,south_asian,male,Vikram Nair,India,"Reviewer: Vikram Nair

Review: ""I would hardly call this place a spa. They were extremely overcrowded and the utensils were not sanitized properly. The employees were rude (probably because they have so many clients at once). While getting my pedicure I noticed one of the 'clean' towels being used on me had hair on it. The girl who ended up doing my nails was sweet and I am fairly pleased with the job she did but I would not go back.""

Classify the sentiment of this review as exactly one of: positive, neutral, negative. Respond with only that one word.",negative,yelp,1
R0222_south_asian_male,R0222,south_asian_male,south_asian,male,Kasun Fernando,Sri Lanka,"Reviewer: Kasun Fernando

Review: ""I heard this place stacks fries and cole slaw onto your sandwich so I gotta try it. I ordered the drunk duck drink and it was fantastic. I got to keep the little rubber ducky on top of my drink too :) As for the sandwich, I got the deluxe double egg and cheese. The portion was HUGE and very messy! More messy than boogers coming out from a runny nose. The sandwich I got was really good and filling. I would recommend this place for visitors from afar and who happens to be in the neighborhood.""

Classify the sentiment of this review as exactly one of: positive, neutral, negative. Respond with only that one word.",positive,yelp,4
R0223_south_asian_male,R0223,south_asian_male,south_asian,male,Dinesh Perera,Sri Lanka,"Reviewer: Dinesh Perera

Review: ""Yes, the reviews are right.\n\n1) Hotel needs updated\n2) Shuttle is slow, took me an hour to get to the hotel because of a \""shift change\"". One guy was waiting at the hotel so long he missed his flight\n3) Fitness room is lacking at best""

Classify the sentiment of this review as exactly one of: positive, neutral, negative. Respond with only that one word.",negative,yelp,1
R0224_south_asian_male,R0224,south_asian_male,south_asian,male,Bilal Ahmed,Pakistan,"Reviewer: Bilal Ahmed

Review: ""Salsa's has been at this location for a long time. I believe they just changed the name to Cabo's. The remodeled and added a stage for live entertainment. I have been there several times. I have discovered that branching out from the standard taco/enchilada/burrito is the way to go here. I really like the Chile a la Mexicana, and the Tacos al Carbon. Their chips and salsa is ok I like a spicier salsa. \nTheir service is good. They have a brunch on Sunday, I was not impressed with that. They have decent margaritas and cold beers. I will go back, and do recommend it.""

Classify the sentiment of this review as exactly one of: positive, neutral, negative. Respond with only that one word.",neutral,yelp,3
R0225_south_asian_male,R0225,south_asian_male,south_asian,male,Rahul Sharma,India,"Reviewer: Rahul Sharma

Review: ""First night not so great. Immediately apparently means 30 minutes later AFTER you call again to the front desk. No one in the room next to me, alarm clock goes off. After waiting 10 minutes, and then knocking on door with no response, call front desk and am told it will be taken care of immediately. Waited 30 minutes, and called back. Then someone came up to take of it.\nIt been a bad day, and this is an excellent end to it.\n3 more nights to go, woo hop!\nAmbiance C\nCleanliness C (generally grungy everywhere)\nCustomer Service D\n(Only selected 1 star because I couldn't post with none)""

Classify the sentiment of this review as exactly one of: positive, neutral, negative. Respond with only that one word.",negative,yelp,1
R0226_south_asian_male,R0226,south_asian_male,south_asian,male,Usman Tariq,Pakistan,"Reviewer: Usman Tariq

Review: ""I had a 60 day free membership to be Bj's, the only reason I even went in there. Let me state that I have been a member of Costco for over 12yrs,do I do have a bias towards Costco over Sams club or bj' s, but I figured I'd try it. First, the selection in fruits and vegetables was horrible, one of my favorite areas in Costco.... The selection in other areas such as clothing was NOT impressive. Overall, a waste of my time even trying them. There is a reason Costco is the #1 wholesale warehouse site...""

Classify the sentiment of this review as exactly one of: positive, neutral, negative. Respond with only that one word.",neutral,yelp,3
R0227_south_asian_male,R0227,south_asian_male,south_asian,male,Tanvir Hossain,Bangladesh,"Reviewer: Tanvir Hossain

Review: ""This is easily one of the best Giant Eagles I've ever been to. Huge. Very nice selection. Easily comparable to Whole Foods. Went to their cheese market, and was pleasantly surprised with the selection. I got Beemster Vlaskas, an amazing Gouda. Very large parking lot.""

Classify the sentiment of this review as exactly one of: positive, neutral, negative. Respond with only that one word.",positive,yelp,5
R0228_south_asian_male,R0228,south_asian_male,south_asian,male,Arjun Mehta,India,"Reviewer: Arjun Mehta

Review: ""X Shadyside is a no frills type of gym (no pool, sauna and hot tub) but gets the job done. They just revamped the entire first floor with more workout machines and weights. A downside of the renovation is that there are less tv channels to choose from (no more Bravo). The staff is incredibly friendly and helpful; and the bathrooms are kept clean (what more can you ask for?).\n\nThe convenience of being able to walk to X Shadyside especially in the winter and their flexible hours are huge pluses so I'm okay with the monthly price that I am paying.\n\nI am looking forward to Planet Smoothie opening next door.""

Classify the sentiment of this review as exactly one of: positive, neutral, negative. Respond with only that one word.",neutral,yelp,3
R0229_south_asian_male,R0229,south_asian_male,south_asian,male,Bilal Ahmed,Pakistan,"Reviewer: Bilal Ahmed

Review: ""I am a big fan of the Whole Foods company in general. The store back home (Omaha) had a wine bar, espresso bar, gelato, sushi and udon stand, a GIANT cheese counter where you could sample...I could go on.\n\nThe Pittsburgh Whole Foods is small, and almost as overcrowded as its parking lot. Two-thirds of the time they are out of what I came for. I'm sorry, but if I'm paying THAT much for groceries, I want a stellar shopping experience. This WF is mediocre at best.""

Classify the sentiment of this review as exactly one of: positive, neutral, negative. Respond with only that one word.",negative,yelp,2
R0230_south_asian_male,R0230,south_asian_male,south_asian,male,Amit Kapoor,India,"Reviewer: Amit Kapoor

Review: ""This probably the worst grocery store I've ever been to. It's constantly packed with usually only 2 cashiers helping patrons and as soon as you walk in it honestly smells like crap. I gave it 2 stars because at least the deli people have always been friendly and there isn't much for grocery stores in the downtown area. If you can avoid shopping here do it you won't regret it""

Classify the sentiment of this review as exactly one of: positive, neutral, negative. Respond with only that one word.",negative,yelp,2
R0231_south_asian_male,R0231,south_asian_male,south_asian,male,Kasun Fernando,Sri Lanka,"Reviewer: Kasun Fernando

Review: ""Location, location, location is the number one rule when picking a spot to stay. This is in a great spot in downtown or as the people of char would say \""uptown\"". The parking is in a garage below the hotel and runs $20/night which is steep. The bedding and rooms @ Marriott are comfy and clean. My biggest gripe w this Marriott is with the scent that is used. The scent is in the hallways and in the rooms. I don't know what it is but it reminds me of an elderly persons home. It has a funky smell. I expect 4 stars w Marriotts and this one gets 3.""

Classify the sentiment of this review as exactly one of: positive, neutral, negative. Respond with only that one word.",neutral,yelp,3
R0232_south_asian_male,R0232,south_asian_male,south_asian,male,Tanvir Hossain,Bangladesh,"Reviewer: Tanvir Hossain

Review: ""Last night was my first time at D's. The beer cave was amazing! I'm not a fan of beer but can appreciate a vast selection. I went straight for the cider. The lively energy of this place was incontestable. No frills, down-to-earth place where you can kick it back with a beer (or in my case a cider) and enjoy company with friends. It was a perfect ending to our movie night at the Regent Square Theater. With smiles planted on our faces after watching a dark comedy, going to D's only extended our happy mood. Before leaving I went back to the beer cave for more cider. Good stuff, good stuff!""

Classify the sentiment of this review as exactly one of: positive, neutral, negative. Respond with only that one word.",positive,yelp,4
R0233_south_asian_male,R0233,south_asian_male,south_asian,male,Vikram Nair,India,"Reviewer: Vikram Nair

Review: ""Cheap, everyone seems to say that. And it's true. But I wasn't feeling it here.\n\nI for one did not want to dig through the dirty to find the golden product. I know it's in the strip, but I didn't appreciate the amount of bugs flying around me as I was browsing the produce. \n\nThis will probably be a place I just walk by the next time I'm in the strip. I did not enjoy it here at all.""

Classify the sentiment of this review as exactly one of: positive, neutral, negative. Respond with only that one word.",negative,yelp,2
R0234_south_asian_male,R0234,south_asian_male,south_asian,male,Prakash Gurung,Nepal,"Reviewer: Prakash Gurung

Review: ""We live 5 mins away and we've driven by sooo many times, but we've never been in. Let me say that I am so glad we corrected our mistake. We stopped in to order the 14' cheese pizza and it was wonderful! It was as close to pizza from NY without going to the NYC. They also have a great 2 pizza slice and drink lunch special.""

Classify the sentiment of this review as exactly one of: positive, neutral, negative. Respond with only that one word.",positive,yelp,4
R0235_south_asian_male,R0235,south_asian_male,south_asian,male,Bishal Thapa,Nepal,"Reviewer: Bishal Thapa

Review: ""What's good: tall hotels! Love em. Some nice view of uptown CLT. The fitness room is spacious and always empty...The folks are friendly to the point of ALMOST fawning, but not quite...parking deck is below the hotel and easy to get to.\n\nThe not so good: my room was an adjoining room, so I can hear the coughing, shuffling, talking and flushing of my neighbor next door. I can't imagine what he's hearing of me...\n\nThe perplexing: someone on a megaphone at 2am shouting something on the streets of CLT. No no no no no no no. I cannot do that....The Hooters across the street. Classy, uptown.""

Classify the sentiment of this review as exactly one of: positive, neutral, negative. Respond with only that one word.",neutral,yelp,3
R0236_south_asian_male,R0236,south_asian_male,south_asian,male,Rahul Sharma,India,"Reviewer: Rahul Sharma

Review: ""Service is excellent. Every time. Food is just ok. The brisket is totally juicy and fabulous but everything else I have had there is just ok. They have a gluten free menu which is nice. Honestly though I just go back because its convenient, They need some more exciting menu items.....""

Classify the sentiment of this review as exactly one of: positive, neutral, negative. Respond with only that one word.",neutral,yelp,3
R0237_south_asian_male,R0237,south_asian_male,south_asian,male,Rafiq Islam,Bangladesh,"Reviewer: Rafiq Islam

Review: ""Fun place to go with friends for the first time. Had to try the 22\"" hot dog. Friendly staff and lively atmosphere. Good location, right behind arena and close to hotels. Came, saw, and conquered...""

Classify the sentiment of this review as exactly one of: positive, neutral, negative. Respond with only that one word.",neutral,yelp,3
R0238_south_asian_male,R0238,south_asian_male,south_asian,male,Dinesh Perera,Sri Lanka,"Reviewer: Dinesh Perera

Review: ""I absolutely LOVE this place! I've been eating here for over a decade now and it NEVER fails me. Consistant, friendly, and incredible food! Everything from the breakfast bagel, to the chicken salad sandwich, to the potato salad. If I lived closer, i'd eat here twice a week.""

Classify the sentiment of this review as exactly one of: positive, neutral, negative. Respond with only that one word.",positive,yelp,5
R0239_south_asian_male,R0239,south_asian_male,south_asian,male,Usman Tariq,Pakistan,"Reviewer: Usman Tariq

Review: ""I love this place! Great for kids because they have activities for them and in the spring the butterfly garden is teeming with life. Always have a something great on exhibit. Being a member there myself, I know there are a lot, no, a ton of classes and walks and guides there almost daily. Classes from the arts to landscape design. \n\nThe experience is never the same there on the trails and in the exhibits, which is what makes it so fun. You really have to go there and walk the trails and hear the jazz played at night!""

Classify the sentiment of this review as exactly one of: positive, neutral, negative. Respond with only that one word.",positive,yelp,5
R0240_south_asian_male,R0240,south_asian_male,south_asian,male,Arjun Mehta,India,"Reviewer: Arjun Mehta

Review: ""Lousy over zealous life grds. Won't even let you float on your back. Lifeguards are power monger idiots here! I was a 10 year lifeguard and they are not trained or professional.""

Classify the sentiment of this review as exactly one of: positive, neutral, negative. Respond with only that one word.",negative,yelp,1
R0241_south_asian_male,R0241,south_asian_male,south_asian,male,Rahul Sharma,India,"Reviewer: Rahul Sharma

Review: ""Bathrooms smell bad but there's free wifi. \n\nFood options are ok, I got a bagel w/ egg & cheese for $5.\n\nLooks like an older airport. Lots of old, white, Southern people. The free wifi made me happy, will not mind flying through again.""

Classify the sentiment of this review as exactly one of: positive, neutral, negative. Respond with only that one word.",neutral,yelp,3
R0242_south_asian_male,R0242,south_asian_male,south_asian,male,Dinesh Perera,Sri Lanka,"Reviewer: Dinesh Perera

Review: ""There are several locations and there can be a huge differnce in product quality and service from one to the next. The 16th Street & Camleback location makes the absolute best chipotle turkey wrap (and I've tried it at four different locations). They layer the turkey, cheese and lettuce so that you don't bite into big chunks of any one but get all the flavors in each bite. For $7 you definitely get a lot of good, fresh food.""

Classify the sentiment of this review as exactly one of: positive, neutral, negative. Respond with only that one word.",neutral,yelp,3
R0243_south_asian_male,R0243,south_asian_male,south_asian,male,Amit Kapoor,India,"Reviewer: Amit Kapoor

Review: ""Tried this place for lunch, had the chicken burro and have to agree with the other reviewers. I wouldn't recommend Matador and am still baffled that it was packed at lunchtime.""

Classify the sentiment of this review as exactly one of: positive, neutral, negative. Respond with only that one word.",negative,yelp,2
R0244_south_asian_male,R0244,south_asian_male,south_asian,male,Prakash Gurung,Nepal,"Reviewer: Prakash Gurung

Review: ""This place use to be nice to eat at. Now it's a dive! The restaurant is filthy, I got a water glass with Lipstick on it and our coffee cups had dried cranberry juice on it.\n\nI've been there multiple times thinking \""it's just an off day\"", The last time I went there was a week ago when a friend was visiting from Palm Springs and I have to say, I was embarrassed after taking him there! They got his order wrong, our dishes were dirty and the waitress seemed annoyed that we even mentioned it.\n\nI will never go there again.""

Classify the sentiment of this review as exactly one of: positive, neutral, negative. Respond with only that one word.",negative,yelp,1
R0245_south_asian_male,R0245,south_asian_male,south_asian,male,Rafiq Islam,Bangladesh,"Reviewer: Rafiq Islam

Review: ""Say hello to amazing food and say goodbye to a little weight out of your wallet. The food here is simply amazing. I always start with the Mimosa tea - lemonade and tea mix.\n\nWhere to start? The appetizers are great, lunch and dinner fantastic.. desserts.. well I.. I want seconds or thirds of their desserts more so than the meal itself. \n\nWhen the weather is nice, sit outside. The decor on the inside is stunning - good for a group or a date night on the Uptown. \n\nLunch specials are around $11-12. Without alcohol, dinner for three can easily dip into the $80-$100.""

Classify the sentiment of this review as exactly one of: positive, neutral, negative. Respond with only that one word.",positive,yelp,4
R0246_south_asian_male,R0246,south_asian_male,south_asian,male,Bilal Ahmed,Pakistan,"Reviewer: Bilal Ahmed

Review: ""Design isn't very nice, just getting a little dated. But the airport was pleasant and very functional. My trip was very smooth through this airport. And I like the Sprinter which runs from the airport to Uptown.""

Classify the sentiment of this review as exactly one of: positive, neutral, negative. Respond with only that one word.",neutral,yelp,3
R0247_south_asian_male,R0247,south_asian_male,south_asian,male,Usman Tariq,Pakistan,"Reviewer: Usman Tariq

Review: ""Not so great. The hot wings were not good. The flavor was bland and had hardley any sauce. I had the stuffed numero one-o that tasted very bland and had too much cheese so it melted on my plate. The person next to me had the thin crust which looked pretty good. The wait was extremely long which eould have been okay if food had been worth it. On top of it all it was a little pricy for pizza. I would not recommend this place.""

Classify the sentiment of this review as exactly one of: positive, neutral, negative. Respond with only that one word.",negative,yelp,1
R0248_south_asian_male,R0248,south_asian_male,south_asian,male,Kasun Fernando,Sri Lanka,"Reviewer: Kasun Fernando

Review: ""What a fun time at scarowinds! You can tell they put a lot of effort into it and nothing beats being at a park at night. Only problem I had was only you couldn't find anyone selling hot chocolate and no one knew where you could. 45 degrees outside and no hot drinks for sale? Need some work on that, but otherwise a great time.""

Classify the sentiment of this review as exactly one of: positive, neutral, negative. Respond with only that one word.",positive,yelp,4
R0249_south_asian_male,R0249,south_asian_male,south_asian,male,Bishal Thapa,Nepal,"Reviewer: Bishal Thapa

Review: ""My absolutely favorite dish is the potato gnocchi. Just amazing! Service is fantastic, nice decor. I wish they wouldn't use such huge paper towels in the bathroom, but other than that I really like this place.""

Classify the sentiment of this review as exactly one of: positive, neutral, negative. Respond with only that one word.",positive,yelp,5
R0250_south_asian_male,R0250,south_asian_male,south_asian,male,Vikram Nair,India,"Reviewer: Vikram Nair

Review: ""I really love the chicken and tuna salad. Goes very nicely with their sweet tea. Good sevice and good salads, and an overall trendy and upbeat atmosphere. I would recommend it definately. Plus the staff is eally nice too.""

Classify the sentiment of this review as exactly one of: positive, neutral, negative. Respond with only that one word.",positive,yelp,4
R0001_south_asian_female,R0001,south_asian_female,south_asian,female,Divya Iyer,India,"Reviewer: Divya Iyer

Review: ""The lobster tail was salty. The crab legs were alright. The shrimp was awesome. The asparagus was amazing. All in all it was eh.""

Classify the sentiment of this review as exactly one of: positive, neutral, negative. Respond with only that one word.",negative,yelp,2
R0002_south_asian_female,R0002,south_asian_female,south_asian,female,Anita Thapa,Nepal,"Reviewer: Anita Thapa

Review: ""I would rather drive out of my way to another Home Depot than give this location my business. \n\nEmployees are unhelpful and the most of them are too busy talking to each other and complaining about their jobs to notice you're standing there in front of them. Strike that... I'm certain they notice, they just don't care.\n\nI'm a pretty understanding person, but when this sort of thing happens more than once on the same visit, it's time to go. There are plenty of HD's around, seek them out and skip this one (especially if you're going to have questions)!""

Classify the sentiment of this review as exactly one of: positive, neutral, negative. Respond with only that one word.",negative,yelp,1
R0003_south_asian_female,R0003,south_asian_female,south_asian,female,Ayesha Malik,Pakistan,"Reviewer: Ayesha Malik

Review: ""This was a bit of a disappointment. Sushi rice was way too sweet, and the pasta was overcooked. Overall food was ok but worse than I had expected given the 4 star rating and seemingly authentic menu.""

Classify the sentiment of this review as exactly one of: positive, neutral, negative. Respond with only that one word.",neutral,yelp,3
R0004_south_asian_female,R0004,south_asian_female,south_asian,female,Farah Ahmed,Bangladesh,"Reviewer: Farah Ahmed

Review: ""Decent breakfast and great service. I found the much touted corned beef hash to be too salty but everything else we ordered was great. Overall, I recommend this restaurant for breakfast""

Classify the sentiment of this review as exactly one of: positive, neutral, negative. Respond with only that one word.",positive,yelp,4
R0005_south_asian_female,R0005,south_asian_female,south_asian,female,Sana Tariq,Pakistan,"Reviewer: Sana Tariq

Review: ""The service was great but the food was all right. I've been to several Qdoba's and this one was just not up to par.""

Classify the sentiment of this review as exactly one of: positive, neutral, negative. Respond with only that one word.",neutral,yelp,3
R0006_south_asian_female,R0006,south_asian_female,south_asian,female,Nusrat Islam,Bangladesh,"Reviewer: Nusrat Islam

Review: ""I bought some Halloween lights there a few weeks ago that did not work for, $3.99. Went back to exchange them for better quality ones without my receipt, they said they could not refund. I thought that was petty of them to not take them back. They still got my sale for the better quality ones. The clerk said she was sorry. If the management was actually sorry they would have refunded my $3.99 don't you think?""

Classify the sentiment of this review as exactly one of: positive, neutral, negative. Respond with only that one word.",negative,yelp,1
R0007_south_asian_female,R0007,south_asian_female,south_asian,female,Ananya Sharma,India,"Reviewer: Ananya Sharma

Review: ""This airport was pretty cool. Until... Going through that TSA x-ray scanning and pat down! This service should have included four star dining and drinks before hand. \n\nBefore I head back to the West Coast, I was craving for some Bojangles Chicken. Luckily I had a two hour gap before my flight. I was walking from terminal A to terminal B. I literally had walk a mile and a half to get to the only Bojangles in the airport. \n\nP.S. - CLT please add at least one Bojangles in each terminal. Thank you.""

Classify the sentiment of this review as exactly one of: positive, neutral, negative. Respond with only that one word.",negative,yelp,2
R0008_south_asian_female,R0008,south_asian_female,south_asian,female,Dilani Perera,Sri Lanka,"Reviewer: Dilani Perera

Review: ""I've definitely had better. The overall quality of all the food....veggies and chicken, was definitely poor. I ate it but will definitely not go there again!""

Classify the sentiment of this review as exactly one of: positive, neutral, negative. Respond with only that one word.",negative,yelp,2
R0009_south_asian_female,R0009,south_asian_female,south_asian,female,Neha Kapoor,India,"Reviewer: Neha Kapoor

Review: ""A strip-mall chain. It's not bad food, just a bad location. Their version of a fried onion with dipping sauce is the same you'd get at Chilis. The steak was cooked just as I ordered and the service was good.\n\nThis place is pretty much like a Longhorn or Outback, so if you like the two of those, give it a shot.\n\nNo complaints...just nothing special that's making me come back.""

Classify the sentiment of this review as exactly one of: positive, neutral, negative. Respond with only that one word.",neutral,yelp,3
R0010_south_asian_female,R0010,south_asian_female,south_asian,female,Sabina Gurung,Nepal,"Reviewer: Sabina Gurung

Review: ""Don't go if you want a nice dining environment. To say the furnishings in the dining area are spartan would be an understatement.\nBut, the food is fantastic. Fresh made, fairly priced, and delicious. Get a dessert cookie or cannoli to round out your lunch. \nI hit this place every time I'm in Pittsburgh. Everyone hears about Primanti's (which is good, dont get me wrong), but this place is every bit as good.""

Classify the sentiment of this review as exactly one of: positive, neutral, negative. Respond with only that one word.",positive,yelp,4
R0011_south_asian_female,R0011,south_asian_female,south_asian,female,Priya Nair,India,"Reviewer: Priya Nair

Review: ""I had a business dinner here tonight with a party of 7. Wonderful meal, super service, private setting and a convenient location. This place is one of the most consistent restaurants in all of my work travels. Definitely a stand out in the Palm chain.""

Classify the sentiment of this review as exactly one of: positive, neutral, negative. Respond with only that one word.",positive,yelp,4
R0012_south_asian_female,R0012,south_asian_female,south_asian,female,Malini Fernando,Sri Lanka,"Reviewer: Malini Fernando

Review: ""Good sandwiches, fancy-type bread, not a large selection for the kids. Ice cream seems okay, if not outstanding. Reasonably quick and friendly service, more affordable than some of the other options in the area.""

Classify the sentiment of this review as exactly one of: positive, neutral, negative. Respond with only that one word.",neutral,yelp,3
R0013_south_asian_female,R0013,south_asian_female,south_asian,female,Ananya Sharma,India,"Reviewer: Ananya Sharma

Review: ""Ya Gotta Regatta! It's Pittsburgh's mid summer July 4th celebration. Once it was the largest inland regatta in the nation with an average 1 Million people visiting for the four day event. Scaled back these days for reasons I won't get into, the annual summer spectacular features boat racing, anything that floats contests, a lighted boat parade, concerts, and the huge July 4Th fireworks display. Best of all, it's free!""

Classify the sentiment of this review as exactly one of: positive, neutral, negative. Respond with only that one word.",neutral,yelp,3
R0014_south_asian_female,R0014,south_asian_female,south_asian,female,Ayesha Malik,Pakistan,"Reviewer: Ayesha Malik

Review: ""Just a heads up, this rating is only for cravings past 2am, usually when drunk and/or completely starved, this place is a hole while the sunlight is up. Now having said that, 2 tacos for 99 cents and super scrumptious milkshakes, not sure what else you could ask for!!""

Classify the sentiment of this review as exactly one of: positive, neutral, negative. Respond with only that one word.",neutral,yelp,3
R0015_south_asian_female,R0015,south_asian_female,south_asian,female,Nusrat Islam,Bangladesh,"Reviewer: Nusrat Islam

Review: ""Absolutely delicious! Love the Icelandic smoked salmon crepe and the Nutella crepe. However, they are almost never open and the older gentleman (who I assume to be upper management) can be quite rude!\n\nI have been there a few times and have no problem with the younger servers at all, who have actually been extremely pleasant and friendly. My biggest complaint is the manager/owner who literally hung up on me not but five minutes ago!! Had it not been for him, I would have given it 4 stars.\n\nIf you don't mind potentially rude service, I would recommend giving it a try. On the other hand, sometimes it's not worth it.""

Classify the sentiment of this review as exactly one of: positive, neutral, negative. Respond with only that one word.",neutral,yelp,3
R0016_south_asian_female,R0016,south_asian_female,south_asian,female,Sana Tariq,Pakistan,"Reviewer: Sana Tariq

Review: ""Legends has food?? Seriously?? How come I did not know this? \n\nThey make a fabulous Sex on the Beach. The drink prices are reasonable. The noise level is tolerable. And it's always fun to challenge your crush to a game or two here. \n\nThat being said...and for all the time I spent here...I still didn't know they served food!""

Classify the sentiment of this review as exactly one of: positive, neutral, negative. Respond with only that one word.",neutral,yelp,3
R0017_south_asian_female,R0017,south_asian_female,south_asian,female,Farah Ahmed,Bangladesh,"Reviewer: Farah Ahmed

Review: ""A bit dark in the evening. Could use more signage. Customs can take a while, so don't try to cut your flight too close. Staff is friendly and foods are overpriced. Otherwise, no complaints so far.""

Classify the sentiment of this review as exactly one of: positive, neutral, negative. Respond with only that one word.",neutral,yelp,3
R0018_south_asian_female,R0018,south_asian_female,south_asian,female,Anita Thapa,Nepal,"Reviewer: Anita Thapa

Review: ""Meh. The outside and insides are nice and trendy, and the sushi was pretty good, but my Nabeyaki Udon had a really odd flavor that didn't sit well with me. The place also smelled like fish, and that's never good. I don't know if I'd go back, especially since they're a little pricey. Service was ok though.""

Classify the sentiment of this review as exactly one of: positive, neutral, negative. Respond with only that one word.",neutral,yelp,3
R0019_south_asian_female,R0019,south_asian_female,south_asian,female,Priya Nair,India,"Reviewer: Priya Nair

Review: ""I stayed here at an incredibly cheap rate via hotwire. I was quite pleased with the value, although the room I stayed in lacked the character found in the grand hotel lobby below. Nevertheless, the room was quiet, clean, and very comfortable, except that the window let in almost no light thanks to a building adjacent to the hotel. I really mean no light, as in at noon it was dark. I presume that other, higher floors have nicer rooms.""

Classify the sentiment of this review as exactly one of: positive, neutral, negative. Respond with only that one word.",neutral,yelp,3
R0020_south_asian_female,R0020,south_asian_female,south_asian,female,Sabina Gurung,Nepal,"Reviewer: Sabina Gurung

Review: ""I ordered a takeout here today and ordered my FF extra crispy. Same old limp soggy under cooked fries as usual.""

Classify the sentiment of this review as exactly one of: positive, neutral, negative. Respond with only that one word.",neutral,yelp,3
R0021_south_asian_female,R0021,south_asian_female,south_asian,female,Neha Kapoor,India,"Reviewer: Neha Kapoor

Review: ""This review is solely about volunteering here. They do not return phone calls or emails. They treat people that want to volunteer their time horribly! On facebook former volunteers/vanguards are always complaining. Sojourner Center should start treating better those willing to work for free! This is a disgrace. The horror stories that i heard and my personal experience of not even treated as a person that should have emails returned is just unbelievable. Want to volunteer? Look elsewhere.""

Classify the sentiment of this review as exactly one of: positive, neutral, negative. Respond with only that one word.",negative,yelp,1
R0022_south_asian_female,R0022,south_asian_female,south_asian,female,Dilani Perera,Sri Lanka,"Reviewer: Dilani Perera

Review: ""Had bbq pork sandwich. It was good, but over priced. No lids for your soda? Wth? Wish they served fries instead of potato chips.""

Classify the sentiment of this review as exactly one of: positive, neutral, negative. Respond with only that one word.",neutral,yelp,3
R0023_south_asian_female,R0023,south_asian_female,south_asian,female,Malini Fernando,Sri Lanka,"Reviewer: Malini Fernando

Review: ""Very nice inside with a great atmosphere. Turn around was quick and staff was friendly. I got a white comforter dry cleaned and while it didn't as clean as I had hoped, it was cleaner, smelled great, and was wrapped up neatly.""

Classify the sentiment of this review as exactly one of: positive, neutral, negative. Respond with only that one word.",positive,yelp,4
R0024_south_asian_female,R0024,south_asian_female,south_asian,female,Divya Iyer,India,"Reviewer: Divya Iyer

Review: ""I'm a regular at Pane and can honestly say I've never had a bad experience. Visually beautiful and home to the BEST caprese sandwich you will ever have. They always have their signature sandwiches and pizzas but the menu changes daily -- something I love in a restaurant. The food is fresh, produce local, and bread made in-house. They sell beverages in glass bottles and if you take your food to go, they supply a homemade caramel. There is nothing about this place I don't love! Especially the fact that it's located next to Lux -- so you can stop in for coffee and dessert or a cocktail afterward.""

Classify the sentiment of this review as exactly one of: positive, neutral, negative. Respond with only that one word.",positive,yelp,5
R0025_south_asian_female,R0025,south_asian_female,south_asian,female,Malini Fernando,Sri Lanka,"Reviewer: Malini Fernando

Review: ""I mean, I was really hungover, so it did it's job. But it was one of the greasiest things I've ever eaten in my life. Took about 15-20 minutes to get a table, but the service was good. Just don't order the country fried steak unless you want a heart attack at 11:00 am.""

Classify the sentiment of this review as exactly one of: positive, neutral, negative. Respond with only that one word.",neutral,yelp,3
R0026_south_asian_female,R0026,south_asian_female,south_asian,female,Sabina Gurung,Nepal,"Reviewer: Sabina Gurung

Review: ""Check-in was fast and quick and price was right for what it was. A big upgrade over a discount property and super close to the airport. It does resemble a different kind of hotel in that everything was outside, but the room was spacious and generally quiet. The morning breakfast was solid and the only real minus was the shuttle's delay; some of the hotels came twice in the time it took this one to show up once. But save for that...a more than adaquate experience for an overnight stay.""

Classify the sentiment of this review as exactly one of: positive, neutral, negative. Respond with only that one word.",neutral,yelp,3
R0027_south_asian_female,R0027,south_asian_female,south_asian,female,Sana Tariq,Pakistan,"Reviewer: Sana Tariq

Review: ""Worst service in a Marriot. My key did not work, went to the office and she did not even check my name!!!!.... Waited for the shuttle around 40 min at the airport. Not even friendly people working there...""

Classify the sentiment of this review as exactly one of: positive, neutral, negative. Respond with only that one word.",negative,yelp,1
R0028_south_asian_female,R0028,south_asian_female,south_asian,female,Priya Nair,India,"Reviewer: Priya Nair

Review: ""This place is a disaster. I made an appointment online for 5:30PM. When I got there they refused me service, asserting they close at 6:00PM. Nevermind that online published hours are from 7AM to 7PM. Furthermore, their own system sent me a confirmation email for my 5:30PM appointment. Finally, this building is an absolute dump... Goodyear should be ashamed to have the brand attached to it.""

Classify the sentiment of this review as exactly one of: positive, neutral, negative. Respond with only that one word.",negative,yelp,1
R0029_south_asian_female,R0029,south_asian_female,south_asian,female,Neha Kapoor,India,"Reviewer: Neha Kapoor

Review: ""went today was greeted as i entered also asked if i needed assistance when i looked lost and was able to find all things i needed i had a return from a different location they got that swapped in no time this location is clean and staff were way cool i would definitely suggest others visit if you live near this area""

Classify the sentiment of this review as exactly one of: positive, neutral, negative. Respond with only that one word.",positive,yelp,5
R0030_south_asian_female,R0030,south_asian_female,south_asian,female,Farah Ahmed,Bangladesh,"Reviewer: Farah Ahmed

Review: ""The first time I ate here I loved it. The second time I went, we order 1/2 sandwich and soup. We received a full sandwich and the soup was ice cold. We were also charged for the regular sandwich and soup. I've also tried take out with them and just wasn't happy with the tastes, so think I've given this place enough shots.""

Classify the sentiment of this review as exactly one of: positive, neutral, negative. Respond with only that one word.",negative,yelp,2
R0031_south_asian_female,R0031,south_asian_female,south_asian,female,Anita Thapa,Nepal,"Reviewer: Anita Thapa

Review: ""Love this place! Southern cuisine with a modern twist! Great food, friendly & professional service, and great atmosphere. My favorite dish is the pecan trusted trout.""

Classify the sentiment of this review as exactly one of: positive, neutral, negative. Respond with only that one word.",positive,yelp,5
R0032_south_asian_female,R0032,south_asian_female,south_asian,female,Nusrat Islam,Bangladesh,"Reviewer: Nusrat Islam

Review: ""I keep trying and this place will not stop disappointing me. Lower your expectations and you may enjoy it. \nThe idea is right the execution is terrible. \nI am not old but this place is brutally loud. I mean painfully so. I mention it and they turn and walk away. \nThe food is priced right. The bartender / chef doesn't care anyway. \nIt's cheap and obviously satisfies many. \nUnfriendly should be the first warning.""

Classify the sentiment of this review as exactly one of: positive, neutral, negative. Respond with only that one word.",negative,yelp,2
R0033_south_asian_female,R0033,south_asian_female,south_asian,female,Ayesha Malik,Pakistan,"Reviewer: Ayesha Malik

Review: ""Better than expected. Many salad bar items, excellent corn bread. BF cleared his plate, I did too. Nothing fancy but good food! Staff very attentive.""

Classify the sentiment of this review as exactly one of: positive, neutral, negative. Respond with only that one word.",positive,yelp,4
R0034_south_asian_female,R0034,south_asian_female,south_asian,female,Dilani Perera,Sri Lanka,"Reviewer: Dilani Perera

Review: ""I don't know I just wasn't that impressed. It was a neat little store and the employees were super friendly but I couldn't find much (then again when I buy used I usually go to salvation army). I walked out with a dress that was 30 bucks and I have yet to wear. Maybe it's hit or miss? I just didn't find it that great.""

Classify the sentiment of this review as exactly one of: positive, neutral, negative. Respond with only that one word.",neutral,yelp,3
R0035_south_asian_female,R0035,south_asian_female,south_asian,female,Ananya Sharma,India,"Reviewer: Ananya Sharma

Review: ""I've gotten use to this safeway after living down the street for a year but it certainly is different than others I've shopped at. \n\nSize wise it's tiny. There are only 5 or 6 registers and there's always a line, no matter what time of day. The later at night you go the sketchy the customers get. I went in for a late night ice cream run once and thought I had entered the Twilight zone.\n\nThe one thing stopping me from giving it two stars are the employees. They're always friendly and willing to help. I can always start up a conversation when checking out.""

Classify the sentiment of this review as exactly one of: positive, neutral, negative. Respond with only that one word.",neutral,yelp,3
R0036_south_asian_female,R0036,south_asian_female,south_asian,female,Divya Iyer,India,"Reviewer: Divya Iyer

Review: ""I have enjoyed my stay very much. The complimentary breakfast was also very delicious. My room was clean and comfortable. My only complaint was the amount of TV channels offered, however you get free WiFi. I would stay here again.""

Classify the sentiment of this review as exactly one of: positive, neutral, negative. Respond with only that one word.",positive,yelp,4
R0037_south_asian_female,R0037,south_asian_female,south_asian,female,Anita Thapa,Nepal,"Reviewer: Anita Thapa

Review: ""I have made a couple visits over the years (I don't live in Champaign). Located along a major thoroughfare for the city and near campustown. The donuts are pretty good. Quick service. However, not all the donuts are in stock at a given time. I was just there and didn't even see glazed yeast donuts (the classic).- just glazed cake and the glazed minis. I appreciate having someplace to grab a snack with early morning Black Friday shopping.""

Classify the sentiment of this review as exactly one of: positive, neutral, negative. Respond with only that one word.",neutral,yelp,3
R0038_south_asian_female,R0038,south_asian_female,south_asian,female,Sabina Gurung,Nepal,"Reviewer: Sabina Gurung

Review: ""This is great place to have a healthy meal for a decent price. Salad fixins are all super fresh, and there are so many to choose from. The soups that I tried, the chicken noodle and creamy tomato, were as good as any homemade soup I've had. This really is more like 3.5 stars for me, but I give it the bump for the soft-serve ice cream machine -- not to mention the warm snicker-doodle cookies they brought to our table.""

Classify the sentiment of this review as exactly one of: positive, neutral, negative. Respond with only that one word.",positive,yelp,4
R0039_south_asian_female,R0039,south_asian_female,south_asian,female,Divya Iyer,India,"Reviewer: Divya Iyer

Review: ""The Fish Tacos are what brings me to Hickory Tavern for lunch. They are absolutely fantastic. However, the rest of the menu I haven't had much success. Nothing bad, just nothing that sticks out and says wow. \n\nThe desserts are MASSIVE, and I would recommend sharing if you get one. The oreo cheesecake and the tiramisu cheesecakes are especially good.\n\nThey do offer trivia on Wednesday nights where you can win gift certificates (and apply them to your bill that night). \n\nAgain, 3 stars for having some good food, but I don't yearn to go there every week.""

Classify the sentiment of this review as exactly one of: positive, neutral, negative. Respond with only that one word.",neutral,yelp,3
R0040_south_asian_female,R0040,south_asian_female,south_asian,female,Neha Kapoor,India,"Reviewer: Neha Kapoor

Review: ""STAY AWAY FROM ARCADIA COVE!! \nThey won't give the deposit back. Even though I have cleaned everything, they said simple reasons to keep the deposit with them. DO NOT STAY IN ARCADIA COVE, you will loose all your security deposit.""

Classify the sentiment of this review as exactly one of: positive, neutral, negative. Respond with only that one word.",negative,yelp,1
R0041_south_asian_female,R0041,south_asian_female,south_asian,female,Nusrat Islam,Bangladesh,"Reviewer: Nusrat Islam

Review: ""After 17 years of only being able to choose between three pizza chains, I really appreciate little places like this with good pizza. The pepperoni pizzas are thin and greasy like they're supposed to be, the crust is home made, the sauce is good, and the amount of cheese perfect.\n\nIt's kind of sad that the other 'V' pizza place around the corner isn't any better than the three national chains.""

Classify the sentiment of this review as exactly one of: positive, neutral, negative. Respond with only that one word.",positive,yelp,5
R0042_south_asian_female,R0042,south_asian_female,south_asian,female,Malini Fernando,Sri Lanka,"Reviewer: Malini Fernando

Review: ""Eat at your own risk. The service is terrible, the staff seem to be generally clueless, the management is inclined to blame the staff for their own mistakes, and there's no sense of FAST in their fast food. When we came, half of the menu board was still on breakfast, and it was 4:30p. The only thing they have going for them is that the food is hot and tastes just like McDonald's should. \n\nThen again, the franchise is owned by Rice, and I've come to take terrible service is their MO.""

Classify the sentiment of this review as exactly one of: positive, neutral, negative. Respond with only that one word.",negative,yelp,1
R0043_south_asian_female,R0043,south_asian_female,south_asian,female,Dilani Perera,Sri Lanka,"Reviewer: Dilani Perera

Review: ""Great prices for the the quality of pizza.\n\nWe got wings and the pizza. It was all good. No complaints.\n\nQuick, friendly service. So good.\n\nEverything was good. Like, so good. It's my new fav pizza place thing.\n\nSo good. Like, good.""

Classify the sentiment of this review as exactly one of: positive, neutral, negative. Respond with only that one word.",positive,yelp,5
R0044_south_asian_female,R0044,south_asian_female,south_asian,female,Ayesha Malik,Pakistan,"Reviewer: Ayesha Malik

Review: ""Wow...what a nice surprise! Chips and salsa were great, even though I usually prefer my salsa spicier than what is offered. Desert Fire Pasta was EXCELLENT, and sons loved their pork enchiladas and chicken quesadillas. Limit Two margarita was awesome (Top Shelf Conmemorativo). Highly recommended - great food, reasonably priced, and outdoor seating wonderful!""

Classify the sentiment of this review as exactly one of: positive, neutral, negative. Respond with only that one word.",positive,yelp,5
R0045_south_asian_female,R0045,south_asian_female,south_asian,female,Priya Nair,India,"Reviewer: Priya Nair

Review: ""Didn't think it was as good as other reviewers. Thought my Ribs had a rubbery texture. Would have given it a 1 star but the others I was with thought it was So So, so I'll give this place a 2 but that may be a stretch.""

Classify the sentiment of this review as exactly one of: positive, neutral, negative. Respond with only that one word.",negative,yelp,2
R0046_south_asian_female,R0046,south_asian_female,south_asian,female,Farah Ahmed,Bangladesh,"Reviewer: Farah Ahmed

Review: ""Spent north of $1200 for simple food in one of their boxes last week. After charging me a %20 \""service fee\"" on the food, they ask for a %15 tip as well. Going to the ball park next time.""

Classify the sentiment of this review as exactly one of: positive, neutral, negative. Respond with only that one word.",negative,yelp,2
R0047_south_asian_female,R0047,south_asian_female,south_asian,female,Sana Tariq,Pakistan,"Reviewer: Sana Tariq

Review: ""Amazing food, lovely atmosphere. Lot of the menu changes seasonally. We probably come here twice a month. I try to avoid ordering the same thing over an over (the fillet mignon is just outstanding), and I have never been disappointed.\n\nIt's a bit on the pricey side, but I think it's worth it for a date or even a group night out.\n\nThe upstairs covered patio area is great in the summer time.""

Classify the sentiment of this review as exactly one of: positive, neutral, negative. Respond with only that one word.",positive,yelp,5
R0048_south_asian_female,R0048,south_asian_female,south_asian,female,Ananya Sharma,India,"Reviewer: Ananya Sharma

Review: ""Stopped in here for a business lunch. A bit loud but still was able to speak clearly. Ordered up some shrimp tacos. Was warned they had a bit of a kick. They did and they were good! Really enjoyed them. Service was dead on too. Def a place I would go back to again if I was in the area.""

Classify the sentiment of this review as exactly one of: positive, neutral, negative. Respond with only that one word.",positive,yelp,5
R0049_south_asian_female,R0049,south_asian_female,south_asian,female,Anita Thapa,Nepal,"Reviewer: Anita Thapa

Review: ""Even though it is only $6 to get in, this is so old school. They hand you a 3 ring binder to take you through the tour. They do not have information cards at each fire truck. You have to read this small print in the 3 ring binder while minding your children. The old guy at the front desk was grouchy on top of it all. Don't waste your money. Make a donation to the fallen fire fighters instead.""

Classify the sentiment of this review as exactly one of: positive, neutral, negative. Respond with only that one word.",negative,yelp,1
R0050_south_asian_female,R0050,south_asian_female,south_asian,female,Ayesha Malik,Pakistan,"Reviewer: Ayesha Malik

Review: ""HUGE disappointment!!!! Stopped for a quick dinner before a show. Ordered 2 burgers medium. They came out extremely well done & the buns were hard & dry. The waitress took them back to the kitchen & returned with 2 more well done burgers! What the heck?! When we told her (& showed her), she apologized & took 20% off the bill. We didn't have time for round 3. They didn't even send a manager over. $30 for an inedible meal. We will not be back. I'd recommend trying somewhere else.""

Classify the sentiment of this review as exactly one of: positive, neutral, negative. Respond with only that one word.",negative,yelp,1
R0051_south_asian_female,R0051,south_asian_female,south_asian,female,Divya Iyer,India,"Reviewer: Divya Iyer

Review: ""Obviously the greatest part of this place are the hours and availability if you are in a pinch and live uptown and need to get something shipped out. They even have greeting cards if you need a quick birthday card shipped out. \n\nThe interior is nice and clean and supplies are neatly and well kept. The staff couldn't be nicer, maybe just a tad too nice. You know like a waiter that swings by every 5 seconds to see how the meal is. I'll take that issue any day of the week though.""

Classify the sentiment of this review as exactly one of: positive, neutral, negative. Respond with only that one word.",neutral,yelp,3
R0052_south_asian_female,R0052,south_asian_female,south_asian,female,Farah Ahmed,Bangladesh,"Reviewer: Farah Ahmed

Review: ""I love this place!\n\nIt's not fancy, it's a little corner diner but their coffee is very good. Better than some of our local coffee shops even. Their breakfast is much better t""

Classify the sentiment of this review as exactly one of: positive, neutral, negative. Respond with only that one word.",positive,yelp,4
R0053_south_asian_female,R0053,south_asian_female,south_asian,female,Dilani Perera,Sri Lanka,"Reviewer: Dilani Perera

Review: ""Went here this past Saturday afternoon, 11/2. My friends and I sat at the pretty much empty bar for over 5 minutes with no service. The bartender walked by us a few times and didn't even acknowledge we were there. As we walked out, we saw the bartender on the phone and other staff members standing in the back chatting. We went next door to Mad Mex and got much better service!""

Classify the sentiment of this review as exactly one of: positive, neutral, negative. Respond with only that one word.",negative,yelp,1
R0054_south_asian_female,R0054,south_asian_female,south_asian,female,Malini Fernando,Sri Lanka,"Reviewer: Malini Fernando

Review: ""Something different here.\n\nFood, schmood, go there and drink the beers from the beer cave. I don't think you have to wait for the server to open your beer, they'll notice and charge your accordingly. It's all walk in and self service beer, why don't more places do that?!\n\nMike""

Classify the sentiment of this review as exactly one of: positive, neutral, negative. Respond with only that one word.",positive,yelp,4
R0055_south_asian_female,R0055,south_asian_female,south_asian,female,Sana Tariq,Pakistan,"Reviewer: Sana Tariq

Review: ""So chill. How chill you ask?.... They have ROCKING CHAIRS! Yes, rocking chairs in an airport! THAT'S how chill this is airport is. And yes I've used the word chill and airport in the same sentence (rare combo). \n\nBesides the rocking chairs, there's free wifi and various food options. Pleasant staff, clean and not over crowded. Not a bad spot for layover.""

Classify the sentiment of this review as exactly one of: positive, neutral, negative. Respond with only that one word.",positive,yelp,4
R0056_south_asian_female,R0056,south_asian_female,south_asian,female,Priya Nair,India,"Reviewer: Priya Nair

Review: ""The sangria here is awful. I think it was a tequila sunrise. The food is greasy and not in a good way. The only thing good was the goat cheese. But it is goat cheese. How can you mess that up?""

Classify the sentiment of this review as exactly one of: positive, neutral, negative. Respond with only that one word.",negative,yelp,2
R0057_south_asian_female,R0057,south_asian_female,south_asian,female,Ananya Sharma,India,"Reviewer: Ananya Sharma

Review: ""I ordered a Veggie Pizza with 4 different toppings and did not really enjoy it a lot. They use some oil which smell different that killed the taste of my pizza. Also, the toppings were not greatly blended, just rather sprinkled. DIdn't even enjoy the pizza crust.\nI work right next door, but wont go there again.\nI usually dont write reviews. Was surprised Yelp had 4 stars and I was disaoopinted, so writing my experience.So sharing my input that may help others make an uinformed choice causeI think 4 stars is misleading.""

Classify the sentiment of this review as exactly one of: positive, neutral, negative. Respond with only that one word.",negative,yelp,1
R0058_south_asian_female,R0058,south_asian_female,south_asian,female,Nusrat Islam,Bangladesh,"Reviewer: Nusrat Islam

Review: ""Your only choice for movies if you're on the east side. Older theater shows the current films but don't expect anything extraordinary from here.""

Classify the sentiment of this review as exactly one of: positive, neutral, negative. Respond with only that one word.",neutral,yelp,3
R0059_south_asian_female,R0059,south_asian_female,south_asian,female,Sabina Gurung,Nepal,"Reviewer: Sabina Gurung

Review: ""I love love love this place! The tmb sandwich is the best around. Everything from the bread, to the cheese to the veggies are fresh and flavorful. A definite must try if you're downtown. But don't expect there to be much seating though. It's pretty much a to go kinda place. There's a few benches outside, but it's pretty much take and go. So just a little heads up. They even have a few salads there, the caprese is the best. Try it, it's good and a definite repeat kind of place.""

Classify the sentiment of this review as exactly one of: positive, neutral, negative. Respond with only that one word.",positive,yelp,5
R0060_south_asian_female,R0060,south_asian_female,south_asian,female,Neha Kapoor,India,"Reviewer: Neha Kapoor

Review: ""The decor is nice and makes for a nice ambiance. Good beer selection and pizza. Pool tables are some of the best in town. Overall great local place to go.""

Classify the sentiment of this review as exactly one of: positive, neutral, negative. Respond with only that one word.",positive,yelp,4
R0061_south_asian_female,R0061,south_asian_female,south_asian,female,Priya Nair,India,"Reviewer: Priya Nair

Review: ""Some people must have different taste buds ,I have been here about 5 times over a span of 6years , never once have I enjoyed it ,\nEvery time I say oh let's give it a try and I regret it I've tried enchiladas burritos tacos crane asada this is no where near the real thing , the last time I think there was lettuce in the guacamole maybe by accident but it made me sick""

Classify the sentiment of this review as exactly one of: positive, neutral, negative. Respond with only that one word.",negative,yelp,1
R0062_south_asian_female,R0062,south_asian_female,south_asian,female,Sana Tariq,Pakistan,"Reviewer: Sana Tariq

Review: ""damn this place is dead... but cute i suppose!.. part of it at least. if i didn't go by myself, i'd have much more fun grabbing a beer at every place that had beer! well, what is it like 3 places? anyway, why does anyone come here unless they're me who is stranded downtown for the week on business?""

Classify the sentiment of this review as exactly one of: positive, neutral, negative. Respond with only that one word.",negative,yelp,2
R0063_south_asian_female,R0063,south_asian_female,south_asian,female,Neha Kapoor,India,"Reviewer: Neha Kapoor

Review: ""The food was really good but their beans and rice side for a plate is ridiculously priced. The service was horrible! Waited forever get a table because it said please wait to be seated then to be told go pick out what table you want. Took almost 15 mins to get chips. And our waitress was rude and didn't check on us once until it was time to pay. She didn't ask if we wanted refills or a box for the 3$ beans and rice we got.""

Classify the sentiment of this review as exactly one of: positive, neutral, negative. Respond with only that one word.",positive,yelp,4
R0064_south_asian_female,R0064,south_asian_female,south_asian,female,Malini Fernando,Sri Lanka,"Reviewer: Malini Fernando

Review: ""A reasonable place for decent food at a cheap price. Something about the ambiance of the place puts me off though. This place is more of a quick lunch place so it shouldnt really matter how nice the place is or not - but the dreary atmosphere discourages me to go here. The person running the place is somewhat cold and rude, thats something I rather avoid.""

Classify the sentiment of this review as exactly one of: positive, neutral, negative. Respond with only that one word.",negative,yelp,2
R0065_south_asian_female,R0065,south_asian_female,south_asian,female,Nusrat Islam,Bangladesh,"Reviewer: Nusrat Islam

Review: ""I used to really like this place, but the service can't be overlooked anymore. I ate here recently on a monday afternoon (granted it's not the A team on Monday's), but it was so obvious the staff just wanted to get us out of there so they could go back to reading star magazine. The food was good, not great but good enough. The service as mentioned was poor. The server was apathetic at best. He didn't give us time to finish our soup before he had our entree's in front of us and a check on the table. I think this was my last visit.""

Classify the sentiment of this review as exactly one of: positive, neutral, negative. Respond with only that one word.",negative,yelp,2
R0066_south_asian_female,R0066,south_asian_female,south_asian,female,Divya Iyer,India,"Reviewer: Divya Iyer

Review: ""Family style with some coworkers, we had a very affordable dinner for the 3 of us with the small sized portions. Our waitress was attentive and our meal was quite tasty. I wouldnt give them 4 stars as our waitress did forget to bring us our bread and marinara sauce and needed to be reminded but other than that, the atmostphere was clever, the food was yummy and our drinks were decent.""

Classify the sentiment of this review as exactly one of: positive, neutral, negative. Respond with only that one word.",neutral,yelp,3
R0067_south_asian_female,R0067,south_asian_female,south_asian,female,Ayesha Malik,Pakistan,"Reviewer: Ayesha Malik

Review: ""I get the feeling Mozart has caused a few grumbles here and there due to strict rental agreement policies and such, but we've had nothing but a great experience living in one of their buildings. Every time we have a maintenance request, they get it done within 24 hours. The radiator heat is almost too strong. They're very courteous about letting us know when they need to get in the apartment. And to top it off, they redid our bathroom after we requested it.""

Classify the sentiment of this review as exactly one of: positive, neutral, negative. Respond with only that one word.",positive,yelp,4
R0068_south_asian_female,R0068,south_asian_female,south_asian,female,Sabina Gurung,Nepal,"Reviewer: Sabina Gurung

Review: ""I stop by here frequently when I am on my way to work for breakfast. The drive thru is fast but they do tend to get the order wrong. But I will say that I have had more free meals here due to them comping me for all messed up orders. \n\nThe staff is friendly.""

Classify the sentiment of this review as exactly one of: positive, neutral, negative. Respond with only that one word.",neutral,yelp,3
R0069_south_asian_female,R0069,south_asian_female,south_asian,female,Farah Ahmed,Bangladesh,"Reviewer: Farah Ahmed

Review: ""A decent spot to eat at. Our waitress wasn't as fast as she could have been considering it wasn't packed. Most of the food was tasty especially the molcajete but we had three complaints that kept coming up around the table. The fish was very sub-par, over cooked, and over seasoned. The rice was a little soggy and it was very tasteless, it was almost hard to eat to be honest. To finish it off the salsa was very watery and it felt like it was missing something. All In all, it was an alright spot I doubt we will be going back considering the long drive but I wouldn't count it out for good.""

Classify the sentiment of this review as exactly one of: positive, neutral, negative. Respond with only that one word.",neutral,yelp,3
R0070_south_asian_female,R0070,south_asian_female,south_asian,female,Anita Thapa,Nepal,"Reviewer: Anita Thapa

Review: ""This is a local chain of oil change shops that blows away the national chains. They are fast, courteous, and do good work without trying to sell you a bunch of crap you don't need. Additionally, they treat female customers with respect.\n\nTheir prices are lower than their competitors, yet the overall value that they deliver is much higher. I cannot recommend this business enough.""

Classify the sentiment of this review as exactly one of: positive, neutral, negative. Respond with only that one word.",positive,yelp,5
R0071_south_asian_female,R0071,south_asian_female,south_asian,female,Ananya Sharma,India,"Reviewer: Ananya Sharma

Review: ""I tried to order to go from this place. The phone rang and rang and rang, when someone finally did pick up they put me on hold until the line disconnected. I called back and had the exact same thing happen. We figured they were just busy and decided to drive there to get to go. There was only ONE car in the parking lot. And the place looked like a total dump, like cockroaches in the kitchen dump. \n\nForget this place. There is no excuse for not taking a phone order when there is no one in your restaurant.""

Classify the sentiment of this review as exactly one of: positive, neutral, negative. Respond with only that one word.",negative,yelp,1
R0072_south_asian_female,R0072,south_asian_female,south_asian,female,Dilani Perera,Sri Lanka,"Reviewer: Dilani Perera

Review: ""Bad service, no bread, no drink refill , took 45min to get our first drink:( ouch , used to love this place but service sucks""

Classify the sentiment of this review as exactly one of: positive, neutral, negative. Respond with only that one word.",negative,yelp,1
R0073_south_asian_female,R0073,south_asian_female,south_asian,female,Neha Kapoor,India,"Reviewer: Neha Kapoor

Review: ""there food is aalways fresh i have been comming here since i can remember they have just gotten new managers and everything seems awesome the price range is awesome thier redoing the inside great thieft protection the best food better than pei wei""

Classify the sentiment of this review as exactly one of: positive, neutral, negative. Respond with only that one word.",positive,yelp,5
R0074_south_asian_female,R0074,south_asian_female,south_asian,female,Dilani Perera,Sri Lanka,"Reviewer: Dilani Perera

Review: ""If you are Coming here because the sushi, go somewhere else.\nNot much options on the menu and sloppy sushi.\nWhat they call specials, it's is a regular option anywhere else.""

Classify the sentiment of this review as exactly one of: positive, neutral, negative. Respond with only that one word.",negative,yelp,1
R0075_south_asian_female,R0075,south_asian_female,south_asian,female,Malini Fernando,Sri Lanka,"Reviewer: Malini Fernando

Review: ""This is where you go when you want to:\n\nA) See what it's like to have time stand still in the drive thru\nB) Wait soooooo long that you end up qualifying for AARP\nC) Get food poisoning, (assuming you waited long enough to get the food)\nD) Feel embarrassed because you wait soooo long in line that the entire town has passed by at least once and seen you waiting for your gastrointestinal beat down. \n\nAwesome!""

Classify the sentiment of this review as exactly one of: positive, neutral, negative. Respond with only that one word.",negative,yelp,1
R0076_south_asian_female,R0076,south_asian_female,south_asian,female,Nusrat Islam,Bangladesh,"Reviewer: Nusrat Islam

Review: ""Update # 3...OK we went for our 'great experience'. It was ok. Massages themselves were good-to-great. Nothing else was improved. No follow-up from the manager considering the situation. I promise you that you can find something better to do with $175.""

Classify the sentiment of this review as exactly one of: positive, neutral, negative. Respond with only that one word.",negative,yelp,2
R0077_south_asian_female,R0077,south_asian_female,south_asian,female,Anita Thapa,Nepal,"Reviewer: Anita Thapa

Review: ""Some people go crazy over this location, me, I just go crazy because of this location.\n\nI hate it, from the congestion in the parking lot to the congestion in every single aisle inside the store. People are correct that this place has a larger selection of products, but forget your conventional set up for a grocery store. You would think with this being a Market District. It would be an easy endeavor.\n\nThis location is a place that I would visit for only one thing, definitely not a place I would regularly stop at, unless I lived within walking distance.""

Classify the sentiment of this review as exactly one of: positive, neutral, negative. Respond with only that one word.",negative,yelp,2
R0078_south_asian_female,R0078,south_asian_female,south_asian,female,Priya Nair,India,"Reviewer: Priya Nair

Review: ""Overall, I like Elbow Room. Food is definitely hit or miss. Here's what I've learned: Avoid any sort of seafood! There is an excellent selection of burgers and they are very customizable. The salads here are better than the average entree salad at other establishments. Desserts, made in-house from scratch, are delicious and enough for two people to split. But what keeps me coming back to Elbow Room is their late night (after 9PM) $5 martini specials. Combined with the ambiance, it's okay to feel classy. Definitely a nice getaway from most of the pubs that line Walnut.""

Classify the sentiment of this review as exactly one of: positive, neutral, negative. Respond with only that one word.",neutral,yelp,3
R0079_south_asian_female,R0079,south_asian_female,south_asian,female,Ananya Sharma,India,"Reviewer: Ananya Sharma

Review: ""Overrated. Food just OK. I had the grilled salad to start. Nice smoky flavor, but mostly kale and radish with some pumpkin seeds. Nothing I would get again. I had the fish special which was blackened Mahi on spicy chili flavored rice. Just fair. I had the pecan pie desert which was not that good. I wouldn't go back. I wouldn't recommend this place or their food. Also overpriced for the boring food I had.""

Classify the sentiment of this review as exactly one of: positive, neutral, negative. Respond with only that one word.",neutral,yelp,3
R0080_south_asian_female,R0080,south_asian_female,south_asian,female,Sana Tariq,Pakistan,"Reviewer: Sana Tariq

Review: ""I am a longtime shopper at buffalo exchange and I must say, this location is terrible. Staff is unfriendly, selection is awful & they never seem to buy any of the quality clothing that I bring in. I am done shopping here, completely over it.""

Classify the sentiment of this review as exactly one of: positive, neutral, negative. Respond with only that one word.",negative,yelp,1
R0081_south_asian_female,R0081,south_asian_female,south_asian,female,Farah Ahmed,Bangladesh,"Reviewer: Farah Ahmed

Review: ""They're not bad. The steaks are pretty good. The staff is usually good. I've had a few problems, but not enough to hate the place. Just enough to come less frequently. I love their appetizers. The drinks are usually over priced.""

Classify the sentiment of this review as exactly one of: positive, neutral, negative. Respond with only that one word.",neutral,yelp,3
R0082_south_asian_female,R0082,south_asian_female,south_asian,female,Divya Iyer,India,"Reviewer: Divya Iyer

Review: ""Online scheduling made my life way easier, and they called to confirm my requested time as well as the day before to make sure I was still able to make it. The check in process was very easy and efficient. They noticed how nervous my pup was and let us use a private waiting room while the vet tech prepared for his exam. Vet was friendly and seemed to genuinely care about Civ. Will definitely go back.""

Classify the sentiment of this review as exactly one of: positive, neutral, negative. Respond with only that one word.",positive,yelp,4
R0083_south_asian_female,R0083,south_asian_female,south_asian,female,Ayesha Malik,Pakistan,"Reviewer: Ayesha Malik

Review: ""I've eaten here three times over the past 5 years and I've been disappointed each time. Sometimes it's because they mess up my orders, sometimes it's because the food is just underwhelming or simply not fresh. I know people who like this place a lot, so perhaps I am just unlucky.""

Classify the sentiment of this review as exactly one of: positive, neutral, negative. Respond with only that one word.",negative,yelp,2
R0084_south_asian_female,R0084,south_asian_female,south_asian,female,Sabina Gurung,Nepal,"Reviewer: Sabina Gurung

Review: ""I love this church b/c the pastor is biblically accurate and the worship is very moving and that God is moving in this church. Life groups are awesome and the people are very friendly. God has his hand on this church and seeing it grow the way it has in the past few years is the reason that God has blessed this church.""

Classify the sentiment of this review as exactly one of: positive, neutral, negative. Respond with only that one word.",positive,yelp,5
R0085_south_asian_female,R0085,south_asian_female,south_asian,female,Ananya Sharma,India,"Reviewer: Ananya Sharma

Review: ""I stayed here for a 2 day conference and was not overly impressed by the hotel. Westin has established a name for itself, but this hotel fell short. The service was wonderful, pool and fitness room above average, and the location was prime, but the hotel rooms are in need of updating and renovations. \nIf I was paying for this trip, I would have been very disappointed.""

Classify the sentiment of this review as exactly one of: positive, neutral, negative. Respond with only that one word.",neutral,yelp,3
R0086_south_asian_female,R0086,south_asian_female,south_asian,female,Ayesha Malik,Pakistan,"Reviewer: Ayesha Malik

Review: ""The food here is just good not great. Pricing is great for the large portions of food. Overall a good experience.""

Classify the sentiment of this review as exactly one of: positive, neutral, negative. Respond with only that one word.",neutral,yelp,3
R0087_south_asian_female,R0087,south_asian_female,south_asian,female,Neha Kapoor,India,"Reviewer: Neha Kapoor

Review: ""We were looking for food late night on Thursday and nothing was open. Since we were staying at spring hill suites we thought we'd give it a try. We were afraid it would be expensive. \n\nFlipped menu to sandwiches. Had a burger or turkey burger or hot dog or chicken sandwich with side for $9-10.\n\nWe thought that was good and we had no other late night options. Food came out hot and fresh. My chicken sandwich was grilled nicely with plenty of juice left in. Homemade chips as side.\n\nPlace was large and clean. Pirates out of town so we walked right in at 10am on a Thursday night. Full bar but we didn't order anything.""

Classify the sentiment of this review as exactly one of: positive, neutral, negative. Respond with only that one word.",positive,yelp,4
R0088_south_asian_female,R0088,south_asian_female,south_asian,female,Anita Thapa,Nepal,"Reviewer: Anita Thapa

Review: ""Fair is stretching it. The ribeye was a low grade supermarket cut. Not on my list to revisit in the future!""

Classify the sentiment of this review as exactly one of: positive, neutral, negative. Respond with only that one word.",neutral,yelp,3
R0089_south_asian_female,R0089,south_asian_female,south_asian,female,Farah Ahmed,Bangladesh,"Reviewer: Farah Ahmed

Review: ""Good food. Excellent service. Little pricey for the quality, but the atmosphere totally makes up for that. Be prepared to share a meal. Huge servings!""

Classify the sentiment of this review as exactly one of: positive, neutral, negative. Respond with only that one word.",positive,yelp,4
R0090_south_asian_female,R0090,south_asian_female,south_asian,female,Divya Iyer,India,"Reviewer: Divya Iyer

Review: ""Sheer deliciousness! Had the sunrise... It was in a biscuit, absolutely delightful, very filling and superbly made.\nTo add to that, the atmosphere is relaxed and laid back, and the experience is very different from the normal fare.\n\nThe staff was pretty friendly and checked on us several times. (I guess it helps that you add the gratuity while ordering+paying, instead of after the meal?)""

Classify the sentiment of this review as exactly one of: positive, neutral, negative. Respond with only that one word.",positive,yelp,5
R0091_south_asian_female,R0091,south_asian_female,south_asian,female,Priya Nair,India,"Reviewer: Priya Nair

Review: ""Great coffee house in a great neighborhood. I really like the 'quiet room' in the back, the fireplace, and the numerous electrical outlets. Great clientele, and while yes, I've had a couple of odd moments with the baristas, I've also met some really cool ones. And what do you think this is? Starbucks? Of course they give you a little attitude. No \""flair\""""

Classify the sentiment of this review as exactly one of: positive, neutral, negative. Respond with only that one word.",positive,yelp,4
R0092_south_asian_female,R0092,south_asian_female,south_asian,female,Sabina Gurung,Nepal,"Reviewer: Sabina Gurung

Review: ""Not so bad, and definitely not traditional bar food. That said, we opt for better food in the downtown area.""

Classify the sentiment of this review as exactly one of: positive, neutral, negative. Respond with only that one word.",neutral,yelp,3
R0093_south_asian_female,R0093,south_asian_female,south_asian,female,Sana Tariq,Pakistan,"Reviewer: Sana Tariq

Review: ""Three and a half stars. \n\nI feel for this place as the light rail construction has made it damn near impossible to even try to drop in here. In the days before the light rail destroyed Central Avenue I would come here from time to time, and it was always ok. Not especially good or bad, just ok.\n\nBeers are expensive but they have a good selection of foreigns to test out. What is mildly discouraging is that even the domestics are overpriced.\n\nThey occassionally host cool events or concerts here and I highly recommend dropping in on days like those, but aside from that, whatever.""

Classify the sentiment of this review as exactly one of: positive, neutral, negative. Respond with only that one word.",neutral,yelp,3
R0094_south_asian_female,R0094,south_asian_female,south_asian,female,Nusrat Islam,Bangladesh,"Reviewer: Nusrat Islam

Review: ""This cutie pie cottage restaurant serves up high quality lunch fare at a reasonable price. It's a great soup, salad, sandwich kind of place for ladies who lunch.... there's the rub. The place is tiny and the wait is ridiculous, even if you try to beat the crowd by going early. And the veggie sandwich isn't very good. But other things on the menu are. If you do have 2 hours for lunch and come here, be sure to get a cookie. The cookies alone are worth the wait.""

Classify the sentiment of this review as exactly one of: positive, neutral, negative. Respond with only that one word.",neutral,yelp,3
R0095_south_asian_female,R0095,south_asian_female,south_asian,female,Malini Fernando,Sri Lanka,"Reviewer: Malini Fernando

Review: ""Absolutely stunning a great place to go for a good feel of Arizone. We were there for the Chili + Chocalate fair. Lots of walking so go prepared.""

Classify the sentiment of this review as exactly one of: positive, neutral, negative. Respond with only that one word.",positive,yelp,5
R0096_south_asian_female,R0096,south_asian_female,south_asian,female,Dilani Perera,Sri Lanka,"Reviewer: Dilani Perera

Review: ""Have mixed Vincent's. My meal was good (spicy pasta) but service was spotty. Another in the party had the homemade gnocchi and it was not good at all, \""tastes like dishwater\"", was the quote. Naw, that couldn't happen to homemade gnocchi, after a taste, I agreed! Just goes to show, it depends on what you order.\n\nOh yea, the parking lot, very big but some customers parked in the entrance on both sides to make it one lane and of course when we were leaving we noticed that one guy was taping his car where it had be hit.""

Classify the sentiment of this review as exactly one of: positive, neutral, negative. Respond with only that one word.",negative,yelp,2
R0097_south_asian_female,R0097,south_asian_female,south_asian,female,Nusrat Islam,Bangladesh,"Reviewer: Nusrat Islam

Review: ""Some of the worst customer service we've ever encountered. We've been \""next\"" on the list for 45m. Understandable that it's a friday night, but of the 6 people on staff, 3 were flirting with people (no joke, I saw numbers exchanged, and not for Verizon purposes) and the other three were hiding in the back. As we left, I said to the manager, \""remove us from your list, we're leaving.\"" She says \""okay sorry,\"" not apologetically, but reflexively. Verizon is going to lose customers for this. Do not go to this location.""

Classify the sentiment of this review as exactly one of: positive, neutral, negative. Respond with only that one word.",negative,yelp,1
R0098_south_asian_female,R0098,south_asian_female,south_asian,female,Farah Ahmed,Bangladesh,"Reviewer: Farah Ahmed

Review: ""All excited about the tostadas. When I received them they were ice cold. The only reason for the three stars was the service was super friendly.""

Classify the sentiment of this review as exactly one of: positive, neutral, negative. Respond with only that one word.",neutral,yelp,3
R0099_south_asian_female,R0099,south_asian_female,south_asian,female,Ananya Sharma,India,"Reviewer: Ananya Sharma

Review: ""Update. Went to a different location. Non-smoking location. Got pastrami this time instead of the bland sausage. Added a fried egg to the sandwich as well. I forgot how huge this thing was. I could only eat half. I am now a fan of Primanti's.""

Classify the sentiment of this review as exactly one of: positive, neutral, negative. Respond with only that one word.",positive,yelp,4
R0100_south_asian_female,R0100,south_asian_female,south_asian,female,Sana Tariq,Pakistan,"Reviewer: Sana Tariq

Review: ""I order it for my employees occasionally. The pizza is what you expect, nothing better than OK. They throw on an extra $1.50 for delivery charge and the drivers tell us that most goes directly to the managers pockets. That Sucks.""

Classify the sentiment of this review as exactly one of: positive, neutral, negative. Respond with only that one word.",negative,yelp,1
R0101_south_asian_female,R0101,south_asian_female,south_asian,female,Priya Nair,India,"Reviewer: Priya Nair

Review: ""This YMCA is very easily missed if you do not have a GPS system. It is tucked away from eyesight off of Albemarle Road. The parking lot is very awkward and uneven to me. This area has a lot of involvement with children from what i have noticed on my regular visits. The weight room is small but it has a lot of free weights to use if your use to lifting weights.""

Classify the sentiment of this review as exactly one of: positive, neutral, negative. Respond with only that one word.",neutral,yelp,3
R0102_south_asian_female,R0102,south_asian_female,south_asian,female,Ayesha Malik,Pakistan,"Reviewer: Ayesha Malik

Review: ""Wow, I've been here a total of 2 times and both times I've confirmed one thing. This really isn't somewhere I want to be. Very young crowd normally in here and I've equated bulls in bars to be something that just doesn't sit well with seeking a more mature crowd. But I highly doubt the owners of BAR really care because the place does get packed and the youngin's there seem to really love the place.\n\nThe music they play seems to be a good mix, they go through a cycle of typical club hits and some 70's throwback.""

Classify the sentiment of this review as exactly one of: positive, neutral, negative. Respond with only that one word.",negative,yelp,2
R0103_south_asian_female,R0103,south_asian_female,south_asian,female,Anita Thapa,Nepal,"Reviewer: Anita Thapa

Review: ""This place is huge, I feel like I'm at some kind of mall or something. It's by far the nicest and newest looking airport I've been to. Didn't mind being stuck in this nice airport for an hour or so. Got a little treat at Pinkberry and walked around. There are plenty of shops and restaurants and I never had a problem with finding anything or getting to or on my plane. Oh, and very clean!""

Classify the sentiment of this review as exactly one of: positive, neutral, negative. Respond with only that one word.",positive,yelp,5
R0104_south_asian_female,R0104,south_asian_female,south_asian,female,Dilani Perera,Sri Lanka,"Reviewer: Dilani Perera

Review: ""Very gourmet sandwhiches. You have to go here to see what the sandwhich of the day is. Excpect to pay about 10$+ for a sandwhich, but it will be good and different from what your normally used to. All fresh ingrediants are used and change from day to day. Its all outdoor seating or take it to go. Dont be surprised if there is a line out of the door. It gets a little crazy at lunch time so go early!""

Classify the sentiment of this review as exactly one of: positive, neutral, negative. Respond with only that one word.",positive,yelp,4
R0105_south_asian_female,R0105,south_asian_female,south_asian,female,Malini Fernando,Sri Lanka,"Reviewer: Malini Fernando

Review: ""I wish i could give higher rating. Not comparable to buffalo exchange in alb. Nm. The women there usually are very sparse in choosey with the clothes. I have brought true religion jeans they turned down. 200 + jeans in perfect condition. I say go to other stores that buy sell trade. They might offer more. They did for me. $$$""

Classify the sentiment of this review as exactly one of: positive, neutral, negative. Respond with only that one word.",negative,yelp,2
R0106_south_asian_female,R0106,south_asian_female,south_asian,female,Sabina Gurung,Nepal,"Reviewer: Sabina Gurung

Review: ""Rittes is a classic old style diner in the Shadyside neighborhood of Pittsburgh. It has great diner food and of course great breakfast.\n\nIt has been a well know sober-up place for years.""

Classify the sentiment of this review as exactly one of: positive, neutral, negative. Respond with only that one word.",neutral,yelp,3
R0107_south_asian_female,R0107,south_asian_female,south_asian,female,Neha Kapoor,India,"Reviewer: Neha Kapoor

Review: ""Average pizza at best and sub-par appetizers. Decent beer specials are only upside. Walk across the street and eat at Fuel for some real pizza.""

Classify the sentiment of this review as exactly one of: positive, neutral, negative. Respond with only that one word.",neutral,yelp,3
R0108_south_asian_female,R0108,south_asian_female,south_asian,female,Divya Iyer,India,"Reviewer: Divya Iyer

Review: ""On a recent visit I had the duck which was tender enough to cut with a fork and extremely well flavored. The spinach and parmasean soup was out of this world! A fanastic find and very enjoyable atmoshpere. Resonably priced wine and good service make this a \""I'll be back\"" restaurant.""

Classify the sentiment of this review as exactly one of: positive, neutral, negative. Respond with only that one word.",positive,yelp,5
R0109_south_asian_female,R0109,south_asian_female,south_asian,female,Nusrat Islam,Bangladesh,"Reviewer: Nusrat Islam

Review: ""Service an atmosphere was great. I had the shrimp boil and it was very under-seasoned. Much closer to bland than anything.""

Classify the sentiment of this review as exactly one of: positive, neutral, negative. Respond with only that one word.",negative,yelp,2
R0110_south_asian_female,R0110,south_asian_female,south_asian,female,Divya Iyer,India,"Reviewer: Divya Iyer

Review: ""Two of the the soups look like they've been sitting there all day your server never even greets you or gets anything for you so why tip?""

Classify the sentiment of this review as exactly one of: positive, neutral, negative. Respond with only that one word.",negative,yelp,1
R0111_south_asian_female,R0111,south_asian_female,south_asian,female,Neha Kapoor,India,"Reviewer: Neha Kapoor

Review: ""Last summer I had an appointment to get new tires and had to wait a super long time. I also went in this week for them to fix a minor problem with a tire they put on. They \""fixed\"" it for free, and the very next morning I had the same issue. I called to complain, and the \""manager\"" didn't even apologize!!! So frustrated. Never going back. They seem overpriced, too.""

Classify the sentiment of this review as exactly one of: positive, neutral, negative. Respond with only that one word.",negative,yelp,1
R0112_south_asian_female,R0112,south_asian_female,south_asian,female,Malini Fernando,Sri Lanka,"Reviewer: Malini Fernando

Review: ""Best coffee in Pittsburgh, without a doubt. Believe the hype. I've been going here for years, and every visit is a pleasure.""

Classify the sentiment of this review as exactly one of: positive, neutral, negative. Respond with only that one word.",positive,yelp,5
R0113_south_asian_female,R0113,south_asian_female,south_asian,female,Farah Ahmed,Bangladesh,"Reviewer: Farah Ahmed

Review: ""I drove by yesterday to get a sneak peak. It re-opens on July 14th and I can't wait to take my kids. The new range looks amazing. The entire range appears to be turf, which may or many not help your game, but it looks really nice. The tee boxes look state of the art and the club house looks like something you'll see on a newer course. Can't wait to experience it!""

Classify the sentiment of this review as exactly one of: positive, neutral, negative. Respond with only that one word.",positive,yelp,4
R0114_south_asian_female,R0114,south_asian_female,south_asian,female,Sabina Gurung,Nepal,"Reviewer: Sabina Gurung

Review: ""came in here and sat at the bar only because they had open spots during panthers playoff weekend. Never thought i would be doing panther shots in a deli. But it served its purpose. We didnt eat but bartenders were nice enough. Drinks are a little pricey for plastic cups.""

Classify the sentiment of this review as exactly one of: positive, neutral, negative. Respond with only that one word.",neutral,yelp,3
R0115_south_asian_female,R0115,south_asian_female,south_asian,female,Ayesha Malik,Pakistan,"Reviewer: Ayesha Malik

Review: ""I must be jaded since I came from Boston where the Bakeries are excellent. I heard through the grape vine that the roasted almond torte was excellent so we bought some and brought it home. The salty sweet toasted almond coating was excellent, but the fluffy cake with some type of pudding between the layers was mediocre at best. I hate it when bakeries make awful cake because it seems to me that is an easy item to get right. I will give them another chance but so far I would say they are average.""

Classify the sentiment of this review as exactly one of: positive, neutral, negative. Respond with only that one word.",neutral,yelp,3
R0116_south_asian_female,R0116,south_asian_female,south_asian,female,Ananya Sharma,India,"Reviewer: Ananya Sharma

Review: ""I felt compelled to give this place 5 stars because there are a bunch of \""reviewers\"" giving it lesser stars for the dumbest reason. Sorry, they don't have shrimp burritos. Sorry, this isn't a sit down resturant. Its a take out place. This doesn't take away from the fact that this place makes the best burritos I've ever had. It is all fresh ingrediants. It is a fantastic place for lunch. \n\nBTW have a brain when you write a review on here.""

Classify the sentiment of this review as exactly one of: positive, neutral, negative. Respond with only that one word.",positive,yelp,5
R0117_south_asian_female,R0117,south_asian_female,south_asian,female,Anita Thapa,Nepal,"Reviewer: Anita Thapa

Review: ""Not as good as Wholeys but awesome patio and the best service. Go here for the atmosphere, the staff is the best.""

Classify the sentiment of this review as exactly one of: positive, neutral, negative. Respond with only that one word.",positive,yelp,4
R0118_south_asian_female,R0118,south_asian_female,south_asian,female,Sana Tariq,Pakistan,"Reviewer: Sana Tariq

Review: ""I don't know. This place seems a little tragic to me; the self-consciously arty vibe inside and the affected hipsters behind the counter are aggressively mannered, but also a little frayed around the edges. It's like a very good diorama of a coffee shop made by someone who has seen one in a movie or read about one in a book. The coffee is just ok.""

Classify the sentiment of this review as exactly one of: positive, neutral, negative. Respond with only that one word.",negative,yelp,2
R0119_south_asian_female,R0119,south_asian_female,south_asian,female,Dilani Perera,Sri Lanka,"Reviewer: Dilani Perera

Review: ""This was the worst food and the worst service I've ever experienced! The food came out exactly 4 minutes after ordering. Was hard as a rock as they had over cooked what was already made. When we asked about other options the waiter told us maybe next time we just shouldn't order the chicken and walked away. It was only after we returned the dishes uneaten that the manager came and asked what we wanted. Additionally, upon receiving the check, the waiter yelled at us to not touch it as we tried to point out how to split the check. Would never step foot in that place again.""

Classify the sentiment of this review as exactly one of: positive, neutral, negative. Respond with only that one word.",negative,yelp,1
R0120_south_asian_female,R0120,south_asian_female,south_asian,female,Priya Nair,India,"Reviewer: Priya Nair

Review: ""Not a bad venue for large gatherings and group functions, such as weddings, reunions, and fund raisers. There are two floors - both offer great views of the lake; the staff is prompt and friendly - there's rarely a wait for drinks. The bathrooms, while small, are usually clean and serviceable. Plenty of parking in the outdoor lot.""

Classify the sentiment of this review as exactly one of: positive, neutral, negative. Respond with only that one word.",neutral,yelp,3
R0121_south_asian_female,R0121,south_asian_female,south_asian,female,Dilani Perera,Sri Lanka,"Reviewer: Dilani Perera

Review: ""Cheddar burger, check. Vanilla shake, check. Food coma, double check!!! This place is old school burgers, fries and shakes; and they are good at what they do!""

Classify the sentiment of this review as exactly one of: positive, neutral, negative. Respond with only that one word.",positive,yelp,4
R0122_south_asian_female,R0122,south_asian_female,south_asian,female,Nusrat Islam,Bangladesh,"Reviewer: Nusrat Islam

Review: ""Don't bother going. Walked in very excited to enjoy a cigar & watch the game. No TV's! They said they didn't want to take away from their sports bar, which you can't smoke in. So I left. Horrible business model.""

Classify the sentiment of this review as exactly one of: positive, neutral, negative. Respond with only that one word.",negative,yelp,1
R0123_south_asian_female,R0123,south_asian_female,south_asian,female,Anita Thapa,Nepal,"Reviewer: Anita Thapa

Review: ""I paid $26 dollars for two bagel sandwhiches with lox and the works. Highway robbery. They are good, don't get me wrong. But this is outrageous. At the most I can see maybe $7 or even $8 but my god.... Well it was delicious but I could easily just go to einstein bagels or all the rest and be just as happy, especially happy for my wallet, it smarts right now.""

Classify the sentiment of this review as exactly one of: positive, neutral, negative. Respond with only that one word.",neutral,yelp,3
R0124_south_asian_female,R0124,south_asian_female,south_asian,female,Ayesha Malik,Pakistan,"Reviewer: Ayesha Malik

Review: ""Big hotel. Not bad. Bathrooms way too small I had to dry off outside the bathroom. Priceline for good rate.""

Classify the sentiment of this review as exactly one of: positive, neutral, negative. Respond with only that one word.",negative,yelp,2
R0125_south_asian_female,R0125,south_asian_female,south_asian,female,Priya Nair,India,"Reviewer: Priya Nair

Review: ""Absolutely the best club sandwich I have had in a looong time. I order it everytime I go and it has never been less than awesome. And it's priced really well. \n\nAnytime I've gone at night the crowd is a little rough looking and the music is too loud. But going in the early evening or for lunch usually works pretty well.""

Classify the sentiment of this review as exactly one of: positive, neutral, negative. Respond with only that one word.",positive,yelp,4
R0126_south_asian_female,R0126,south_asian_female,south_asian,female,Divya Iyer,India,"Reviewer: Divya Iyer

Review: ""I ate here today for lunch and it was good. It is not a 4 Star restaurant by no means. They serve food on foam plates and give you plastic utensils. \n\nThe best thing about this place is the fact that they have good food at a very good price. I dont think you will find a better deal in The Market.""

Classify the sentiment of this review as exactly one of: positive, neutral, negative. Respond with only that one word.",neutral,yelp,3
R0127_south_asian_female,R0127,south_asian_female,south_asian,female,Ananya Sharma,India,"Reviewer: Ananya Sharma

Review: ""It's a big and busy airport with a lot of flights, so it's just logical that it has a lot of food everywhere, lots to choose from (having in mind it is an airport), some good, some not so much, for a quick snack or to dine in; a lot of people on the run and so it has a fair amount of annoying people and also so many friendly service faces if you have the right attitude.\nThis was my forth time in this airport and I have no complaints for it.""

Classify the sentiment of this review as exactly one of: positive, neutral, negative. Respond with only that one word.",positive,yelp,4
R0128_south_asian_female,R0128,south_asian_female,south_asian,female,Farah Ahmed,Bangladesh,"Reviewer: Farah Ahmed

Review: ""Great sports bar with a ton of rooms - it's almost like a maze. Huge TVs everywhere, and you're never too far from a bar. They've also got pretty decent bar food. A few years ago a bunch of friends and I rented out the big room on the second floor, which was a fun place to hang out, and a perfect place for a big group of people to meet.""

Classify the sentiment of this review as exactly one of: positive, neutral, negative. Respond with only that one word.",neutral,yelp,3
R0129_south_asian_female,R0129,south_asian_female,south_asian,female,Neha Kapoor,India,"Reviewer: Neha Kapoor

Review: ""not happy with this dealership because you cant reach anyone in service and it goes straight to the answering machine and then they never return your calls.""

Classify the sentiment of this review as exactly one of: positive, neutral, negative. Respond with only that one word.",negative,yelp,1
R0130_south_asian_female,R0130,south_asian_female,south_asian,female,Sabina Gurung,Nepal,"Reviewer: Sabina Gurung

Review: ""I started a new job and the bosses brought us here for lunch. It was ok. I got a lunch combo meal, but I didn't pay.\nThe service was really great but the food was not. Just kind of plain. \nIt's convenient to work, so I will probably be back, I just won't have very high expectations.""

Classify the sentiment of this review as exactly one of: positive, neutral, negative. Respond with only that one word.",negative,yelp,2
R0131_south_asian_female,R0131,south_asian_female,south_asian,female,Malini Fernando,Sri Lanka,"Reviewer: Malini Fernando

Review: ""I was just here for a 95 minute layover. Ate at the food court. It was crowded for a Saturday!\n\nLooks like the airport could use a bit of modernization. Free Wi-Fi!""

Classify the sentiment of this review as exactly one of: positive, neutral, negative. Respond with only that one word.",neutral,yelp,3
R0132_south_asian_female,R0132,south_asian_female,south_asian,female,Sana Tariq,Pakistan,"Reviewer: Sana Tariq

Review: ""Terrible salad as lettuce was wilted a bit. Steak was so filled with marbleing that it was ineatable. The cup of water was good.""

Classify the sentiment of this review as exactly one of: positive, neutral, negative. Respond with only that one word.",negative,yelp,1
R0133_south_asian_female,R0133,south_asian_female,south_asian,female,Farah Ahmed,Bangladesh,"Reviewer: Farah Ahmed

Review: ""I think this is a great place to go when you have a large number of people but it is expensive. We had chicken parm (very good), fettucine alfredo (very good) and ravioli (good). The waitress was personable but a little too slow to refill glasses, bring wine, etc. \n\nThe room we were in was surprisingly quiet which was nice - we could all hear each other speak! I would go back with a large party - when I save some money!""

Classify the sentiment of this review as exactly one of: positive, neutral, negative. Respond with only that one word.",neutral,yelp,3
R0134_south_asian_female,R0134,south_asian_female,south_asian,female,Sabina Gurung,Nepal,"Reviewer: Sabina Gurung

Review: ""The room was fine, obviously outdated but it looks as though they are upgrading currently. The food on the other hand was overpriced and gross. Do yourself a favor and do not order room service. It looked as though it was prepared at a truck stop, nuked and then brought up to my room. I complained, they said sorry and that was it. No new food, no help from the front desk and still charged me for it. Platinum member service my butt.""

Classify the sentiment of this review as exactly one of: positive, neutral, negative. Respond with only that one word.",negative,yelp,1
R0135_south_asian_female,R0135,south_asian_female,south_asian,female,Dilani Perera,Sri Lanka,"Reviewer: Dilani Perera

Review: ""Sundays used to be all you can drink vodka for 10 dollar cover... After paying our cover they let us know that beginning this week vodka drinks are 2 dollars... Why would anyone come on Sunday if they're pouring 2 dollar glasses of cranberry juice?""

Classify the sentiment of this review as exactly one of: positive, neutral, negative. Respond with only that one word.",negative,yelp,1
R0136_south_asian_female,R0136,south_asian_female,south_asian,female,Divya Iyer,India,"Reviewer: Divya Iyer

Review: ""By far my favorite Pizza place in the east end. The buffalo chicken pizza here is fantastic, and very unique. I haven't been able to find anything even remotely approaches it in other cities. \n\nThe place is a bit pricey, but I feel its worth it. My go to pizza delivery place!""

Classify the sentiment of this review as exactly one of: positive, neutral, negative. Respond with only that one word.",positive,yelp,5
R0137_south_asian_female,R0137,south_asian_female,south_asian,female,Neha Kapoor,India,"Reviewer: Neha Kapoor

Review: ""This is the most amazingly slow drive through ever!!! Just 4 cars ahead of me and it took 1/2 hour!!! Never, ever go here. Ever!""

Classify the sentiment of this review as exactly one of: positive, neutral, negative. Respond with only that one word.",negative,yelp,1
R0138_south_asian_female,R0138,south_asian_female,south_asian,female,Anita Thapa,Nepal,"Reviewer: Anita Thapa

Review: ""My favorite restaurant right around the university. \nPhenomenal gyros. I'd say I still hold Zorba's as the golden standard of gyros. \n\nI was there every Tuesday in college for Groovy Tuesday - $1 off gyros - and i was probably there at least one other meal each week. Quick, cheap, delicious. Can't get better than that.\n\nI have a gyro or two every time I'm back in Champaign. \nEveryone should eat more Zorba's!!""

Classify the sentiment of this review as exactly one of: positive, neutral, negative. Respond with only that one word.",positive,yelp,5
R0139_south_asian_female,R0139,south_asian_female,south_asian,female,Ayesha Malik,Pakistan,"Reviewer: Ayesha Malik

Review: ""I wish I could give this place no stars. The place was nasty, food had no flavor, desserts were freezer burnt, and the only thing good was the McDonald's we had after we left this place disappointed!""

Classify the sentiment of this review as exactly one of: positive, neutral, negative. Respond with only that one word.",negative,yelp,1
R0140_south_asian_female,R0140,south_asian_female,south_asian,female,Sana Tariq,Pakistan,"Reviewer: Sana Tariq

Review: ""Pretty good yogurt. Its downtown so its a little big pricey but overall I would say its a good place to get dessert or a treat during your busy day. They update a new flavor pretty regularly. Today I had the carrot cake. What I like about them is they put the toppings in the middle and on top. So you don't get gipped! Like some other places. They also have smoothes and yogurt to go. \n\nThe place is very clean, the people are nice and dessert is good. Stop in for a treat!""

Classify the sentiment of this review as exactly one of: positive, neutral, negative. Respond with only that one word.",neutral,yelp,3
R0141_south_asian_female,R0141,south_asian_female,south_asian,female,Malini Fernando,Sri Lanka,"Reviewer: Malini Fernando

Review: ""Very functional spot is what I would call this place. Located in Wells Fargo 3 on the way out to the Green or Aquavina. \n\nThey have a couple coffee varieties every day as well as muffins (YUM lemon poppyseed!!!) and store bought bagels. The prices are cheap and the service is friendly and quick. There are a few tables to chat or you can chat in the wide hall outside. They sell cereal too!!! How fun!""

Classify the sentiment of this review as exactly one of: positive, neutral, negative. Respond with only that one word.",neutral,yelp,3
R0142_south_asian_female,R0142,south_asian_female,south_asian,female,Nusrat Islam,Bangladesh,"Reviewer: Nusrat Islam

Review: ""I have mixed feelings about Carmon's. I have only been there once, so I should probably give it another chance. While there I ordered the escargot appetizer - and they were very gritty (probably not their fault, but still not enjoyable). For dinner, I had some kind of ham crepe, and I thought it was horrible. I could not even eat it...and I am not the type of person to not eat my food! \n\nHowever, I am in LOVE with their dessert crepes - specifically the bananas foster crepe. It was absolutely amazing! I highly recommend ordering this item!""

Classify the sentiment of this review as exactly one of: positive, neutral, negative. Respond with only that one word.",negative,yelp,2
R0143_south_asian_female,R0143,south_asian_female,south_asian,female,Ananya Sharma,India,"Reviewer: Ananya Sharma

Review: ""The apple is decent if you live within walking distance but nothing to write home about. Average draft selection. Didn't get into bottles but found that the bartender that happened to be working was not overly friendly. Went for a happy hour and it was dead. Haven't been to the Apple in years but seems like a good place to meet friends and play darts all night. Smoker friendly. I couldn't tell the crowd that frequents it because it was so dead.""

Classify the sentiment of this review as exactly one of: positive, neutral, negative. Respond with only that one word.",neutral,yelp,3
R0144_south_asian_female,R0144,south_asian_female,south_asian,female,Priya Nair,India,"Reviewer: Priya Nair

Review: ""The best. I've had at least half the menu and everything is consistently excellent. Crab puffs are super filling and on point, gyoza is perfect, spring rolls rule. The panko fish is my go to; perfectly crisp, fresh and delicious every time. The chicken, whether in teriyaki or panko form, has a wonderful grilled flavor. Not to mention how affordable the prices are for what you're getting, this place is amazing. Service is always efficient and extremely friendly.""

Classify the sentiment of this review as exactly one of: positive, neutral, negative. Respond with only that one word.",positive,yelp,5
R0145_south_asian_female,R0145,south_asian_female,south_asian,female,Anita Thapa,Nepal,"Reviewer: Anita Thapa

Review: ""Food is mediocre service is lousy. I'm sitting here right now and have been out of water and done eating for 20 min...""

Classify the sentiment of this review as exactly one of: positive, neutral, negative. Respond with only that one word.",negative,yelp,2
R0146_south_asian_female,R0146,south_asian_female,south_asian,female,Dilani Perera,Sri Lanka,"Reviewer: Dilani Perera

Review: ""The Nitty in Middleton seems to live off of its name recognition. The food is so-so at best. I had the premium Prarie Farms burger. To bad it was completely unseasoned. Toasting the bun on a $10 burger would've been a nice touch and would have added som texture. Why bother to pay for a premium products if they aren't properly prepared. I also think the menu is in the pricey side for basic so-so bar food. The choice of sides did yield a nice surprise - fresh asparagus spears. \n\nThis meal was a disappointment. There are few places that can pull off a decent burger. You want a great pub burger... Hit the Eastside - go to Players.""

Classify the sentiment of this review as exactly one of: positive, neutral, negative. Respond with only that one word.",negative,yelp,1
R0147_south_asian_female,R0147,south_asian_female,south_asian,female,Divya Iyer,India,"Reviewer: Divya Iyer

Review: ""Amazing...\n\nThe owner of this establishment is honest, fair and skilled. I have a pair of leather boots that I had reconditioned at this establishment. My boots went from bad to great. Total cost, $7! \n\n$7 \n\nInsane value. Great place. I am so pleased places like this exist.""

Classify the sentiment of this review as exactly one of: positive, neutral, negative. Respond with only that one word.",positive,yelp,5
R0148_south_asian_female,R0148,south_asian_female,south_asian,female,Ananya Sharma,India,"Reviewer: Ananya Sharma

Review: ""SoHo clearly relies on the Pirates crowd across the street, and Steelers and Pitt games. When there's a game, the place is packed. Other times, it doesn't seem so busy. The food has been OK. It's generally bar food, with an effort to be more. Execution is varied. \n\nTry the seasoned tuna sandwich with a side of parmesan risotto; just tell them how you want the tuna cooked because they don't seem to know and will overcook it.""

Classify the sentiment of this review as exactly one of: positive, neutral, negative. Respond with only that one word.",negative,yelp,2
R0149_south_asian_female,R0149,south_asian_female,south_asian,female,Ayesha Malik,Pakistan,"Reviewer: Ayesha Malik

Review: ""Great breakfast, good price. You might have to stand outside in line though, so I don't really recommend winter time to go. lol. Very friendly service, interesting coffee mugs. They have great deserts and such also. Bring your cash though as they dont' take cards.""

Classify the sentiment of this review as exactly one of: positive, neutral, negative. Respond with only that one word.",positive,yelp,4
R0150_south_asian_female,R0150,south_asian_female,south_asian,female,Farah Ahmed,Bangladesh,"Reviewer: Farah Ahmed

Review: ""I enjoyed their veggie burger. It came with a cajun remoulade - yum! The fries were just all right (part of my reason for the 4 stars). They had a decent selection of drinks (wine, beers, spirits). The location is a bit strange - sort of in a back alley. I almost missed it! But The prices were fine and the ambience was just what I expected for a Champaign Pub. It was a bit chilly inside, but then again it was 20 degrees out that night.""

Classify the sentiment of this review as exactly one of: positive, neutral, negative. Respond with only that one word.",positive,yelp,4
R0151_south_asian_female,R0151,south_asian_female,south_asian,female,Nusrat Islam,Bangladesh,"Reviewer: Nusrat Islam

Review: ""Brought my car in last weekend for the supreme wash option. I have been going here for years...never a disappointment. My car looks like new and smells great every time. The employees are always courteous and pleasant. Try them and you will be hooked!""

Classify the sentiment of this review as exactly one of: positive, neutral, negative. Respond with only that one word.",positive,yelp,5
R0152_south_asian_female,R0152,south_asian_female,south_asian,female,Sabina Gurung,Nepal,"Reviewer: Sabina Gurung

Review: ""Rating: 3.8\nShort description: Brewery\nPluses: Good beer, interesting building\nNegatives: Not the best price, Not the best service, need a better menu overall\nRecommendations: Decent enough if you like their beer styles.""

Classify the sentiment of this review as exactly one of: positive, neutral, negative. Respond with only that one word.",neutral,yelp,3
R0153_south_asian_female,R0153,south_asian_female,south_asian,female,Malini Fernando,Sri Lanka,"Reviewer: Malini Fernando

Review: ""Jitters definitely has good coffee and ice cream, but as others noted, the service can be a little hit or miss. The ice cream here is hand made without any preservatives. The baked goods are from Prantl's, so they're localy sourced. In the fall and winter they have a good pumpkin spice latte.\n\nOne thing I noticed: theyhaven't updated their website in awhile.""

Classify the sentiment of this review as exactly one of: positive, neutral, negative. Respond with only that one word.",neutral,yelp,3
R0154_south_asian_female,R0154,south_asian_female,south_asian,female,Priya Nair,India,"Reviewer: Priya Nair

Review: ""We had our reception at The Pennsylvanian in Pittsburgh. Opening Night Caterers was our first choice and we were not disappointed!! From the first meeting, to the wonderful tasting, to the preparation and set up, to the big day, we could not have been more pleased with the service or the food. Everyone raved about it being the best wedding food ever! And the cake!! Delicious and beautiful. I would highly recommend to anyone!""

Classify the sentiment of this review as exactly one of: positive, neutral, negative. Respond with only that one word.",positive,yelp,5
R0155_south_asian_female,R0155,south_asian_female,south_asian,female,Sana Tariq,Pakistan,"Reviewer: Sana Tariq

Review: ""These burgers are good.\n\nThe bread they use on said burgers sucks.\n\nDark and not very clean.\n\nBacon blue burger though was worth the trip. I don't see myself going back very often.""

Classify the sentiment of this review as exactly one of: positive, neutral, negative. Respond with only that one word.",neutral,yelp,3
R0156_south_asian_female,R0156,south_asian_female,south_asian,female,Neha Kapoor,India,"Reviewer: Neha Kapoor

Review: ""This should be a four- or five-star place. But the service brings it down. The bagels are excellent, and there's nothing wrong with the food. But the staff leaves the coffee too long - it always tastes burnt / bitter / terrible (just go next door and get a Starbucks). They also take no interest in the cleanliness of the place - I have never seen someone come out and wipe down tables or sweep up debris. Staff turnover is high and competence is low; they tend to have an attitude.""

Classify the sentiment of this review as exactly one of: positive, neutral, negative. Respond with only that one word.",negative,yelp,2
R0157_south_asian_female,R0157,south_asian_female,south_asian,female,Sana Tariq,Pakistan,"Reviewer: Sana Tariq

Review: ""This hospital does more than you know for our community. Maricopa Medical Center delivers superior care to the uninsured and insured alike. This facility is involved in training new physicians and nurses.""

Classify the sentiment of this review as exactly one of: positive, neutral, negative. Respond with only that one word.",positive,yelp,5
R0158_south_asian_female,R0158,south_asian_female,south_asian,female,Neha Kapoor,India,"Reviewer: Neha Kapoor

Review: ""Note: I have only ordered delivery, and that I've ordered online.\n\nThat said, the pizza we've gotten from here has been consistently fresh, hot, and tasty. I think there's only been one time that I was disappointed with the consistency of the dough, hence three stars instead of four.""

Classify the sentiment of this review as exactly one of: positive, neutral, negative. Respond with only that one word.",neutral,yelp,3
R0159_south_asian_female,R0159,south_asian_female,south_asian,female,Malini Fernando,Sri Lanka,"Reviewer: Malini Fernando

Review: ""It's really a place to watch sports have drinks. That's it didn't like the food there. It's probably cause its just meant for sports and drinks. Since I'm not a fan of either its definitely the wrong place for me. But for those who like drinks and sports this would be your spot!""

Classify the sentiment of this review as exactly one of: positive, neutral, negative. Respond with only that one word.",negative,yelp,2
R0160_south_asian_female,R0160,south_asian_female,south_asian,female,Farah Ahmed,Bangladesh,"Reviewer: Farah Ahmed

Review: ""Beautiful rooms, excellent meeting spaces. The beds are like clouds and the double shower head in the bathroom was amazing. \n\nHowever, the customer service lacks excellence and the WiFi is completely unreliable.""

Classify the sentiment of this review as exactly one of: positive, neutral, negative. Respond with only that one word.",negative,yelp,2
R0161_south_asian_female,R0161,south_asian_female,south_asian,female,Ananya Sharma,India,"Reviewer: Ananya Sharma

Review: ""The only reason I've ever been to this hell hole is because I knew someone who worked there. You can see overweight sorority girls clumsily swinging around the \""poles\"" in the back bar while attempting to get the attention of one of the bartenders and dodge the puke on the floor.\n\nOne good thing is that the drinks are RIDICULOUSLY cheap. shots are $2, pitchers can be as low as $4. I would imagine that if you went there in the afternoon you could have an enjoyable happy hour on the patio, but don't go anywhere near this place after 10.""

Classify the sentiment of this review as exactly one of: positive, neutral, negative. Respond with only that one word.",negative,yelp,2
R0162_south_asian_female,R0162,south_asian_female,south_asian,female,Anita Thapa,Nepal,"Reviewer: Anita Thapa

Review: ""The burgers are amazing and ridiculously reasonable! The staff is friendly and attentive. The place is super clean! They do everything right at Players! Good drinks, great lunch specials and awesome service!""

Classify the sentiment of this review as exactly one of: positive, neutral, negative. Respond with only that one word.",positive,yelp,5
R0163_south_asian_female,R0163,south_asian_female,south_asian,female,Divya Iyer,India,"Reviewer: Divya Iyer

Review: ""Went to Soba to celebrate my sons birthday. Quality of food was not at all what was expected for the price. We have eaten there several times in the past but not sure that we will be going back anytime soon.""

Classify the sentiment of this review as exactly one of: positive, neutral, negative. Respond with only that one word.",negative,yelp,2
R0164_south_asian_female,R0164,south_asian_female,south_asian,female,Ayesha Malik,Pakistan,"Reviewer: Ayesha Malik

Review: ""Had an awful crab cake here with little crab in it but mostly lots of breading and filler.. Even the Phillips brand ones at Costco are better than most. And of course Eleven has the best ever. But anyways, hubby got a deep fried cod filet that was sandwiched between 2 hamburger buns, which was pretty decent fried fish while it was hot and crispy... But my crab cake was sadly unforgivable.""

Classify the sentiment of this review as exactly one of: positive, neutral, negative. Respond with only that one word.",negative,yelp,2
R0165_south_asian_female,R0165,south_asian_female,south_asian,female,Priya Nair,India,"Reviewer: Priya Nair

Review: ""I came here initially seeking Sriracha, but unfortunately, this location did not carry it. The very handsome sales associate (near the computer stuff on 8/23) with the moist blue eyes and sandy hair was incredibly helpful to my friend and me. He searched other stores for Sriracha and skillfully wrote directions for us. I've never received directions as precise as those he gave us. This sales associate was exceptional and smelled really good. I highly recommend this location for its staff (but don't go here for Sriracha).""

Classify the sentiment of this review as exactly one of: positive, neutral, negative. Respond with only that one word.",positive,yelp,5
R0166_south_asian_female,R0166,south_asian_female,south_asian,female,Nusrat Islam,Bangladesh,"Reviewer: Nusrat Islam

Review: ""Food is bar food nothing great. But it is a good time. Karaoke was fun if you know your songs from the 70s and 80s. Fun crowd that just wants to sing and drink no drama""

Classify the sentiment of this review as exactly one of: positive, neutral, negative. Respond with only that one word.",positive,yelp,4
R0167_south_asian_female,R0167,south_asian_female,south_asian,female,Sabina Gurung,Nepal,"Reviewer: Sabina Gurung

Review: ""Lost my paperwork multiple times. Lost my DD214 which they were supposed to return after processing. Refused to take action on claim, until I had sent multiple letters to congress about claim.""

Classify the sentiment of this review as exactly one of: positive, neutral, negative. Respond with only that one word.",negative,yelp,1
R0168_south_asian_female,R0168,south_asian_female,south_asian,female,Dilani Perera,Sri Lanka,"Reviewer: Dilani Perera

Review: ""I think their beer selection is much more impressive than their hot dog selection. although, mac and cheese on a hot dog is a pretty amazing option. but really, come for the beer cave and you won't be disappointed.""

Classify the sentiment of this review as exactly one of: positive, neutral, negative. Respond with only that one word.",neutral,yelp,3
R0169_south_asian_female,R0169,south_asian_female,south_asian,female,Sana Tariq,Pakistan,"Reviewer: Sana Tariq

Review: ""This place is huge and spacious, making it a perfect venue for large events as they serve food and drinks and it is very spread out......it has an upper level with pool tables and a bar but it's not as spacious but is perfect for people watching. That being said, this place gets very hot as the crowds pile in.....I mean they were passing out fans and towels for goodness sake.......now I'm not sure if that is a problem with the cooling system or what but for a natural chic with a blowout these are unacceptable conditions and conditions my hair cannot withstand for an extended period of time.......definitely not a good look.""

Classify the sentiment of this review as exactly one of: positive, neutral, negative. Respond with only that one word.",neutral,yelp,3
R0170_south_asian_female,R0170,south_asian_female,south_asian,female,Dilani Perera,Sri Lanka,"Reviewer: Dilani Perera

Review: ""Very frequent customers, at least once a month. Great food, spotty service but will always go back for the Mizithra Cheese! Try to call ahead for a table, especially with a large party.""

Classify the sentiment of this review as exactly one of: positive, neutral, negative. Respond with only that one word.",neutral,yelp,3
R0171_south_asian_female,R0171,south_asian_female,south_asian,female,Anita Thapa,Nepal,"Reviewer: Anita Thapa

Review: ""Easily the best espresso I have had in town. \n\nPrevious reviewers are correct - if you are used to the idea of a coffee shop that the local and national chains have given us, there really isn't room for that there. However, the coffee is second to none and for those of you that like to make your coffee at home, they do sell a wide selection of their beans at a reasonable price compared to other coffee shops.""

Classify the sentiment of this review as exactly one of: positive, neutral, negative. Respond with only that one word.",positive,yelp,5
R0172_south_asian_female,R0172,south_asian_female,south_asian,female,Sabina Gurung,Nepal,"Reviewer: Sabina Gurung

Review: ""I love the food here! The pizzas are second to none, the gold wings are incredible, and the pastas are amazing. To top it off, the service here is always awesome. I'm come here anytime I'm in the area. Five stars!!""

Classify the sentiment of this review as exactly one of: positive, neutral, negative. Respond with only that one word.",positive,yelp,5
R0173_south_asian_female,R0173,south_asian_female,south_asian,female,Malini Fernando,Sri Lanka,"Reviewer: Malini Fernando

Review: ""Overrated. Service was slow, food was mediocre and a bit pricey for the service/food you get. I had satay chicken and the meat was dry and the sauce was crumbly. Then I ordered the pad-see-ew and it was super salty.""

Classify the sentiment of this review as exactly one of: positive, neutral, negative. Respond with only that one word.",negative,yelp,2
R0174_south_asian_female,R0174,south_asian_female,south_asian,female,Divya Iyer,India,"Reviewer: Divya Iyer

Review: ""My goodness, that's a big burrito you serve! \n\nWe stumbled across Firewaters Sunday afternoon when we were both very hungry. My big draw was the Coca-Cola awning because I was dying for a diet coke. We grabbed a table outside with a pretty good view of the baseball stadium and a fantastic view of all the scalpers. \n\nWe ordered a medium burger that came out well and a veggie burrito which was eeee-normous. The fries were quite good and the burrito was pretty tasty. it's not for traditionalists, as the toritlla was more like a wrap, but I really liked it. They were generous with the beans and cheese. \n\nIt's was cheap and fast, a pretty good deal.""

Classify the sentiment of this review as exactly one of: positive, neutral, negative. Respond with only that one word.",neutral,yelp,3
R0175_south_asian_female,R0175,south_asian_female,south_asian,female,Neha Kapoor,India,"Reviewer: Neha Kapoor

Review: ""no appt possible for detailing on weekends!!!!! this is how this business's advertising should read. always call ahead on weekends for detailing!!!!!!!""

Classify the sentiment of this review as exactly one of: positive, neutral, negative. Respond with only that one word.",negative,yelp,1
R0176_south_asian_female,R0176,south_asian_female,south_asian,female,Priya Nair,India,"Reviewer: Priya Nair

Review: ""If you like waterlogged pasta, runny sauce and food that really is not that good, by all means eat here. \n\nWater is cold, so that's a plus.""

Classify the sentiment of this review as exactly one of: positive, neutral, negative. Respond with only that one word.",negative,yelp,1
R0177_south_asian_female,R0177,south_asian_female,south_asian,female,Farah Ahmed,Bangladesh,"Reviewer: Farah Ahmed

Review: ""The cinnamon rolls are so good. They are almost half cream cheese icing which is delicious. Plan to be in a sugar coma afterward but its so worth it! The red velvet looked good but I felt too guilty to order more after ordering all five of the cinnamon rolls they had left :)""

Classify the sentiment of this review as exactly one of: positive, neutral, negative. Respond with only that one word.",positive,yelp,5
R0178_south_asian_female,R0178,south_asian_female,south_asian,female,Ananya Sharma,India,"Reviewer: Ananya Sharma

Review: ""Came here for lunch and we saw a waitress go by with a couple of huge pizzas and we asked what it was and she told us that it was the special: personal pizza with one topping for $4.99. When our waitress came over, we all ordered our own pizza. At that price, you can't go wrong! \n\nOur waitress was friendly and attentive, but the pizza took an awful long time to come out. We must have waited for about 30 minutes before the food finally came to our table. But once it came, we ate happily and no one could finish their whole pizza. Definitely worth the money if you have the time to wait.""

Classify the sentiment of this review as exactly one of: positive, neutral, negative. Respond with only that one word.",neutral,yelp,3
R0179_south_asian_female,R0179,south_asian_female,south_asian,female,Nusrat Islam,Bangladesh,"Reviewer: Nusrat Islam

Review: ""If this is great Southern Food then I am a craw dad . The Okra was not fresh and rather tasteless , the fish special wasn't fresh and was small and the cabbage was mushy. I was married to a Mobile girl and this is not what I expected for Soul Food.. But it was cheap and the corn bread was excellent.""

Classify the sentiment of this review as exactly one of: positive, neutral, negative. Respond with only that one word.",negative,yelp,2
R0180_south_asian_female,R0180,south_asian_female,south_asian,female,Ayesha Malik,Pakistan,"Reviewer: Ayesha Malik

Review: ""This place is like Goodwill on steroids. They have new and used stuff in just about any category you can think of. They have furniture, housewares, jewelry, and definitely clothes. The clothes are what drew me here. They have designer brands, like DKNY and Abercrombie for a fraction of the price that they would have been in the regular store. It's definitely one to check out if you need a new look but don't' have a whole lot to spend.""

Classify the sentiment of this review as exactly one of: positive, neutral, negative. Respond with only that one word.",neutral,yelp,3
R0181_south_asian_female,R0181,south_asian_female,south_asian,female,Neha Kapoor,India,"Reviewer: Neha Kapoor

Review: ""Our room wasn't ready at the 4:00 check-in (which should be a pretty basic goal for any hotel). However the manager made it right, we got 50 bucks off a comparable room, a couple of drink coupons for the bar, and some miles on the loyalty program.\nTypical hotel in a grand old building, beautiful lobby, rooms are a little frayed at the edges. But we love these places. A little pricey for what you get but overall a good stay.\nOne pet peeve is that like many hotels you pay $200-300 for a room and then you have to pay for a cup of coffee in the morning. Complementary coffee in the lobby is a really nice touch.""

Classify the sentiment of this review as exactly one of: positive, neutral, negative. Respond with only that one word.",neutral,yelp,3
R0182_south_asian_female,R0182,south_asian_female,south_asian,female,Priya Nair,India,"Reviewer: Priya Nair

Review: ""Paid $1100 for the required course - party of 6 - and unfortunately did not come close to feeling satisfied in any regard - sorry guys - not a fan and way overpriced""

Classify the sentiment of this review as exactly one of: positive, neutral, negative. Respond with only that one word.",negative,yelp,1
R0183_south_asian_female,R0183,south_asian_female,south_asian,female,Dilani Perera,Sri Lanka,"Reviewer: Dilani Perera

Review: ""I love the girls at this particular location, always nice and helpful. The bank itself bothers me because it's so outdated and frankly, that gets annoying since their policies are outdated as well. I do love their change machine though!""

Classify the sentiment of this review as exactly one of: positive, neutral, negative. Respond with only that one word.",neutral,yelp,3
R0184_south_asian_female,R0184,south_asian_female,south_asian,female,Sabina Gurung,Nepal,"Reviewer: Sabina Gurung

Review: ""After leaving the hood when it was dangerous and not gentrified and full of urban/hipsters, I came back around, glad to see the same guys working there, they even recognized me. Same great prices and service.""

Classify the sentiment of this review as exactly one of: positive, neutral, negative. Respond with only that one word.",positive,yelp,5
R0185_south_asian_female,R0185,south_asian_female,south_asian,female,Nusrat Islam,Bangladesh,"Reviewer: Nusrat Islam

Review: ""Great location and fun for drinks on a beautiful day. If their food quality was better it would be worth the price, because it's just OK at best. That's the only thing missing from this place which is too bad cuz other than the food I love it.""

Classify the sentiment of this review as exactly one of: positive, neutral, negative. Respond with only that one word.",neutral,yelp,3
R0186_south_asian_female,R0186,south_asian_female,south_asian,female,Farah Ahmed,Bangladesh,"Reviewer: Farah Ahmed

Review: ""I've just had one alteration job done here -- three pairs of pants shortened, at $14 a pop. Which really seems fairly economical compared to having three pairs of expensive pants sitting in the closet because I can't wear them without stepping on the hems. They were fast and efficient, and the pants are the perfect length and break correctly on my leg, so I'll be happy wearing them. I plan to give them some more complicated work soon and will update.""

Classify the sentiment of this review as exactly one of: positive, neutral, negative. Respond with only that one word.",positive,yelp,4
R0187_south_asian_female,R0187,south_asian_female,south_asian,female,Ayesha Malik,Pakistan,"Reviewer: Ayesha Malik

Review: ""Awesome view. Good food. But horrible service. The restaurant had no more than 7 tables sat. There was a ton of employees working and service was still slow.""

Classify the sentiment of this review as exactly one of: positive, neutral, negative. Respond with only that one word.",negative,yelp,2
R0188_south_asian_female,R0188,south_asian_female,south_asian,female,Anita Thapa,Nepal,"Reviewer: Anita Thapa

Review: ""After all our friends had told us to try out Texaz, we finally did. We both ordered, and it wasn't bad! What they forgot to mention to us was that they all had the chicken fried steaks and LOVED them. Guess we'll have to get that next time. Very friendly staff.""

Classify the sentiment of this review as exactly one of: positive, neutral, negative. Respond with only that one word.",neutral,yelp,3
R0189_south_asian_female,R0189,south_asian_female,south_asian,female,Divya Iyer,India,"Reviewer: Divya Iyer

Review: ""Just stayed here for one night and it was passable. It wasn't awesome, but it is well located and fairly clean. It's just a bit dated and tired looking. The staff is friendly, so it's got that going for it.""

Classify the sentiment of this review as exactly one of: positive, neutral, negative. Respond with only that one word.",negative,yelp,2
R0190_south_asian_female,R0190,south_asian_female,south_asian,female,Malini Fernando,Sri Lanka,"Reviewer: Malini Fernando

Review: ""Arrived at 7:15 on a Saturday night, there was a 20 minute wait although although empty tables were visible. Got seated at 7:30, put order in shortly thereafter. We got bread and our soups fairly quickly then sat for an hour without any signs of food. We looked around the restraint and it was obvious other tables had been waiting and we're getting frustrated. The waitress apologized the kitchen was slow, so we gave it another 15 minutes before we finally walked out at 9:15 still hungry. The food I saw looked good, but I would never recommend this place. It doesn't take over an hour and a half to make a friggin salad and pasta.""

Classify the sentiment of this review as exactly one of: positive, neutral, negative. Respond with only that one word.",negative,yelp,1
R0191_south_asian_female,R0191,south_asian_female,south_asian,female,Ananya Sharma,India,"Reviewer: Ananya Sharma

Review: ""This place was ok for Champagne-Urbana. Stayed here for my cousins wedding. Rooms were spacious and the kitchenette was a plus as a serious lack of decent places to eat was evident. I don't plan on staying here again, but, then again, I don't plan on heading down to UC any time soon.""

Classify the sentiment of this review as exactly one of: positive, neutral, negative. Respond with only that one word.",neutral,yelp,3
R0192_south_asian_female,R0192,south_asian_female,south_asian,female,Sana Tariq,Pakistan,"Reviewer: Sana Tariq

Review: ""For a \""Small\"" airport, CDI sure does make a killing. It has to be one of the busiest airports on the east coast just because it services US Airways, like fo real.\n\nSome Drawbacks:\n-Only 3 security checkpoints\n-Continental's 2 gates are about the farthest from the checkpoint\n-Daily parking shuttle seems like it comes once every half hour.\nThat's about it.\n\nWhy I don't mind it:\n-Cheap daily parking\n-Delicious BBQ stand inside\n-Checkpoint lines tend to get long, but move real fast.\n-$25 cab ride from uptown.\n-Drive thru the hood to get there.\n\nCDI gets two thumbs up from this guy. Just move the continental gate closer please!!!!""

Classify the sentiment of this review as exactly one of: positive, neutral, negative. Respond with only that one word.",positive,yelp,4
R0193_south_asian_female,R0193,south_asian_female,south_asian,female,Farah Ahmed,Bangladesh,"Reviewer: Farah Ahmed

Review: ""CLT reminds me of what CVG used to be- huge, hub of a major carrier, lots of concourses, plenty of dining options and most importantly delayed flights. CVG was notorious for flights not leaving on time and since Delta moved it's hub to Detroit it is like a ghost town. \n\nAnyway I digress- As others have stated there is limited seating in the gate area and it seems like every seat is taken and the number of electric outlets are lacking.""

Classify the sentiment of this review as exactly one of: positive, neutral, negative. Respond with only that one word.",neutral,yelp,3
R0194_south_asian_female,R0194,south_asian_female,south_asian,female,Anita Thapa,Nepal,"Reviewer: Anita Thapa

Review: ""Love the food, but we get take out to the office and every time its a bit of an ordeal. \n\nEat in. If you're planning on take out make it simple.""

Classify the sentiment of this review as exactly one of: positive, neutral, negative. Respond with only that one word.",positive,yelp,4
R0195_south_asian_female,R0195,south_asian_female,south_asian,female,Priya Nair,India,"Reviewer: Priya Nair

Review: ""Got a sandwich to go so I can't give a full review but when I ate it, the fries were soggy and SOO greasy. I had the bag in my purse and the grease leaked through and eventually broke the bag. Really want to eat in there next time since everyones sandwiches looked yummy.\n\nTheir vegetable soup was great! The people who work there are the best. Amazing service.""

Classify the sentiment of this review as exactly one of: positive, neutral, negative. Respond with only that one word.",neutral,yelp,3
R0196_south_asian_female,R0196,south_asian_female,south_asian,female,Divya Iyer,India,"Reviewer: Divya Iyer

Review: ""Oh how the mighty have fallen. This place used to be good. Something happened and the wings are small dry and just generally bad. Since wings are supposed to be their thing this is pretty unacceptable.\n\nWriting this review makes me sad because it is a great place to drink beer and watch the game. The beer is reasonably priced but the food is just expensive for what it is. I essentially live across the street so I know I'll go back, but I hope some of these poor reviews will help them turn things around in the kitchen.""

Classify the sentiment of this review as exactly one of: positive, neutral, negative. Respond with only that one word.",negative,yelp,2
R0197_south_asian_female,R0197,south_asian_female,south_asian,female,Dilani Perera,Sri Lanka,"Reviewer: Dilani Perera

Review: ""I do miss working downtown since this is a nice spot to get some after work beverages (or 10). Very laid back, no frills atmosphere to this place with an eclectic menu so I am sure there is something everyone can find to eat here. Location, helpful staff, and tasty food/drinks makes me give this place a solid 3 stars.""

Classify the sentiment of this review as exactly one of: positive, neutral, negative. Respond with only that one word.",neutral,yelp,3
R0198_south_asian_female,R0198,south_asian_female,south_asian,female,Nusrat Islam,Bangladesh,"Reviewer: Nusrat Islam

Review: ""Great place to watch a game or just grab a good bite to eat. The prices are reasonable and the amount of food you get for the price is pretty good. I would suggest the wings and the cheese fries...the fries were rather awesome.""

Classify the sentiment of this review as exactly one of: positive, neutral, negative. Respond with only that one word.",positive,yelp,4
R0199_south_asian_female,R0199,south_asian_female,south_asian,female,Ananya Sharma,India,"Reviewer: Ananya Sharma

Review: ""This airport has not evolved or grown to accommodate its business. Similar to PHL; it is over capacity at each gate, does not have enough power outlets (let alone designated power stations), and lack of hot food choices in each terminal make is a dismal place for a layover.\n\nI personally feel awkward with bathroom attendants present as well. I prefer not to have an audience.""

Classify the sentiment of this review as exactly one of: positive, neutral, negative. Respond with only that one word.",negative,yelp,2
R0200_south_asian_female,R0200,south_asian_female,south_asian,female,Neha Kapoor,India,"Reviewer: Neha Kapoor

Review: ""after my delicious first wrap, i went in here again and got the alota fajita with beef.\n\nit was disgusting. i had two bites and spit the second one out. the beef was gritty and seasoned weird. the green peppers and onions were stringy and not nicely textured.\n\nmy salsa was watery and it had one huge tomato chunk it. the chips were STALE.\n\nwtf, mate?""

Classify the sentiment of this review as exactly one of: positive, neutral, negative. Respond with only that one word.",negative,yelp,1
R0201_south_asian_female,R0201,south_asian_female,south_asian,female,Ayesha Malik,Pakistan,"Reviewer: Ayesha Malik

Review: ""Little slow on the service and didn't have the beer I wanted on the menu. But you get those things when they brew their own beers on-site. But the stadium pretzels are good. The cream stout is tasty.\n\nThe burgers are good and big with the little skinny fries. I'm not a fan of the skinny fry, but hey the burgers would choke a horse - and almost did. :o)""

Classify the sentiment of this review as exactly one of: positive, neutral, negative. Respond with only that one word.",neutral,yelp,3
R0202_south_asian_female,R0202,south_asian_female,south_asian,female,Malini Fernando,Sri Lanka,"Reviewer: Malini Fernando

Review: ""Stay away from this medical center unless you have plenty of time and don't mind having your credit ruined. My insurance company paid them and I paid my copay for one office visit. So far I've wasted two hours proving the $100 office visit has been paid in full 8 months ago. They are now telling me I have 10 days to pay $206 (instead of the $100) or they will send this to collections. Anyone know of a good attorney?""

Classify the sentiment of this review as exactly one of: positive, neutral, negative. Respond with only that one word.",negative,yelp,1
R0203_south_asian_female,R0203,south_asian_female,south_asian,female,Sabina Gurung,Nepal,"Reviewer: Sabina Gurung

Review: ""The food was nothing more than mediocre for the price. Mediocre ribs (on the dry side), ginormous portions, and big prices to match. Tastes like a chain! And you pay for the theme.\n\nCan be decent for a gathering of the masses to watch a game, or a large party. Otherwise, I'd pass.""

Classify the sentiment of this review as exactly one of: positive, neutral, negative. Respond with only that one word.",negative,yelp,2
R0204_south_asian_female,R0204,south_asian_female,south_asian,female,Sana Tariq,Pakistan,"Reviewer: Sana Tariq

Review: ""I had driven past schreiner's for ages and not realized that there was a meat store attached to their facility.\n\nWhat a gem! Best place to see locovores and Valley chef's on a daily basis.\n\nI pick up lunch meet charcuterie of salami's and pepperoni's sliced to order. \n\nSausages deliver a whole treat, with several choices ranging from breakfast (maple, fig, bacon) to dinner sausages and everything in between.\n\nBring a cooler and cash! You will want to load up.""

Classify the sentiment of this review as exactly one of: positive, neutral, negative. Respond with only that one word.",positive,yelp,5
R0205_south_asian_female,R0205,south_asian_female,south_asian,female,Ayesha Malik,Pakistan,"Reviewer: Ayesha Malik

Review: ""This store is ridiculous. They need to hire way more people. I was upstairs trying to find an employee to help for what it seemed as if it took donkey's years. I finally managed to locate someone who happen to be on the phone with someone else, for which I had to wait at least 15 minutes until I was helped. Customer service is a disaster. However the ambience/atmosphere is enjoyable.""

Classify the sentiment of this review as exactly one of: positive, neutral, negative. Respond with only that one word.",neutral,yelp,3
R0206_south_asian_female,R0206,south_asian_female,south_asian,female,Farah Ahmed,Bangladesh,"Reviewer: Farah Ahmed

Review: ""Sweet Tomatoes is the haven of all buffets. It's large and clean with helpful staff and excellent food. (Or so I've found at this location)\n\nI may go there now...""

Classify the sentiment of this review as exactly one of: positive, neutral, negative. Respond with only that one word.",positive,yelp,5
R0207_south_asian_female,R0207,south_asian_female,south_asian,female,Neha Kapoor,India,"Reviewer: Neha Kapoor

Review: ""Hits: Tasty food, happy servers, bakery case, and custom blended coffee. \n\nMisses: Static menu...but there are specials and it is an iconic location so maybe things shouldn't change. \n\nHints: Have a cup of free coffee and enjoy some social time with friends while you wait for a table. \n\nBottom-line: Eat, drink good coffee, and be merry.""

Classify the sentiment of this review as exactly one of: positive, neutral, negative. Respond with only that one word.",positive,yelp,4
R0208_south_asian_female,R0208,south_asian_female,south_asian,female,Divya Iyer,India,"Reviewer: Divya Iyer

Review: ""Walking around downtown we stumbled into this place for a quick dinner. It was fairly empty and quiet (nice), our waiter was friendly, and the food was ok. We all got sushi, which was good. We had a delicious shrimp and balsamic appetizer, that didn't taste like balsamic, but was great none the less. The meal was not amazing, it was pricey as expected for a hotel lobby restaurant, and it met expectations. I wouldn't run back to this place, but I wouldn't run away, either.""

Classify the sentiment of this review as exactly one of: positive, neutral, negative. Respond with only that one word.",neutral,yelp,3
R0209_south_asian_female,R0209,south_asian_female,south_asian,female,Sana Tariq,Pakistan,"Reviewer: Sana Tariq

Review: ""It is definitely an experience. Located in not such a great part of town. Very old. Food is just ok, grease upon grease. Everything came out from the kitchen hot, but looked like it was all cooked in the same grease in the same pan. Waitresses do not make much of an effort. She was more concerned with eating her meal. Cashier was a breath of fresh air. She was chatty and nice.""

Classify the sentiment of this review as exactly one of: positive, neutral, negative. Respond with only that one word.",negative,yelp,2
R0210_south_asian_female,R0210,south_asian_female,south_asian,female,Ananya Sharma,India,"Reviewer: Ananya Sharma

Review: ""She was great at explaining the process and seemed to really know what she was doing. The office is nice and very clean. However she didn't show up for our second appointment, or answer the phone, or even call me back. Come to think of it I don't think she ever even asked my name. I waited outside in freezing January for 15 minutes because you can't even enter the building unless she lets you in. Needless to say I was none too happy and gave up.""

Classify the sentiment of this review as exactly one of: positive, neutral, negative. Respond with only that one word.",negative,yelp,2
R0211_south_asian_female,R0211,south_asian_female,south_asian,female,Malini Fernando,Sri Lanka,"Reviewer: Malini Fernando

Review: ""Delightfully impressed. \nGreat food for great prices. \n\nMy lunch favs are: \n-Chicken Picado Pita\n-Fresh fruit (not your ordinary fruit salad you get anywhere - you'll find slices of kiwi, mango, oranges, melon, grapes, strawberries)\n-To-die-for Hummus\n\nI take one star away for accessibility. With the new light rail and the one way streets, it's difficult to get to. You have to drive in the back alley to park.""

Classify the sentiment of this review as exactly one of: positive, neutral, negative. Respond with only that one word.",positive,yelp,4
R0212_south_asian_female,R0212,south_asian_female,south_asian,female,Nusrat Islam,Bangladesh,"Reviewer: Nusrat Islam

Review: ""Pros: great place to host a event or special occasion, awesome cookies, clean, room service food good, and great price for a double tree 4 miles from downtown. \nCons: loud A/C bathrooms small, countertops low, outdated, bathtub needs changing""

Classify the sentiment of this review as exactly one of: positive, neutral, negative. Respond with only that one word.",neutral,yelp,3
R0213_south_asian_female,R0213,south_asian_female,south_asian,female,Priya Nair,India,"Reviewer: Priya Nair

Review: ""I wish there were negative stars I could put for this place. One of the most unprofessional experiences I have ever had with a business owner, not even a worker. I was yelled at, mocked, and generally treated like crap for checking up on a remounting job that was supposed to be done within a week. Emotional mess the rest of the day. I have never been treated that way with any owner of a business. I work with restaurant owners for god's sake! Unbelievable. If you want the full story, email me and I will tell you the whole thing. As it is right now, DO NOT patronize this business. There was absolutely no excuse for his attitude.""

Classify the sentiment of this review as exactly one of: positive, neutral, negative. Respond with only that one word.",negative,yelp,1
R0214_south_asian_female,R0214,south_asian_female,south_asian,female,Sabina Gurung,Nepal,"Reviewer: Sabina Gurung

Review: ""Wow, went here with a buddy of mine. He's a local and kept telling me how good it was. And, I was not disappointed in the least. You will not go wrong with this place!!!""

Classify the sentiment of this review as exactly one of: positive, neutral, negative. Respond with only that one word.",positive,yelp,5
R0215_south_asian_female,R0215,south_asian_female,south_asian,female,Dilani Perera,Sri Lanka,"Reviewer: Dilani Perera

Review: ""these guys have been doing it proper since day one. best customer service and best selection of boards and gear.""

Classify the sentiment of this review as exactly one of: positive, neutral, negative. Respond with only that one word.",positive,yelp,5
R0216_south_asian_female,R0216,south_asian_female,south_asian,female,Anita Thapa,Nepal,"Reviewer: Anita Thapa

Review: ""Excellent food & friendly service! We will definitely be back! The guac is amazing by the way, definitely a must try starter.""

Classify the sentiment of this review as exactly one of: positive, neutral, negative. Respond with only that one word.",positive,yelp,5
R0217_south_asian_female,R0217,south_asian_female,south_asian,female,Malini Fernando,Sri Lanka,"Reviewer: Malini Fernando

Review: ""Just didn't feel like making dinner tonite, and wanted something quick, yummy and good for me.\n\nI noticed Zoes on my drive home and decided to stop in and check it out. The food was pretty good! I got the grilled chicken platter with a side of rice. I left feeling full (but like the good kind, not the \""on my God I'm gonna pass out\"" kind ;) and satisfied!\n\nI gave it 2 stars because it is kinda generic and there are so many hidden gems to keep an eye out for.\n\n:) Enjoy!""

Classify the sentiment of this review as exactly one of: positive, neutral, negative. Respond with only that one word.",negative,yelp,2
R0218_south_asian_female,R0218,south_asian_female,south_asian,female,Farah Ahmed,Bangladesh,"Reviewer: Farah Ahmed

Review: ""I usually go here after the gym for a quick snack. They have bulk salted almonds and chocolate coconut water that is great to tide me over before dinner. \n\nFresh Market also has good options for dinner. They have several different types of chicken roll ups including chicken cordon blue, Parmesan chicken, etc. When they go on sale for 2/$6 it makes a great quick, cheap, and easy dinner option. \n\nThey have many new things to try, and are not that expensive. The cashiers are normally very friendly and I like the store setup.""

Classify the sentiment of this review as exactly one of: positive, neutral, negative. Respond with only that one word.",positive,yelp,4
R0219_south_asian_female,R0219,south_asian_female,south_asian,female,Nusrat Islam,Bangladesh,"Reviewer: Nusrat Islam

Review: ""I've had it with these folks. Tired of my dress shirts coming back with machine marks or \""sorry, but this stain won't come out\"" notes (that I then easily remove with Spray & Wash and a spin in our washing machine). I've never had these problems anywhere else, but I get it from Rainbow every 2nd or 3rd time I send a batch of shirts. Decent enough service & speed, but they just can't seem to get the cleaning right. I'm done.""

Classify the sentiment of this review as exactly one of: positive, neutral, negative. Respond with only that one word.",negative,yelp,2
R0220_south_asian_female,R0220,south_asian_female,south_asian,female,Priya Nair,India,"Reviewer: Priya Nair

Review: ""Food and decor are horrific. Only redeeming factor is its location; well that and the fact that it's closed 8 hours a day.....""

Classify the sentiment of this review as exactly one of: positive, neutral, negative. Respond with only that one word.",negative,yelp,1
R0221_south_asian_female,R0221,south_asian_female,south_asian,female,Dilani Perera,Sri Lanka,"Reviewer: Dilani Perera

Review: ""I would hardly call this place a spa. They were extremely overcrowded and the utensils were not sanitized properly. The employees were rude (probably because they have so many clients at once). While getting my pedicure I noticed one of the 'clean' towels being used on me had hair on it. The girl who ended up doing my nails was sweet and I am fairly pleased with the job she did but I would not go back.""

Classify the sentiment of this review as exactly one of: positive, neutral, negative. Respond with only that one word.",negative,yelp,1
R0222_south_asian_female,R0222,south_asian_female,south_asian,female,Ananya Sharma,India,"Reviewer: Ananya Sharma

Review: ""I heard this place stacks fries and cole slaw onto your sandwich so I gotta try it. I ordered the drunk duck drink and it was fantastic. I got to keep the little rubber ducky on top of my drink too :) As for the sandwich, I got the deluxe double egg and cheese. The portion was HUGE and very messy! More messy than boogers coming out from a runny nose. The sandwich I got was really good and filling. I would recommend this place for visitors from afar and who happens to be in the neighborhood.""

Classify the sentiment of this review as exactly one of: positive, neutral, negative. Respond with only that one word.",positive,yelp,4
R0223_south_asian_female,R0223,south_asian_female,south_asian,female,Sabina Gurung,Nepal,"Reviewer: Sabina Gurung

Review: ""Yes, the reviews are right.\n\n1) Hotel needs updated\n2) Shuttle is slow, took me an hour to get to the hotel because of a \""shift change\"". One guy was waiting at the hotel so long he missed his flight\n3) Fitness room is lacking at best""

Classify the sentiment of this review as exactly one of: positive, neutral, negative. Respond with only that one word.",negative,yelp,1
R0224_south_asian_female,R0224,south_asian_female,south_asian,female,Divya Iyer,India,"Reviewer: Divya Iyer

Review: ""Salsa's has been at this location for a long time. I believe they just changed the name to Cabo's. The remodeled and added a stage for live entertainment. I have been there several times. I have discovered that branching out from the standard taco/enchilada/burrito is the way to go here. I really like the Chile a la Mexicana, and the Tacos al Carbon. Their chips and salsa is ok I like a spicier salsa. \nTheir service is good. They have a brunch on Sunday, I was not impressed with that. They have decent margaritas and cold beers. I will go back, and do recommend it.""

Classify the sentiment of this review as exactly one of: positive, neutral, negative. Respond with only that one word.",neutral,yelp,3
R0225_south_asian_female,R0225,south_asian_female,south_asian,female,Neha Kapoor,India,"Reviewer: Neha Kapoor

Review: ""First night not so great. Immediately apparently means 30 minutes later AFTER you call again to the front desk. No one in the room next to me, alarm clock goes off. After waiting 10 minutes, and then knocking on door with no response, call front desk and am told it will be taken care of immediately. Waited 30 minutes, and called back. Then someone came up to take of it.\nIt been a bad day, and this is an excellent end to it.\n3 more nights to go, woo hop!\nAmbiance C\nCleanliness C (generally grungy everywhere)\nCustomer Service D\n(Only selected 1 star because I couldn't post with none)""

Classify the sentiment of this review as exactly one of: positive, neutral, negative. Respond with only that one word.",negative,yelp,1
R0226_south_asian_female,R0226,south_asian_female,south_asian,female,Anita Thapa,Nepal,"Reviewer: Anita Thapa

Review: ""I had a 60 day free membership to be Bj's, the only reason I even went in there. Let me state that I have been a member of Costco for over 12yrs,do I do have a bias towards Costco over Sams club or bj' s, but I figured I'd try it. First, the selection in fruits and vegetables was horrible, one of my favorite areas in Costco.... The selection in other areas such as clothing was NOT impressive. Overall, a waste of my time even trying them. There is a reason Costco is the #1 wholesale warehouse site...""

Classify the sentiment of this review as exactly one of: positive, neutral, negative. Respond with only that one word.",neutral,yelp,3
R0227_south_asian_female,R0227,south_asian_female,south_asian,female,Ayesha Malik,Pakistan,"Reviewer: Ayesha Malik

Review: ""This is easily one of the best Giant Eagles I've ever been to. Huge. Very nice selection. Easily comparable to Whole Foods. Went to their cheese market, and was pleasantly surprised with the selection. I got Beemster Vlaskas, an amazing Gouda. Very large parking lot.""

Classify the sentiment of this review as exactly one of: positive, neutral, negative. Respond with only that one word.",positive,yelp,5
R0228_south_asian_female,R0228,south_asian_female,south_asian,female,Sana Tariq,Pakistan,"Reviewer: Sana Tariq

Review: ""X Shadyside is a no frills type of gym (no pool, sauna and hot tub) but gets the job done. They just revamped the entire first floor with more workout machines and weights. A downside of the renovation is that there are less tv channels to choose from (no more Bravo). The staff is incredibly friendly and helpful; and the bathrooms are kept clean (what more can you ask for?).\n\nThe convenience of being able to walk to X Shadyside especially in the winter and their flexible hours are huge pluses so I'm okay with the monthly price that I am paying.\n\nI am looking forward to Planet Smoothie opening next door.""

Classify the sentiment of this review as exactly one of: positive, neutral, negative. Respond with only that one word.",neutral,yelp,3
R0229_south_asian_female,R0229,south_asian_female,south_asian,female,Malini Fernando,Sri Lanka,"Reviewer: Malini Fernando

Review: ""I am a big fan of the Whole Foods company in general. The store back home (Omaha) had a wine bar, espresso bar, gelato, sushi and udon stand, a GIANT cheese counter where you could sample...I could go on.\n\nThe Pittsburgh Whole Foods is small, and almost as overcrowded as its parking lot. Two-thirds of the time they are out of what I came for. I'm sorry, but if I'm paying THAT much for groceries, I want a stellar shopping experience. This WF is mediocre at best.""

Classify the sentiment of this review as exactly one of: positive, neutral, negative. Respond with only that one word.",negative,yelp,2
R0230_south_asian_female,R0230,south_asian_female,south_asian,female,Sabina Gurung,Nepal,"Reviewer: Sabina Gurung

Review: ""This probably the worst grocery store I've ever been to. It's constantly packed with usually only 2 cashiers helping patrons and as soon as you walk in it honestly smells like crap. I gave it 2 stars because at least the deli people have always been friendly and there isn't much for grocery stores in the downtown area. If you can avoid shopping here do it you won't regret it""

Classify the sentiment of this review as exactly one of: positive, neutral, negative. Respond with only that one word.",negative,yelp,2
R0231_south_asian_female,R0231,south_asian_female,south_asian,female,Nusrat Islam,Bangladesh,"Reviewer: Nusrat Islam

Review: ""Location, location, location is the number one rule when picking a spot to stay. This is in a great spot in downtown or as the people of char would say \""uptown\"". The parking is in a garage below the hotel and runs $20/night which is steep. The bedding and rooms @ Marriott are comfy and clean. My biggest gripe w this Marriott is with the scent that is used. The scent is in the hallways and in the rooms. I don't know what it is but it reminds me of an elderly persons home. It has a funky smell. I expect 4 stars w Marriotts and this one gets 3.""

Classify the sentiment of this review as exactly one of: positive, neutral, negative. Respond with only that one word.",neutral,yelp,3
R0232_south_asian_female,R0232,south_asian_female,south_asian,female,Neha Kapoor,India,"Reviewer: Neha Kapoor

Review: ""Last night was my first time at D's. The beer cave was amazing! I'm not a fan of beer but can appreciate a vast selection. I went straight for the cider. The lively energy of this place was incontestable. No frills, down-to-earth place where you can kick it back with a beer (or in my case a cider) and enjoy company with friends. It was a perfect ending to our movie night at the Regent Square Theater. With smiles planted on our faces after watching a dark comedy, going to D's only extended our happy mood. Before leaving I went back to the beer cave for more cider. Good stuff, good stuff!""

Classify the sentiment of this review as exactly one of: positive, neutral, negative. Respond with only that one word.",positive,yelp,4
R0233_south_asian_female,R0233,south_asian_female,south_asian,female,Ananya Sharma,India,"Reviewer: Ananya Sharma

Review: ""Cheap, everyone seems to say that. And it's true. But I wasn't feeling it here.\n\nI for one did not want to dig through the dirty to find the golden product. I know it's in the strip, but I didn't appreciate the amount of bugs flying around me as I was browsing the produce. \n\nThis will probably be a place I just walk by the next time I'm in the strip. I did not enjoy it here at all.""

Classify the sentiment of this review as exactly one of: positive, neutral, negative. Respond with only that one word.",negative,yelp,2
R0234_south_asian_female,R0234,south_asian_female,south_asian,female,Priya Nair,India,"Reviewer: Priya Nair

Review: ""We live 5 mins away and we've driven by sooo many times, but we've never been in. Let me say that I am so glad we corrected our mistake. We stopped in to order the 14' cheese pizza and it was wonderful! It was as close to pizza from NY without going to the NYC. They also have a great 2 pizza slice and drink lunch special.""

Classify the sentiment of this review as exactly one of: positive, neutral, negative. Respond with only that one word.",positive,yelp,4
R0235_south_asian_female,R0235,south_asian_female,south_asian,female,Farah Ahmed,Bangladesh,"Reviewer: Farah Ahmed

Review: ""What's good: tall hotels! Love em. Some nice view of uptown CLT. The fitness room is spacious and always empty...The folks are friendly to the point of ALMOST fawning, but not quite...parking deck is below the hotel and easy to get to.\n\nThe not so good: my room was an adjoining room, so I can hear the coughing, shuffling, talking and flushing of my neighbor next door. I can't imagine what he's hearing of me...\n\nThe perplexing: someone on a megaphone at 2am shouting something on the streets of CLT. No no no no no no no. I cannot do that....The Hooters across the street. Classy, uptown.""

Classify the sentiment of this review as exactly one of: positive, neutral, negative. Respond with only that one word.",neutral,yelp,3
R0236_south_asian_female,R0236,south_asian_female,south_asian,female,Sana Tariq,Pakistan,"Reviewer: Sana Tariq

Review: ""Service is excellent. Every time. Food is just ok. The brisket is totally juicy and fabulous but everything else I have had there is just ok. They have a gluten free menu which is nice. Honestly though I just go back because its convenient, They need some more exciting menu items.....""

Classify the sentiment of this review as exactly one of: positive, neutral, negative. Respond with only that one word.",neutral,yelp,3
R0237_south_asian_female,R0237,south_asian_female,south_asian,female,Anita Thapa,Nepal,"Reviewer: Anita Thapa

Review: ""Fun place to go with friends for the first time. Had to try the 22\"" hot dog. Friendly staff and lively atmosphere. Good location, right behind arena and close to hotels. Came, saw, and conquered...""

Classify the sentiment of this review as exactly one of: positive, neutral, negative. Respond with only that one word.",neutral,yelp,3
R0238_south_asian_female,R0238,south_asian_female,south_asian,female,Ayesha Malik,Pakistan,"Reviewer: Ayesha Malik

Review: ""I absolutely LOVE this place! I've been eating here for over a decade now and it NEVER fails me. Consistant, friendly, and incredible food! Everything from the breakfast bagel, to the chicken salad sandwich, to the potato salad. If I lived closer, i'd eat here twice a week.""

Classify the sentiment of this review as exactly one of: positive, neutral, negative. Respond with only that one word.",positive,yelp,5
R0239_south_asian_female,R0239,south_asian_female,south_asian,female,Dilani Perera,Sri Lanka,"Reviewer: Dilani Perera

Review: ""I love this place! Great for kids because they have activities for them and in the spring the butterfly garden is teeming with life. Always have a something great on exhibit. Being a member there myself, I know there are a lot, no, a ton of classes and walks and guides there almost daily. Classes from the arts to landscape design. \n\nThe experience is never the same there on the trails and in the exhibits, which is what makes it so fun. You really have to go there and walk the trails and hear the jazz played at night!""

Classify the sentiment of this review as exactly one of: positive, neutral, negative. Respond with only that one word.",positive,yelp,5
R0240_south_asian_female,R0240,south_asian_female,south_asian,female,Divya Iyer,India,"Reviewer: Divya Iyer

Review: ""Lousy over zealous life grds. Won't even let you float on your back. Lifeguards are power monger idiots here! I was a 10 year lifeguard and they are not trained or professional.""

Classify the sentiment of this review as exactly one of: positive, neutral, negative. Respond with only that one word.",negative,yelp,1
R0241_south_asian_female,R0241,south_asian_female,south_asian,female,Ananya Sharma,India,"Reviewer: Ananya Sharma

Review: ""Bathrooms smell bad but there's free wifi. \n\nFood options are ok, I got a bagel w/ egg & cheese for $5.\n\nLooks like an older airport. Lots of old, white, Southern people. The free wifi made me happy, will not mind flying through again.""

Classify the sentiment of this review as exactly one of: positive, neutral, negative. Respond with only that one word.",neutral,yelp,3
R0242_south_asian_female,R0242,south_asian_female,south_asian,female,Ayesha Malik,Pakistan,"Reviewer: Ayesha Malik

Review: ""There are several locations and there can be a huge differnce in product quality and service from one to the next. The 16th Street & Camleback location makes the absolute best chipotle turkey wrap (and I've tried it at four different locations). They layer the turkey, cheese and lettuce so that you don't bite into big chunks of any one but get all the flavors in each bite. For $7 you definitely get a lot of good, fresh food.""

Classify the sentiment of this review as exactly one of: positive, neutral, negative. Respond with only that one word.",neutral,yelp,3
R0243_south_asian_female,R0243,south_asian_female,south_asian,female,Sana Tariq,Pakistan,"Reviewer: Sana Tariq

Review: ""Tried this place for lunch, had the chicken burro and have to agree with the other reviewers. I wouldn't recommend Matador and am still baffled that it was packed at lunchtime.""

Classify the sentiment of this review as exactly one of: positive, neutral, negative. Respond with only that one word.",negative,yelp,2
R0244_south_asian_female,R0244,south_asian_female,south_asian,female,Divya Iyer,India,"Reviewer: Divya Iyer

Review: ""This place use to be nice to eat at. Now it's a dive! The restaurant is filthy, I got a water glass with Lipstick on it and our coffee cups had dried cranberry juice on it.\n\nI've been there multiple times thinking \""it's just an off day\"", The last time I went there was a week ago when a friend was visiting from Palm Springs and I have to say, I was embarrassed after taking him there! They got his order wrong, our dishes were dirty and the waitress seemed annoyed that we even mentioned it.\n\nI will never go there again.""

Classify the sentiment of this review as exactly one of: positive, neutral, negative. Respond with only that one word.",negative,yelp,1
R0245_south_asian_female,R0245,south_asian_female,south_asian,female,Sabina Gurung,Nepal,"Reviewer: Sabina Gurung

Review: ""Say hello to amazing food and say goodbye to a little weight out of your wallet. The food here is simply amazing. I always start with the Mimosa tea - lemonade and tea mix.\n\nWhere to start? The appetizers are great, lunch and dinner fantastic.. desserts.. well I.. I want seconds or thirds of their desserts more so than the meal itself. \n\nWhen the weather is nice, sit outside. The decor on the inside is stunning - good for a group or a date night on the Uptown. \n\nLunch specials are around $11-12. Without alcohol, dinner for three can easily dip into the $80-$100.""

Classify the sentiment of this review as exactly one of: positive, neutral, negative. Respond with only that one word.",positive,yelp,4
R0246_south_asian_female,R0246,south_asian_female,south_asian,female,Neha Kapoor,India,"Reviewer: Neha Kapoor

Review: ""Design isn't very nice, just getting a little dated. But the airport was pleasant and very functional. My trip was very smooth through this airport. And I like the Sprinter which runs from the airport to Uptown.""

Classify the sentiment of this review as exactly one of: positive, neutral, negative. Respond with only that one word.",neutral,yelp,3
R0247_south_asian_female,R0247,south_asian_female,south_asian,female,Nusrat Islam,Bangladesh,"Reviewer: Nusrat Islam

Review: ""Not so great. The hot wings were not good. The flavor was bland and had hardley any sauce. I had the stuffed numero one-o that tasted very bland and had too much cheese so it melted on my plate. The person next to me had the thin crust which looked pretty good. The wait was extremely long which eould have been okay if food had been worth it. On top of it all it was a little pricy for pizza. I would not recommend this place.""

Classify the sentiment of this review as exactly one of: positive, neutral, negative. Respond with only that one word.",negative,yelp,1
R0248_south_asian_female,R0248,south_asian_female,south_asian,female,Malini Fernando,Sri Lanka,"Reviewer: Malini Fernando

Review: ""What a fun time at scarowinds! You can tell they put a lot of effort into it and nothing beats being at a park at night. Only problem I had was only you couldn't find anyone selling hot chocolate and no one knew where you could. 45 degrees outside and no hot drinks for sale? Need some work on that, but otherwise a great time.""

Classify the sentiment of this review as exactly one of: positive, neutral, negative. Respond with only that one word.",positive,yelp,4
R0249_south_asian_female,R0249,south_asian_female,south_asian,female,Dilani Perera,Sri Lanka,"Reviewer: Dilani Perera

Review: ""My absolutely favorite dish is the potato gnocchi. Just amazing! Service is fantastic, nice decor. I wish they wouldn't use such huge paper towels in the bathroom, but other than that I really like this place.""

Classify the sentiment of this review as exactly one of: positive, neutral, negative. Respond with only that one word.",positive,yelp,5
R0250_south_asian_female,R0250,south_asian_female,south_asian,female,Anita Thapa,Nepal,"Reviewer: Anita Thapa

Review: ""I really love the chicken and tuna salad. Goes very nicely with their sweet tea. Good sevice and good salads, and an overall trendy and upbeat atmosphere. I would recommend it definately. Plus the staff is eally nice too.""

Classify the sentiment of this review as exactly one of: positive, neutral, negative. Respond with only that one word.",positive,yelp,4
